tree
version=v4
num_class=1
num_tree_per_iteration=1
label_index=0
max_feature_idx=17
objective=binary sigmoid:1
feature_names=Pregnancies Glucose BloodPressure SkinThickness Insulin BMI DiabetesPedigreeFunction Age NewBMI_Obesity_1 NewBMI_Obesity_2 NewBMI_Obesity_3 NewBMI_Overweight NewBMI_Underweight NewInsulinScore_Normal NewGlucose_Low NewGlucose_Normal NewGlucose_Overweight NewGlucose_Secret
feature_infos=[-0.59999999999999998:2.7999999999999998] [-1.5:2.0499999999999998] [-2.625:2.625] [-3:4.5714285714285712] [-1.3059701492537314:2.5] [-1.5333333333333334:2.8111111111111109] [-0.76091205211726387:5.1048859934853423] [-0.47058823529411764:2.5294117647058822] [0:1] [0:1] [0:1] [0:1] none [0:1] none [0:1] [0:1] [0:1]
tree_sizes=1081 1087 1087 1087 1082 1091 1087 1089 1191 1083 1190 1192 1089 1302 1089 1304 1089 1300 1084 1304 1089 1305 1085 1306 1084 1202 1091 1304 1303 1091 1301 1091 1310 1093 1301 1092 1308 1092 1304 1091 1198 1204 1091 1094 1095 1307 1093 1201 1094 1307 1308 985 1303 990 1201 1199 1199 1198 1200 1192 1200 1198 1200 1194 1198 1203 1192 1206 1207 1206 1201 1197 1208 1202 1203 1205 1204 1197 1210 1309 1308 1199 1312 1207 1205 1209 1306 1210 1307 1204 1206 1309 1304 1202 1199 1312 1210 1204 1313 1310 1205 1308 1312 1100 1313 1316 1310 1098 1208 1092 1210 1201 1320 1096 1208 1107 1100 1207 1314 1094 1099 1205 1320 1102 1206 1208 1210 1316 1104 1103 1107 1107 1211 1212 1316 1210 1211 1318 980 982 979 1213 983 1105 1103 1106 1206 1104 1210 1106 1217 1211 1210 1318 1205 1205 1097 1102 1209 1210 1213 1210 1216 1312 1207 1209 1212 1317 1209 1210 1212 1215 1213 1318 1099 1100 1099 1208 1316 1103 1104 1097 1100 1098 1202 1320 1099 1100 1211 1102 1214 1323 1101 1101 1103 1213 1319 1101 1212 1211 1105 1213 1212 1314 1214 1313 1104 1108 1317 1109 1422 1109 1103 1421 1103 1101 1106 1314 1102 1107 1422 1104 1109 1110 1107 1415 1104 1104 1204 1106 1107 1111 1108 1418 1112 1419 1113 1116 1109 1109 1099 1310 1098 1094 1001 1003 999 1106 1000 1000 1006 1001 1004 1301 1003 1003 1108 997 1002 1103 1001 1003 1204 1111 1001 1001 1204 1110 1318 999 1203 1004 999 1003 1102 1200 1321 1004 1000 998 1312 1204 1007 1311 1005 1002 1314 1200 1103 1002 1313 1004 1206 1005 1314 1007 1206 1003 1312 1001 1208 1005 1428 1006 1209 1003 1427 1101 1003 1424 1003 1203 1100 1533 1006 1008 1528 1009 995 1002 1111 1534 1001 1106 1096 1100 1533 1003 1094 1531 1003 1109 1094 1102 1532 1001 1109 997 1534 1106 1101 1529 1202 998 1109 1429 1101 1528 1097 1097 1533 1105 1093 1539 999 1111 1321 998 1323 1102 1323 1000 1325 1001 1329 1097 1323 1003 1324 1211 1103 998 1100 1327 1003 1101 1214 998 1214 1215 1004 1223 1325 1002 1104 1106 1002 1307 1097 1215 893 1204 1003 1200 1211 1000 1199 1005 1206 1003 1204 1000 1206 1107 1201 1223 995 1208 999 995 1006 1209 1208 1421 1207 1103 1420 1207 1111 996 1423 1204 1113 1000 1422 1424 1204 898 1215 1206

Tree=0
num_leaves=9
num_cat=0
split_feature=4 7 3 6 4 1 3 4
split_gain=305.749 32.4729 24.7085 7.42116 3.56122 2.77836 1.50289 0.447509
threshold=0.12686567164179108 -1.0000000180025095e-35 0.50000000000000011 0.97328990228013046 1.2910447761194033 0.43750000000000006 0.50000000000000011 -0.71641791044776115
decision_type=2 2 2 2 2 2 2 2
left_child=3 2 -2 5 6 7 -3 -1
right_child=1 4 -4 -5 -6 -7 -8 -9
leaf_value=-0.016076562843495845 -0.0089208151974385606 0.014659274533581085 0.010261196693720777 -0.0079183531653182395 0.011773104335463816 -0.01217764913117112 0.018934113353829444 -0.019583995941260573
leaf_weight=7.7891362011432639 10.53342914581299 14.576214700937269 18.144341081380844 8.4529314041137678 14.998133808374403 7.5581718683242789 30.440010249614716 39.507633566856384
leaf_count=39 48 45 61 38 49 36 86 206
internal_value=1.90106e-08 0.0119773 0.00320907 -0.0167722 0.0161549 -0.0181197 0.0175855 -0.0190415
internal_weight=152 88.6921 28.6778 63.3079 60.0144 54.8549 45.0162 47.2968
internal_count=608 289 109 319 180 281 131 245
is_linear=0
shrinkage=1


Tree=1
num_leaves=9
num_cat=0
split_feature=4 7 3 6 4 1 3 4
split_gain=299.714 31.834 24.2209 7.2752 3.49132 2.72324 1.47324 0.438135
threshold=0.12686567164179108 -1.0000000180025095e-35 0.50000000000000011 0.97328990228013046 1.2910447761194033 0.43750000000000006 0.50000000000000011 -0.71641791044776115
decision_type=2 2 2 2 2 2 2 2
left_child=3 2 -2 5 6 7 -3 -1
right_child=1 4 -4 -5 -6 -7 -8 -9
leaf_value=-0.015918873392196706 -0.0088326390356739028 0.014514438259064353 0.010159395174170027 -0.0078402357339746927 0.011656536386757635 -0.012057923930938222 0.018747052935600941 -0.019390530563432203
leaf_weight=7.7886328995227805 10.53321945667267 14.575432091951368 18.143863186240196 8.4527989178895933 14.99761390686035 7.5578917264938346 30.437282979488373 39.503844603896141
leaf_count=39 48 45 61 38 49 36 86 206
internal_value=-5.99473e-08 0.0118587 0.00317708 -0.0166066 0.0159952 -0.0179408 0.0174117 -0.0188536
internal_weight=151.991 88.6874 28.6771 63.3032 60.0103 54.8504 45.0127 47.2925
internal_count=608 289 109 319 180 281 131 245
is_linear=0
shrinkage=0.01


Tree=2
num_leaves=9
num_cat=0
split_feature=4 7 1 6 4 1 3 6
split_gain=293.904 29.6501 13.0117 7.90127 3.98864 3.33812 1.49773 0.38493
threshold=0.2537313432835821 -1.0000000180025095e-35 0.26250000000000007 0.97328990228013046 1.2910447761194033 0.18750000000000003 0.50000000000000011 0.41172638436482101
decision_type=2 2 2 2 2 2 2 2
left_child=3 2 -2 5 6 7 -3 -1
right_child=1 4 -4 -5 -6 -7 -8 -9
leaf_value=-0.019184701881032912 -0.0050620888457571919 0.014704466544059601 0.0089978536854473743 -0.0072153520599640966 0.011541923823799845 -0.012452341213378307 0.019051417642375026 -0.015891077107468666
leaf_weight=36.248651549220085 10.663373857736589 14.020372271537779 16.886039435863495 9.195956736803053 14.996076196432112 12.098435193300245 29.685656100511551 8.1681302934885007
leaf_count=189 46 43 58 41 49 58 83 41
internal_value=-1.19672e-07 0.0121328 0.00355714 -0.0159198 0.0161445 -0.0173209 0.0176937 -0.0186161
internal_weight=151.963 86.2515 27.5494 65.7112 58.7021 56.5152 43.706 44.4168
internal_count=608 279 104 329 175 288 126 230
is_linear=0
shrinkage=0.01


Tree=3
num_leaves=9
num_cat=0
split_feature=4 7 3 6 4 1 3 4
split_gain=288.258 30.6106 23.6415 6.99989 3.36591 2.63046 1.41385 0.43748
threshold=0.12686567164179108 -1.0000000180025095e-35 0.50000000000000011 0.97328990228013046 1.2910447761194033 0.43750000000000006 0.50000000000000011 -0.71641791044776115
decision_type=2 2 2 2 2 2 2 2
left_child=3 2 -2 5 6 7 -3 -1
right_child=1 4 -4 -5 -6 -7 -8 -9
leaf_value=-0.015589068222557817 -0.008747079935461961 0.014241213482453646 0.010017269270452531 -0.0076923320572006683 0.011429192254268233 -0.011819544371491278 0.01838965666130761 -0.019031177670737066
leaf_weight=7.7841912955045691 10.532399266958238 14.569437116384504 18.141376048326492 8.4518160670995695 14.993549257516859 7.5556292533874503 30.415955543518066 39.475532650947571
leaf_count=39 48 45 61 38 49 36 86 206
internal_value=-1.55975e-07 0.0116314 0.00311834 -0.0162915 0.0156893 -0.0176009 0.0170807 -0.0184983
internal_weight=151.92 88.6527 28.6738 63.2672 59.9789 54.8154 44.9854 47.2597
internal_count=608 289 109 319 180 281 131 245
is_linear=0
shrinkage=0.01


Tree=4
num_leaves=9
num_cat=0
split_feature=4 7 1 6 4 1 3 6
split_gain=282.677 28.5512 12.709 7.58658 3.85012 3.23001 1.446 0.384876
threshold=0.2537313432835821 -1.0000000180025095e-35 0.26250000000000007 0.97328990228013046 1.2910447761194033 0.18750000000000003 0.50000000000000011 0.41172638436482101
decision_type=2 2 2 2 2 2 2 2
left_child=3 2 -2 5 6 7 -3 -1
right_child=1 4 -4 -5 -6 -7 -8 -9
leaf_value=-0.018833098893687721 -0.0050321669172837561 0.01442618541710035 0.0088641370177514906 -0.0070900023369756641 0.011318284090058514 -0.012204991408190799 0.018698099118085371 -0.01556697687515172
leaf_weight=36.21071557700634 10.662251099944116 14.011519521474836 16.882624924182892 9.1943151056766492 14.990063875913618 12.091737627983091 29.654339790344238 8.1604394763708097
leaf_count=189 46 43 58 41 49 58 83 41
internal_value=-2.14826e-07 0.0119014 0.00348632 -0.01562 0.0158404 -0.0169941 0.0173634 -0.0182688
internal_weight=151.858 86.2008 27.5449 65.6572 58.6559 56.4629 43.6659 44.3712
internal_count=608 279 104 329 175 288 126 230
is_linear=0
shrinkage=0.01


Tree=5
num_leaves=9
num_cat=0
split_feature=4 7 3 6 4 1 3 4
split_gain=277.372 29.4623 23.0788 6.74752 3.25215 2.54693 1.36098 0.437503
threshold=0.12686567164179108 -1.0000000180025095e-35 0.50000000000000011 0.97328990228013046 1.2910447761194033 0.43750000000000006 0.50000000000000011 -0.71641791044776115
decision_type=2 2 2 2 2 2 2 2
left_child=3 2 -2 5 6 7 -3 -1
right_child=1 4 -4 -5 -6 -7 -8 -9
leaf_value=-0.015274280291519537 -0.0086628822671585091 0.013978637019182037 0.0098785285624378005 -0.0075479257957935999 0.011209145161428567 -0.011589189268758956 0.018051070252937014 -0.01869110240973719
leaf_weight=7.7753910869359961 10.530780524015428 14.557747289538382 18.136688619852066 8.4499195218086225 14.985649615526198 7.5512111186981192 30.374434351921082 39.420884981751442
leaf_count=39 48 45 61 38 49 36 86 206
internal_value=-2.51255e-07 0.0114128 0.00306104 -0.0159909 0.0153969 -0.0172779 0.0167656 -0.0181617
internal_weight=151.783 88.5853 28.6675 63.1974 59.9178 54.7475 44.9322 47.1963
internal_count=608 289 109 319 180 281 131 245
is_linear=0
shrinkage=0.01


Tree=6
num_leaves=9
num_cat=0
split_feature=4 7 3 6 4 1 3 4
split_gain=272.06 28.9161 22.6272 6.6301 3.19703 2.50422 1.33922 0.430241
threshold=0.12686567164179108 -1.0000000180025095e-35 0.50000000000000011 0.97328990228013046 1.2910447761194033 0.43750000000000006 0.50000000000000011 -0.71641791044776115
decision_type=2 2 2 2 2 2 2 2
left_child=3 2 -2 5 6 7 -3 -1
right_child=1 4 -4 -5 -6 -7 -8 -9
leaf_value=-0.015133975280710634 -0.0085781995763175752 0.013847267848896193 0.0097824011866168101 -0.0074744920275377413 0.011101728967134003 -0.011479196890005127 0.017887556567015121 -0.018522517714999149
leaf_weight=7.769954800605773 10.529385447502138 14.549885913729666 18.132763355970383 8.4485956281423551 14.980333834886549 7.5483027696609488 30.346624106168747 39.38297826051712
leaf_count=39 48 45 61 38 49 36 86 206
internal_value=-3.09961e-07 0.0113051 0.00303104 -0.0158438 0.0152541 -0.0171205 0.0166119 -0.0179974
internal_weight=151.689 88.539 28.6621 63.1498 59.8768 54.7012 44.8965 47.1529
internal_count=608 289 109 319 180 281 131 245
is_linear=0
shrinkage=0.01


Tree=7
num_leaves=9
num_cat=0
split_feature=4 7 1 6 4 1 3 6
split_gain=266.903 27.0358 12.3714 7.14783 3.6682 3.09263 1.37985 0.392826
threshold=0.2537313432835821 -1.0000000180025095e-35 0.26250000000000007 0.97328990228013046 1.2910447761194033 0.18750000000000003 0.50000000000000011 0.41172638436482101
decision_type=2 2 2 2 2 2 2 2
left_child=3 2 -2 5 6 7 -3 -1
right_child=1 4 -4 -5 -6 -7 -8 -9
leaf_value=-0.018344594885461776 -0.0050223831287280534 0.014030266621701202 0.0086908423800752949 -0.0069154524041816412 0.010995982120116489 -0.011846596732943559 0.018204917943952802 -0.015096132168101939
leaf_weight=36.110350087285042 10.658624440431597 13.988095536828039 16.872970938682556 9.1897401809692365 14.974144876003264 12.073704689741133 29.571544617414474 8.1398786753416044
leaf_count=189 46 43 58 41 49 58 83 41
internal_value=-3.68847e-07 0.0115714 0.00338292 -0.0151967 0.0154106 -0.0165333 0.0168995 -0.0177824
internal_weight=151.579 86.0654 27.5316 65.5137 58.5338 56.3239 43.5596 44.2502
internal_count=608 279 104 329 175 288 126 230
is_linear=0
shrinkage=0.01


Tree=8
num_leaves=10
num_cat=0
split_feature=4 7 1 6 0 2 1 6 4
split_gain=261.958 27.9282 11.1044 6.40779 3.72036 4.15548 2.43281 0.834384 0.431503
threshold=0.12686567164179108 -0.088235294117647037 0.26250000000000007 0.97328990228013046 0.90000000000000013 0.14062500000000003 0.43750000000000006 0.029967426710097753 -0.71641791044776115
decision_type=2 2 2 2 2 2 2 2 2
left_child=3 2 -2 6 5 7 8 -3 -1
right_child=1 4 -4 -5 -6 -7 -8 -9 -10
leaf_value=-0.014839192987559448 -0.0057731990643088106 0.011980590114362999 0.0076827773073304484 -0.0073350395153428394 0.018319829922303243 0.016399541088659389 -0.011259966191880615 0.008054678031301608 -0.018208840774288783
leaf_weight=7.7552772611379615 10.295609146356584 12.189577326178552 14.87183755636215 8.4454056173562986 19.649391770362854 19.523670881986618 7.5409189462661734 11.895898491144179 39.291386291384697
leaf_count=39 45 39 52 38 55 57 36 41 206
internal_value=-4.04306e-07 0.0110984 0.00217708 -0.0155633 0.0146387 0.0129419 -0.0168205 0.0100829 -0.017686
internal_weight=151.459 88.426 25.1674 63.033 63.2585 43.6091 54.5876 24.0855 47.0467
internal_count=608 289 97 319 192 137 281 80 245
is_linear=0
shrinkage=0.01


Tree=9
num_leaves=9
num_cat=0
split_feature=4 7 1 6 4 1 3 6
split_gain=257.031 26.0969 11.9092 6.8992 3.6134 3.00144 1.35241 0.39433
threshold=0.2537313432835821 -1.0000000180025095e-35 0.26250000000000007 0.97328990228013046 1.2910447761194033 0.18750000000000003 0.50000000000000011 0.41172638436482101
decision_type=2 2 2 2 2 2 2 2
left_child=3 2 -2 5 6 7 -3 -1
right_child=1 4 -4 -5 -6 -7 -8 -9
leaf_value=-0.018038090167452132 -0.0049290297476088998 0.013779321757050645 0.0085268673926821251 -0.0067935773408946409 0.01075844831078771 -0.011627333237161013 0.017911353952877036 -0.014807027836186513
leaf_weight=36.016035124659538 10.658198460936548 13.966171249747275 16.865822821855545 9.1859479099512082 14.956646502017973 12.057744219899176 29.498040959239006 8.1212913393974286
leaf_count=189 46 43 58 41 49 58 83 41
internal_value=-3.75463e-07 0.0113614 0.00331732 -0.0149302 0.015139 -0.0162458 0.0166183 -0.0174784
internal_weight=151.326 85.9449 27.524 65.381 58.4209 56.1951 43.4642 44.1373
internal_count=608 279 104 329 175 288 126 230
is_linear=0
shrinkage=0.01


Tree=10
num_leaves=10
num_cat=0
split_feature=4 7 1 6 0 2 1 6 4
split_gain=252.331 26.99 10.6604 6.20283 3.65101 4.05769 2.36832 0.817218 0.433273
threshold=0.12686567164179108 -0.088235294117647037 0.26250000000000007 0.97328990228013046 0.90000000000000013 0.14062500000000003 0.43750000000000006 0.029967426710097753 -0.71641791044776115
decision_type=2 2 2 2 2 2 2 2 2
left_child=3 2 -2 6 5 7 8 -3 -1
right_child=1 4 -4 -5 -6 -7 -8 -9 -10
leaf_value=-0.014556794477666075 -0.0056607800118211047 0.011755596648247265 0.0075251501888406406 -0.0071987913055791873 0.018034398723054713 0.01612357205966725 -0.011047560575955049 0.0078717289671353489 -0.017910999831784
leaf_weight=7.7368793040513983 10.294197440147402 12.168994784355165 14.865167960524557 8.4414249658584577 19.600904509425163 19.479939043521881 7.5316938161849967 11.881393343210219 39.177248805761337
leaf_count=39 45 39 52 38 55 57 36 41 206
internal_value=-4.10781e-07 0.0108984 0.00212895 -0.0152947 0.0143843 0.0127031 -0.0165345 0.00987742 -0.01739
internal_weight=151.178 88.2906 25.1594 62.8872 63.1312 43.5303 54.4458 24.0504 46.9141
internal_count=608 289 97 319 192 137 281 80 245
is_linear=0
shrinkage=0.01


Tree=11
num_leaves=10
num_cat=0
split_feature=4 7 1 6 0 2 1 6 4
split_gain=247.622 26.5134 10.452 6.10702 3.59483 3.99196 2.33486 0.803041 0.427626
threshold=0.12686567164179108 -0.088235294117647037 0.26250000000000007 0.97328990228013046 0.90000000000000013 0.14062500000000003 0.43750000000000006 0.029967426710097753 -0.71641791044776115
decision_type=2 2 2 2 2 2 2 2 2
left_child=3 2 -2 6 5 7 8 -3 -1
right_child=1 4 -4 -5 -6 -7 -8 -9 -10
leaf_value=-0.014430884011735524 -0.0056051363850553315 0.011648549961580055 0.0074522823720527334 -0.0071296184362597739 0.017882315132199813 0.01598423503393763 -0.010945958562994462 0.007797495040111564 -0.017762866513973945
leaf_weight=7.7272606045007697 10.293424114584925 12.158984944224359 14.861409768462179 8.4390741288661939 19.570927575230598 19.454250752925873 7.5265419483184806 11.875542491674421 39.110094770789146
leaf_count=39 45 39 52 38 55 57 36 41 206
internal_value=-3.83368e-07 0.0107994 0.00210811 -0.015163 0.0142575 0.012589 -0.0163947 0.00978592 -0.0172451
internal_weight=151.018 88.2145 25.1548 62.803 63.0597 43.4888 54.3639 24.0345 46.8374
internal_count=608 289 97 319 192 137 281 80 245
is_linear=0
shrinkage=0.01


Tree=12
num_leaves=9
num_cat=0
split_feature=4 7 1 6 4 1 3 6
split_gain=243.148 24.7928 11.2596 6.55302 3.56907 2.88103 1.32242 0.403985
threshold=0.2537313432835821 -1.0000000180025095e-35 0.26250000000000007 0.97328990228013046 1.2910447761194033 0.18750000000000003 0.50000000000000011 0.41172638436482101
decision_type=2 2 2 2 2 2 2 2
left_child=3 2 -2 5 6 7 -3 -1
right_child=1 4 -4 -5 -6 -7 -8 -9
leaf_value=-0.017611306974160083 -0.0047955475794947766 0.013422177146633286 0.0082910684527647098 -0.0066219773624985384 0.01040133169753892 -0.011312356671137813 0.017506602323410697 -0.014384710225051832
leaf_weight=35.838223993778229 10.656367659568788 13.924547612667082 16.851066276431084 9.1783505380153638 14.920441210269926 12.026636138558386 29.362985894083977 8.0852214694023115
leaf_count=189 46 43 58 41 49 58 83 41
internal_value=-3.56989e-07 0.0110613 0.00322231 -0.0145532 0.0147539 -0.0158402 0.0162267 -0.0170514
internal_weight=150.844 85.7154 27.5074 65.1284 58.208 55.9501 43.2875 43.9234
internal_count=608 279 104 329 175 288 126 230
is_linear=0
shrinkage=0.01


Tree=13
num_leaves=11
num_cat=0
split_feature=4 7 1 4 1 0 2 5 6 1
split_gain=238.657 25.6491 10.0351 5.96059 6.30417 3.53574 3.90539 2.00724 0.787433 0.240422
threshold=0.12686567164179108 -0.088235294117647037 0.26250000000000007 -1.0000000180025095e-35 -0.31249999999999994 0.90000000000000013 0.14062500000000003 -0.15555555555555556 0.029967426710097753 0.26250000000000007
decision_type=2 2 2 2 2 2 2 2 2 2
left_child=3 2 -2 4 7 6 8 -1 -3 -5
right_child=1 5 -4 9 -6 -7 -8 -9 -10 -11
leaf_value=-0.017848519176538704 -0.0054963732339632946 0.011434323840978358 0.0073004440851459282 -0.017950203139861114 -0.0034449061321351342 0.017617483914797824 0.015725751769374147 -0.010433397675603974 0.0076217173512428066 -0.015174484666606156
leaf_weight=8.490379199385643 10.291040867567064 12.13345141708851 14.852195739746092 29.784926384687424 7.7897915691137305 19.507594496011734 19.397791504859924 7.4861526042222986 11.85819625854492 9.0657909810543043
leaf_count=45 45 39 52 158 34 55 57 36 41 46
internal_value=-3.93767e-07 0.0106095 0.00206173 -0.0149111 -0.0108795 0.0140178 0.0123626 -0.0144605 0.00958935 -0.0173431
internal_weight=150.657 88.0403 25.1432 62.617 23.7663 62.897 43.3894 15.9765 23.9916 38.8507
internal_count=608 289 97 319 115 192 137 81 80 204
is_linear=0
shrinkage=0.01


Tree=14
num_leaves=9
num_cat=0
split_feature=4 7 1 6 4 1 3 6
split_gain=234.373 23.9782 10.8428 6.43127 3.5251 2.82147 1.30194 0.401291
threshold=0.2537313432835821 -1.0000000180025095e-35 0.26250000000000007 0.97328990228013046 1.2910447761194033 0.18750000000000003 0.50000000000000011 0.41172638436482101
decision_type=2 2 2 2 2 2 2 2
left_child=3 2 -2 5 6 7 -3 -1
right_child=1 4 -4 -5 -6 -7 -8 -9
leaf_value=-0.017348781947102983 -0.0047071183627277417 0.013193115435726608 0.0081374505058163776 -0.0064549577695261684 0.010182413582640926 -0.011108431078917855 0.017246253331107162 -0.014143671204147498
leaf_weight=35.700031876564026 10.654584690928461 13.891216859221457 16.838666707277298 9.1699662357568723 14.89228296279907 12.002686470746992 29.253684476017952 8.0595245808362943
leaf_count=189 46 43 58 41 49 58 83 41
internal_value=-4.70079e-07 0.0108688 0.00316072 -0.0143125 0.0145086 -0.0155908 0.0159748 -0.0167921
internal_weight=150.463 85.5304 27.4933 64.9322 58.0372 55.7622 43.1449 43.7596
internal_count=608 279 104 329 175 288 126 230
is_linear=0
shrinkage=0.01


Tree=15
num_leaves=11
num_cat=0
split_feature=4 7 1 4 1 0 2 5 6 1
split_gain=230.095 24.8289 9.63541 5.88367 6.1916 3.48206 3.82491 1.97637 0.772668 0.231992
threshold=0.12686567164179108 -0.088235294117647037 0.26250000000000007 -1.0000000180025095e-35 -0.31249999999999994 0.90000000000000013 0.14062500000000003 -0.15555555555555556 0.029967426710097753 0.26250000000000007
decision_type=2 2 2 2 2 2 2 2 2 2
left_child=3 2 -2 4 7 6 8 -1 -3 -5
right_child=1 5 -4 9 -6 -7 -8 -9 -10 -11
leaf_value=-0.017583816753503054 -0.0053899663387118168 0.011226889617056091 0.0071523232744999674 -0.017688234174642378 -0.0032899237667356031 0.017364976196252803 0.015477872336548855 -0.010220649272853053 0.0074506115807370897 -0.014953312706737299
leaf_weight=8.4567046612501144 10.288043037056925 12.104743912816049 14.841385021805761 29.663893848657608 7.7769692987203589 19.435336828231812 19.333589047193527 7.4672428965568551 11.838917151093481 9.0456801652908307
leaf_count=45 45 39 52 158 34 55 57 36 41 46
internal_value=-5.05483e-07 0.0104258 0.00201647 -0.0146687 -0.0106599 0.013787 0.0121438 -0.0142163 0.00939847 -0.0170893
internal_weight=150.253 87.842 25.1294 62.4105 23.7009 62.7126 43.2773 15.9239 23.9437 38.7096
internal_count=608 289 97 319 115 192 137 81 80 204
is_linear=0
shrinkage=0.01


Tree=16
num_leaves=9
num_cat=0
split_feature=4 7 1 6 4 1 3 6
split_gain=225.99 23.2066 10.4427 6.31774 3.48518 2.76727 1.28389 0.39932
threshold=0.2537313432835821 -1.0000000180025095e-35 0.26250000000000007 0.97328990228013046 1.2910447761194033 0.18750000000000003 0.50000000000000011 0.41172638436482101
decision_type=2 2 2 2 2 2 2 2
left_child=3 2 -2 5 6 7 -3 -1
right_child=1 4 -4 -5 -6 -7 -8 -9
leaf_value=-0.017098577890336034 -0.0046205588949370926 0.012971869207723093 0.0079876926394628813 -0.0062923957389179729 0.0099700145307432403 -0.010910749691519872 0.016997767190469856 -0.013911705314571341
leaf_weight=35.545316159725189 10.652326658368112 13.853818833827971 16.824389100074768 9.160052224993704 14.860464125871657 11.975804597139357 29.131410002708435 8.0309931933879835
leaf_count=189 46 43 58 41 49 58 83 41
internal_value=-5.81287e-07 0.0106826 0.00310063 -0.0140811 0.0142725 -0.0153517 0.0157334 -0.0165444
internal_weight=150.035 85.3224 27.4767 64.7122 57.8457 55.5521 42.9852 43.5763
internal_count=608 279 104 329 175 288 126 230
is_linear=0
shrinkage=0.01


Tree=17
num_leaves=11
num_cat=0
split_feature=4 7 1 4 1 0 2 5 6 1
split_gain=221.914 24.0496 9.25212 5.81351 6.08525 3.43334 3.74997 1.94845 0.758671 0.224951
threshold=0.12686567164179108 -0.088235294117647037 0.26250000000000007 -1.0000000180025095e-35 -0.31249999999999994 0.90000000000000013 0.14062500000000003 -0.15555555555555556 0.029967426710097753 0.26250000000000007
decision_type=2 2 2 2 2 2 2 2 2 2
left_child=3 2 -2 4 7 6 8 -1 -3 -5
right_child=1 5 -4 9 -6 -7 -8 -9 -10 -11
leaf_value=-0.017331656433923971 -0.0052858403776357048 0.011025842595498291 0.0070077675492796242 -0.017438727340617376 -0.0031386827063885053 0.017123988926707152 0.015239902717705485 -0.010014178532050402 0.0072839399255310525 -0.014739957493306029
leaf_weight=8.4190016239881516 10.284466952085497 12.073068991303446 14.82908123731613 29.529032647609711 7.7634090185165396 19.354706376791 19.262134224176407 7.4465548247098932 11.817838922142981 9.0230440497398359
leaf_count=45 45 39 52 158 34 55 57 36 41 46
internal_value=-6.15904e-07 0.0102481 0.00197231 -0.0144357 -0.0104472 0.0135646 0.0119322 -0.0139814 0.00921296 -0.0168469
internal_weight=149.802 87.6213 25.1135 62.181 23.629 62.5077 43.153 15.8656 23.8909 38.5521
internal_count=608 289 97 319 115 192 137 81 80 204
is_linear=0
shrinkage=0.01


Tree=18
num_leaves=9
num_cat=0
split_feature=4 7 1 6 4 1 3 6
split_gain=217.978 22.476 7.72824 6.21169 2.92742 2.71795 1.35659 0.398005
threshold=0.2537313432835821 -0.088235294117647037 0.26250000000000007 0.97328990228013046 1.2910447761194033 0.18750000000000003 0.50000000000000011 0.41172638436482101
decision_type=2 2 2 2 2 2 2 2
left_child=3 2 -2 5 6 7 -3 -1
right_child=1 4 -4 -5 -6 -7 -8 -9
leaf_value=-0.016859883234980437 -0.0044878001587300596 0.012306227718172245 0.0069410860636750964 -0.006134070829450354 0.00999001968247973 -0.010718963359860422 0.016358386810796224 -0.013688226888568423
leaf_weight=35.375130891799927 9.7157318145036715 14.003387331962584 14.822817772626875 9.1487057060003263 16.093768149614334 11.946173444390295 30.457102626562119 7.9998143166303626
leaf_count=189 42 44 52 41 53 58 88 41
internal_value=-6.9079e-07 0.0105024 0.00241611 -0.0138584 0.0137699 -0.0151224 0.0151126 -0.0163078
internal_weight=149.563 85.0928 24.5385 64.4698 60.5543 55.3211 44.4605 43.3749
internal_count=608 279 94 329 185 288 132 230
is_linear=0
shrinkage=0.01


Tree=19
num_leaves=11
num_cat=0
split_feature=4 7 1 4 1 0 2 5 6 1
split_gain=214.09 23.2787 8.89794 5.74953 5.98457 3.39773 3.69042 1.92323 0.747284 0.219139
threshold=0.12686567164179108 -0.088235294117647037 0.26250000000000007 -1.0000000180025095e-35 -0.31249999999999994 0.90000000000000013 0.14062500000000003 -0.15555555555555556 0.029967426710097753 0.26250000000000007
decision_type=2 2 2 2 2 2 2 2 2 2
left_child=3 2 -2 4 7 6 8 -1 -3 -5
right_child=1 5 -4 9 -6 -7 -8 -9 -10 -11
leaf_value=-0.017091214498683446 -0.0051843625939874257 0.010824974799233259 0.0068751776784800028 -0.017200864009912352 -0.0029910233179666675 0.016895673449922051 0.015011380868651496 -0.0098136125140642159 0.0071116539068227236 -0.014533970242851023
leaf_weight=8.3775255978107452 10.280361056327822 12.038551196455957 14.816258728504179 29.381228387355804 7.749174937605857 19.267103001475334 19.184249818325043 7.4242120683193216 11.794810160994528 8.9980353116989118
leaf_count=45 45 39 52 158 34 55 57 36 41 46
internal_value=-7.36396e-07 0.0100756 0.00193424 -0.0142115 -0.010241 0.0133477 0.0117232 -0.0137552 0.00902469 -0.016615
internal_weight=149.312 87.3813 25.0966 61.9302 23.5509 62.2847 43.0176 15.8017 23.8334 38.3793
internal_count=608 289 97 319 115 192 137 81 80 204
is_linear=0
shrinkage=0.01


Tree=20
num_leaves=9
num_cat=0
split_feature=4 7 1 6 4 1 3 6
split_gain=210.311 21.8085 9.72152 6.11248 3.42257 2.67302 1.2535 0.397285
threshold=0.2537313432835821 -1.0000000180025095e-35 0.26250000000000007 0.97328990228013046 1.2910447761194033 0.18750000000000003 0.50000000000000011 0.41172638436482101
decision_type=2 2 2 2 2 2 2 2
left_child=3 2 -2 5 6 7 -3 -1
right_child=1 4 -4 -5 -6 -7 -8 -9
leaf_value=-0.016631951619517055 -0.0044705375365176863 0.012554721470228646 0.0077014665667010694 -0.005979774623916626 0.0095612968845511497 -0.010532746138414118 0.016536258729334438 -0.013472698750119199
leaf_weight=35.190487518906593 10.64587238430977 13.768693894147871 16.790682271122932 9.1360184252262098 14.786419391632078 11.913967564702032 28.853156670928001 7.9661654829978934
leaf_count=189 46 43 58 41 49 58 83 41
internal_value=-8.10751e-07 0.0103275 0.00297943 -0.0136439 0.0138281 -0.0149022 0.0152824 -0.0160813
internal_weight=149.051 84.8448 27.4366 64.2066 57.4083 55.0706 42.6219 43.1567
internal_count=608 279 104 329 175 288 126 230
is_linear=0
shrinkage=0.01


Tree=21
num_leaves=11
num_cat=0
split_feature=4 7 1 4 1 0 2 5 6 1
split_gain=206.606 22.5727 8.54455 5.69123 5.88908 3.35743 3.6249 1.90046 0.734587 0.214419
threshold=0.12686567164179108 -0.088235294117647037 0.26250000000000007 -1.0000000180025095e-35 -0.31249999999999994 0.90000000000000013 0.14062500000000003 -0.15555555555555556 0.029967426710097753 0.26250000000000007
decision_type=2 2 2 2 2 2 2 2 2 2
left_child=3 2 -2 4 7 6 8 -1 -3 -5
right_child=1 5 -4 9 -6 -7 -8 -9 -10 -11
leaf_value=-0.016861735552119089 -0.0050844132579899093 0.010635646833696869 0.0067371971793351668 -0.016973897911159313 -0.0028467963045102742 0.016675482944602044 0.01479133785920763 -0.0096186072662661267 0.0069532751656596753 -0.014334931943230208
leaf_weight=8.3325208574533463 10.275724694132807 12.001510620117189 14.801341056823729 29.221326917409897 7.7343282252550116 19.171352460980415 19.099693268537521 7.4003315418958673 11.770507305860518 8.9708006083965284
leaf_count=45 45 39 52 158 34 55 57 36 41 46
internal_value=-8.43496e-07 0.00990865 0.00189215 -0.0139956 -0.0100408 0.0131406 0.0115247 -0.013537 0.00884912 -0.0163931
internal_weight=148.779 87.1201 25.0771 61.6593 23.4672 62.0431 42.8717 15.7329 23.772 38.1921
internal_count=608 289 97 319 115 192 137 81 80 204
is_linear=0
shrinkage=0.01


Tree=22
num_leaves=9
num_cat=0
split_feature=4 7 1 6 4 1 3 6
split_gain=202.974 21.1464 9.36626 6.0195 3.39259 2.63209 1.24143 0.397109
threshold=0.2537313432835821 -1.0000000180025095e-35 0.26250000000000007 0.97328990228013046 1.2910447761194033 0.18750000000000003 0.50000000000000011 0.41172638436482101
decision_type=2 2 2 2 2 2 2 2
left_child=3 2 -2 5 6 7 -3 -1
right_child=1 4 -4 -5 -6 -7 -8 -9
leaf_value=-0.016414102524522314 -0.0043891046104891935 0.012354162114862842 0.0075622736016999828 -0.0058293215879582395 0.0093663280430488632 -0.01035179686164619 0.016318885339173254 -0.013264624427152101
leaf_weight=34.992349773645401 10.642315298318865 13.720683351159094 16.771472811698914 9.1220771521329862 14.745007574558256 11.87935349345207 28.696913242340088 7.9302160590887061
leaf_count=189 46 43 58 41 49 58 83 41
internal_value=-9.17009e-07 0.0101582 0.00292354 -0.013437 0.0136166 -0.0146905 0.0150685 -0.0158644
internal_weight=148.5 84.5764 27.4138 63.924 57.1626 54.8019 42.4176 42.9226
internal_count=608 279 104 329 175 288 126 230
is_linear=0
shrinkage=0.01


Tree=23
num_leaves=11
num_cat=0
split_feature=4 7 1 4 1 0 2 5 6 1
split_gain=199.441 21.8992 8.20547 5.63815 5.79831 3.32091 3.5636 1.87992 0.722475 0.210669
threshold=0.12686567164179108 -0.088235294117647037 0.26250000000000007 -1.0000000180025095e-35 -0.31249999999999994 0.90000000000000013 0.14062500000000003 -0.15555555555555556 0.029967426710097753 0.26250000000000007
decision_type=2 2 2 2 2 2 2 2 2 2
left_child=3 2 -2 4 7 6 8 -1 -3 -5
right_child=1 5 -4 9 -6 -7 -8 -9 -10 -11
leaf_value=-0.01664252715509636 -0.0049865395753541887 0.010451668678149253 0.0066023877982629943 -0.016757145185049182 -0.0027058645194921386 0.016464781612618228 0.014579450061056631 -0.0094288446201693816 0.006798716529591629 -0.014142458796083503
leaf_weight=8.2842209488153458 10.270606458187105 11.962064102292063 14.785205975174902 29.050133913755417 7.7189252376556388 19.068739339709282 19.009223401546478 7.3750244826078424 11.744766920804976 8.9414786994457227
leaf_count=45 45 39 52 158 34 55 57 36 41 46
internal_value=-9.48952e-07 0.00974658 0.00185104 -0.0137875 -0.00984627 0.0129403 0.0113322 -0.0133265 0.00867809 -0.0161805
internal_weight=148.21 86.8406 25.0558 61.3698 23.3782 61.7848 42.7161 15.6592 23.7068 37.9916
internal_count=608 289 97 319 115 192 137 81 80 204
is_linear=0
shrinkage=0.01


Tree=24
num_leaves=9
num_cat=0
split_feature=4 7 1 6 4 1 3 6
split_gain=195.947 20.5158 9.02494 5.93223 3.36544 2.5948 1.231 0.39743
threshold=0.2537313432835821 -1.0000000180025095e-35 0.26250000000000007 0.97328990228013046 1.2910447761194033 0.18750000000000003 0.50000000000000011 0.41172638436482101
decision_type=2 2 2 2 2 2 2 2
left_child=3 2 -2 5 6 7 -3 -1
right_child=1 4 -4 -5 -6 -7 -8 -9
leaf_value=-0.016205707696540835 -0.004309343850567241 0.012159728829672551 0.0074263539533822292 -0.0056825347613954661 0.0091765102501711986 -0.0101758371341667 0.016110652566340894 -0.013063547419902025
leaf_weight=34.7816381752491 10.638389080762865 13.669576421380041 16.750834211707115 9.1069648563861829 14.700841277837752 11.842490285634993 28.530772313475609 7.8921264559030524
leaf_count=189 46 43 58 41 49 58 83 41
internal_value=-1.02172e-06 0.00999379 0.00286894 -0.0132374 0.0134123 -0.0144867 0.0148626 -0.0156565
internal_weight=147.914 84.2904 27.3892 63.6232 56.9012 54.5163 42.2003 42.6738
internal_count=608 279 104 329 175 288 126 230
is_linear=0
shrinkage=0.01


Tree=25
num_leaves=10
num_cat=0
split_feature=4 7 1 4 5 0 2 6 1
split_gain=192.576 21.2562 7.88007 5.58988 5.73168 3.28786 3.50614 0.710896 0.207787
threshold=0.12686567164179108 -0.088235294117647037 0.26250000000000007 -1.0000000180025095e-35 -1.0000000180025095e-35 0.90000000000000013 0.14062500000000003 0.029967426710097753 0.26250000000000007
decision_type=2 2 2 2 2 2 2 2 2
left_child=3 2 -2 4 -1 6 7 -3 -5
right_child=1 5 -4 8 -6 -7 -8 -9 -10
leaf_value=-0.014399646146671006 -0.0048906792722165707 0.010272744679645281 0.0064706306101285586 -0.016549976180699536 -0.0044312718516772449 0.01626299531821607 0.014375219134858088 0.006647803303661869 -0.013956188690766683
leaf_weight=12.114658117294313 10.26503559947014 11.920380085706713 14.767936661839483 28.868420332670212 11.169606029987333 18.959726378321648 18.913247317075729 11.717697113752363 8.9102039337158185
leaf_count=64 45 39 52 158 51 55 57 41 46
internal_value=-1.05273e-06 0.00958918 0.00181088 -0.0135867 -0.00965715 0.0127466 0.0111453 0.00851139 -0.0159767
internal_weight=147.607 86.544 25.033 61.0629 23.2843 61.5111 42.5513 23.6381 37.7786
internal_count=608 289 97 319 115 192 137 80 204
is_linear=0
shrinkage=0.01


Tree=26
num_leaves=9
num_cat=0
split_feature=4 7 1 6 4 1 3 6
split_gain=189.207 19.9144 8.69695 5.84632 3.34089 2.57351 1.22209 0.399496
threshold=0.2537313432835821 -1.0000000180025095e-35 0.26250000000000007 0.97328990228013046 1.2910447761194033 0.18750000000000003 0.50000000000000011 0.41172638436482101
decision_type=2 2 2 2 2 2 2 2
left_child=3 2 -2 5 6 7 -3 -1
right_child=1 4 -4 -5 -6 -7 -8 -9
leaf_value=-0.016008456509425836 -0.0042312111214827548 0.011971074698928533 0.0072935823701405136 -0.0055413420627359565 0.0089915636536000796 -0.0099935037570712069 0.015911008751286978 -0.012868054132681271
leaf_weight=34.562216639518738 10.634117141366007 13.615588068962095 16.728866800665855 9.0911362469196302 14.654118418693541 11.801614269614218 28.355419144034386 7.8521917015314093
leaf_count=189 46 43 58 41 49 58 83 41
internal_value=-1.05919e-06 0.00983411 0.00281559 -0.0130441 0.0132147 -0.0142896 0.0146644 -0.0154587
internal_weight=147.295 83.9881 27.363 63.3072 56.6251 54.216 41.971 42.4144
internal_count=608 279 104 329 175 288 126 230
is_linear=0
shrinkage=0.01


Tree=27
num_leaves=11
num_cat=0
split_feature=4 7 1 4 1 0 2 5 6 1
split_gain=185.991 20.6414 7.56773 5.54828 5.70907 3.25798 3.4522 1.83595 0.699803 0.205653
threshold=0.12686567164179108 -0.088235294117647037 0.26250000000000007 -1.0000000180025095e-35 -0.31249999999999994 0.90000000000000013 0.14062500000000003 -0.15555555555555556 0.029967426710097753 0.26250000000000007
decision_type=2 2 2 2 2 2 2 2 2 2
left_child=3 2 -2 4 7 6 8 -1 -3 -5
right_child=1 5 -4 9 -6 -7 -8 -9 -10 -11
leaf_value=-0.01624542150215599 -0.0047967713922372653 0.010098598744173659 0.0063418116014204162 -0.016351806072906559 -0.0023792620957711901 0.01606959224609961 0.014178186616330964 -0.0090935948576526902 0.0065003740039535117 -0.013775861739743427
leaf_weight=8.1822277903556824 10.259040817618372 11.876618698239328 14.749615222215651 28.676911801099777 7.6802632659673682 18.844753056764603 18.812151789665222 7.3249292224645624 11.689399197697638 8.8771177828311902
leaf_count=45 45 39 52 158 34 55 57 36 41 46
internal_value=-1.09009e-06 0.00943618 0.00177164 -0.0133922 -0.00947202 0.012559 0.0109638 -0.0129471 0.00834879 -0.0157811
internal_weight=146.973 86.2316 25.0087 60.7414 23.1874 61.2229 42.3782 15.5072 23.566 37.554
internal_count=608 289 97 319 115 192 137 81 80 204
is_linear=0
shrinkage=0.01


Tree=28
num_leaves=11
num_cat=0
split_feature=4 7 1 4 5 0 2 6 6 1
split_gain=182.756 20.3241 7.42215 5.48497 5.63896 3.22617 3.41169 1.90374 0.689467 0.208273
threshold=0.12686567164179108 -0.088235294117647037 0.26250000000000007 -1.0000000180025095e-35 0.23888888888888918 0.90000000000000013 0.14062500000000003 0.12899022801302931 0.029967426710097753 0.26250000000000007
decision_type=2 2 2 2 2 2 2 2 2 2
left_child=3 2 -2 4 7 6 8 -1 -3 -5
right_child=1 5 -4 9 -6 -7 -8 -9 -10 -11
leaf_value=-0.016312993763624897 -0.0047505670599110109 0.010014986000475018 0.0062826055672971139 -0.01624826104991843 -0.002448538460426163 0.015964193545060183 0.014077461486008335 -0.0090017668402847407 0.0064415917857725156 -0.013670858751242099
leaf_weight=8.0127861499786395 10.256220623850824 11.856949493288996 14.740716204047201 28.572225272655487 7.8271519243717185 18.780460387468338 18.758270502090454 7.3040957152843466 11.679073706269262 8.8567177057266218
leaf_count=44 45 39 52 158 35 55 57 36 41 46
internal_value=-1.16202e-06 0.00935984 0.00175481 -0.0132963 -0.00939612 0.0124645 0.0108765 -0.0129075 0.00827655 -0.0156764
internal_weight=146.645 86.0717 24.9969 60.573 23.144 61.0748 42.2943 15.3169 23.536 37.4289
internal_count=608 289 97 319 115 192 137 80 80 204
is_linear=0
shrinkage=0.01


Tree=29
num_leaves=9
num_cat=0
split_feature=4 7 1 6 4 1 3 6
split_gain=179.671 19.0665 8.23573 5.75006 3.33163 2.54563 1.21501 0.398776
threshold=0.2537313432835821 -1.0000000180025095e-35 0.26250000000000007 0.97328990228013046 1.2910447761194033 0.18750000000000003 0.50000000000000011 0.41172638436482101
decision_type=2 2 2 2 2 2 2 2
left_child=3 2 -2 5 6 7 -3 -1
right_child=1 4 -4 -5 -6 -7 -8 -9
leaf_value=-0.015730623227325151 -0.0041196932090656396 0.011700423974464531 0.0071022643145153899 -0.0053218599974197544 0.0087092730570629794 -0.0097335977744889488 0.015633997414734108 -0.012600234148997252
leaf_weight=34.213866397738457 10.626678302884104 13.529655531048773 16.693837687373161 9.0619775056838971 14.575153857469557 11.734570264816282 28.083074629306793 7.7912000119686118
leaf_count=189 46 43 58 41 49 58 83 41
internal_value=-1.2345e-06 0.00960406 0.00273823 -0.0127685 0.0129317 -0.014012 0.0143862 -0.0151813
internal_weight=146.31 83.5084 27.3205 62.8016 56.1879 53.7396 41.6127 42.0051
internal_count=608 279 104 329 175 288 126 230
is_linear=0
shrinkage=0.01


Tree=30
num_leaves=11
num_cat=0
split_feature=4 7 1 4 1 0 2 5 6 1
split_gain=176.572 19.7488 7.1281 5.4496 5.63795 3.20113 3.36295 1.7978 0.67912 0.20701
threshold=0.12686567164179108 -0.088235294117647037 0.26250000000000007 -1.0000000180025095e-35 -0.31249999999999994 0.90000000000000013 0.14062500000000003 -0.15555555555555556 0.029967426710097753 0.26250000000000007
decision_type=2 2 2 2 2 2 2 2 2 2
left_child=3 2 -2 4 7 6 8 -1 -3 -5
right_child=1 5 -4 9 -6 -7 -8 -9 -10 -11
leaf_value=-0.015971833441723475 -0.0046594420513439375 0.0098473803019607266 0.0061579311447334441 -0.016062787618315678 -0.0021647145596298601 0.015782694916204917 0.013890512511373241 -0.0088745460264031111 0.0062988802761911903 -0.013499220967009696
leaf_weight=8.0998346358537674 10.249655053019525 11.810502961277964 14.72099034488201 28.367018759250641 7.6522961407899848 18.657092303037643 18.650092840194702 7.2890728563070306 11.649324685335158 8.8209684491157514
leaf_count=45 45 39 52 158 34 55 57 36 41 46
internal_value=-1.2641e-06 0.00921302 0.00171687 -0.0131115 -0.0092183 0.0122855 0.0107023 -0.0126891 0.00811953 -0.0154925
internal_weight=145.967 85.7377 24.9706 60.2292 23.0412 60.767 42.1099 15.3889 23.4598 37.188
internal_count=608 289 97 319 115 192 137 81 80 204
is_linear=0
shrinkage=0.01


Tree=31
num_leaves=9
num_cat=0
split_feature=4 7 1 6 4 1 3 6
split_gain=173.599 18.5297 7.9383 5.67876 3.31205 2.51755 1.2092 0.400589
threshold=0.2537313432835821 -1.0000000180025095e-35 0.26250000000000007 0.97328990228013046 1.2910447761194033 0.18750000000000003 0.50000000000000011 0.41172638436482101
decision_type=2 2 2 2 2 2 2 2
left_child=3 2 -2 5 6 7 -3 -1
right_child=1 4 -4 -5 -6 -7 -8 -9
leaf_value=-0.015550807045753141 -0.0040454333320177147 0.011524858381564551 0.0069767960489681251 -0.0051868378504980077 0.0085356607385216193 -0.0095737561794809467 0.015453515027499186 -0.012420207823192623
leaf_weight=33.966200694441795 10.621612444519998 13.469330161809919 16.668959140777588 9.0432079881429654 14.522623926401137 11.690739601850508 27.887806802988052 7.7468926012516013
leaf_count=189 46 43 58 41 49 58 83 41
internal_value=-1.33516e-06 0.00945509 0.00268779 -0.0125909 0.0127494 -0.0138326 0.0142049 -0.0150005
internal_weight=145.617 83.1703 27.2906 62.447 55.8798 53.4038 41.3571 41.7131
internal_count=608 279 104 329 175 288 126 230
is_linear=0
shrinkage=0.01


Tree=32
num_leaves=11
num_cat=0
split_feature=4 7 1 4 1 0 2 5 6 1
split_gain=170.638 19.1972 6.84575 5.41673 5.56105 3.17863 3.31701 1.78569 0.669159 0.206357
threshold=0.12686567164179108 -0.088235294117647037 0.26250000000000007 -1.0000000180025095e-35 -0.31249999999999994 0.90000000000000013 0.14062500000000003 -0.15555555555555556 0.029967426710097753 0.26250000000000007
decision_type=2 2 2 2 2 2 2 2 2 2
left_child=3 2 -2 4 7 6 8 -1 -3 -5
right_child=1 5 -4 9 -6 -7 -8 -9 -10 -11
leaf_value=-0.015790798784053491 -0.0045701342528416478 0.0096839582137771951 0.0060359484456288161 -0.015885055666224647 -0.0020378231978298747 0.015608412321532416 0.013709751953481036 -0.0087038835744281135 0.0061592994086301792 -0.013332683872961113
leaf_weight=8.0396409332752228 10.242730006575586 11.762340009212496 14.700394302606581 28.153729677200317 7.6347393989562979 18.528792232275009 18.537689864635468 7.2590727061033258 11.618570312857626 8.7836989164352399
leaf_count=45 45 39 52 158 34 55 57 36 41 46
internal_value=-1.36403e-06 0.00907005 0.00167977 -0.012933 -0.00904536 0.0121118 0.0105327 -0.0125065 0.00796616 -0.0153157
internal_weight=145.261 85.3905 24.9431 59.8709 22.9335 60.4474 41.9186 15.2987 23.3809 36.9374
internal_count=608 289 97 319 115 192 137 81 80 204
is_linear=0
shrinkage=0.01


Tree=33
num_leaves=9
num_cat=0
split_feature=4 7 1 6 4 1 3 4
split_gain=167.768 18.0157 7.65229 5.61133 3.29442 2.49195 1.2045 0.477808
threshold=0.2537313432835821 -1.0000000180025095e-35 0.26250000000000007 0.97328990228013046 1.2910447761194033 0.18750000000000003 0.50000000000000011 -0.71641791044776115
decision_type=2 2 2 2 2 2 2 2
left_child=3 2 -2 5 6 7 -3 -1
right_child=1 4 -4 -5 -6 -7 -8 -9
leaf_value=-0.011977162140764327 -0.0039726579153187801 0.011354039731587811 0.0068540903404868707 -0.0050548212985733441 0.0083660806091683353 -0.0094178376960378351 0.015280011282304995 -0.015386292323866209
leaf_weight=7.1672994792461386 10.616275474429132 13.406799256801603 16.643062710762024 9.0235914587974531 14.468166857957838 11.645304784178732 27.68547397851944 34.243345588445663
leaf_count=38 46 43 58 41 49 58 83 192
internal_value=-1.43421e-06 0.00931001 0.00263845 -0.0124187 0.0125726 -0.0136593 0.0140298 -0.0148265
internal_weight=144.899 82.8198 27.2593 62.0795 55.5604 53.0559 41.0923 41.4106
internal_count=608 279 104 329 175 288 126 230
is_linear=0
shrinkage=0.01


Tree=34
num_leaves=11
num_cat=0
split_feature=4 7 1 4 5 0 2 6 6 1
split_gain=164.938 18.6681 6.5746 5.37744 5.52663 3.15847 3.27363 1.88906 0.659552 0.205494
threshold=0.12686567164179108 -0.088235294117647037 0.26250000000000007 -1.0000000180025095e-35 0.23888888888888918 0.90000000000000013 0.14062500000000003 0.12899022801302931 0.029967426710097753 0.26250000000000007
decision_type=2 2 2 2 2 2 2 2 2 2
left_child=3 2 -2 4 7 6 8 -1 -3 -5
right_child=1 5 -4 9 -6 -7 -8 -9 -10 -11
leaf_value=-0.015816067243361348 -0.0044825889748560232 0.0095245086426748657 0.0059165659693205114 -0.015712269932778276 -0.0019859955620832306 0.015440943373973155 0.01353482731112525 -0.0084961543765083684 0.006022722370491086 -0.013170987164034227
leaf_weight=7.8584571927785891 10.235469162464144 11.712595015764238 14.67899467051029 27.929980665445328 7.7563041001558295 18.395934909582138 18.421388566493988 7.2104554921388626 11.586894437670706 8.7450171411037427
leaf_count=44 45 39 52 158 35 55 57 36 41 46
internal_value=-1.46073e-06 0.00893075 0.0016435 -0.01276 -0.00888039 0.0119431 0.0103675 -0.0123926 0.00781624 -0.0151438
internal_weight=144.531 85.0313 24.9145 59.5002 22.8252 60.1168 41.7209 15.0689 23.2995 36.675
internal_count=608 289 97 319 115 192 137 80 80 204
is_linear=0
shrinkage=0.01


Tree=35
num_leaves=9
num_cat=0
split_feature=4 7 1 6 4 1 3 4
split_gain=162.165 17.5231 7.37719 5.53617 3.27857 2.48119 1.20084 0.470032
threshold=0.2537313432835821 -1.0000000180025095e-35 0.26250000000000007 0.97328990228013046 1.2910447761194033 0.18750000000000003 0.50000000000000011 -0.71641791044776115
decision_type=2 2 2 2 2 2 2 2
left_child=3 2 -2 5 6 7 -3 -1
right_child=1 4 -4 -5 -6 -7 -8 -9
leaf_value=-0.011830193968576264 -0.0039013288229877529 0.011187717271246756 0.0067340503753519866 -0.004933213495951173 0.0082003326557717904 -0.0092536316820855721 0.015113093271047822 -0.015217678931279559
leaf_weight=7.1302496641874304 10.610686391592028 13.342235207557676 16.616228684782982 9.0044104754924756 14.41193914413452 11.595731779932974 27.476629331707954 33.971197545528412
leaf_count=38 46 43 58 41 49 58 83 192
internal_value=-1.53164e-06 0.00916863 0.00259019 -0.0122515 0.012401 -0.0134903 0.0138605 -0.0146602
internal_weight=144.159 82.4577 27.2269 61.7016 55.2308 52.6972 40.8189 41.1014
internal_count=608 279 104 329 175 288 126 230
is_linear=0
shrinkage=0.01


Tree=36
num_leaves=11
num_cat=0
split_feature=4 7 1 4 1 0 2 5 6 1
split_gain=159.46 18.1599 6.31419 5.34305 5.51514 3.14048 3.23259 1.75781 0.650267 0.205168
threshold=0.12686567164179108 -0.088235294117647037 0.26250000000000007 -1.0000000180025095e-35 -0.31249999999999994 0.90000000000000013 0.14062500000000003 -0.15555555555555556 0.029967426710097753 0.26250000000000007
decision_type=2 2 2 2 2 2 2 2 2 2
left_child=3 2 -2 4 7 6 8 -1 -3 -5
right_child=1 5 -4 9 -6 -7 -8 -9 -10 -11
leaf_value=-0.015475701250100123 -0.004396763481147271 0.0093688262590779278 0.0057996976965407733 -0.015546535945429815 -0.0017299216974424152 0.01527991448401343 0.013365410528210898 -0.0084159662160608068 0.0058890287741884722 -0.013013954182821726
leaf_weight=7.9220224618911752 10.227896034717562 11.661396116018297 14.656856745481489 27.699142664670944 7.5892736464738837 18.258874714374542 18.301499724388123 7.2042172700166711 11.554377660155295 8.7050450742244703
leaf_count=45 45 39 52 158 34 55 57 36 41 46
internal_value=-1.55731e-06 0.00879492 0.00160802 -0.0125919 -0.00871864 0.0117791 0.0102065 -0.0121907 0.00766963 -0.0149782
internal_weight=143.781 84.6609 24.8848 59.1197 22.7155 59.7761 41.5173 15.1262 23.2158 36.4042
internal_count=608 289 97 319 115 192 137 81 80 204
is_linear=0
shrinkage=0.01


Tree=37
num_leaves=9
num_cat=0
split_feature=4 7 1 6 4 1 3 4
split_gain=156.781 17.0504 7.11256 5.47579 3.26435 2.45956 1.19813 0.468671
threshold=0.2537313432835821 -1.0000000180025095e-35 0.26250000000000007 0.97328990228013046 1.2910447761194033 0.18750000000000003 0.50000000000000011 -0.71641791044776115
decision_type=2 2 2 2 2 2 2 2
left_child=3 2 -2 5 6 7 -3 -1
right_child=1 4 -4 -5 -6 -7 -8 -9
leaf_value=-0.011673785379787723 -0.0038314100463925677 0.01102565637532388 0.0066165864650743157 -0.0048067745581985384 0.0080382321510617961 -0.0091052126129104738 0.01495239889541693 -0.015056695958324727
leaf_weight=7.0887069702148429 10.604864001274111 13.275801584124563 16.588531941175461 8.9833435863256437 14.354089826345442 11.547414258122442 27.261802613735199 33.691845342516899
leaf_count=38 46 43 58 41 49 58 83 192
internal_value=-1.62674e-06 0.00903075 0.00254297 -0.0120894 0.0122343 -0.0133281 0.0136967 -0.0144987
internal_weight=143.396 82.0851 27.1934 61.3113 54.8917 52.328 40.5376 40.7806
internal_count=608 279 104 329 175 288 126 230
is_linear=0
shrinkage=0.01


Tree=38
num_leaves=11
num_cat=0
split_feature=4 7 1 4 1 0 2 5 6 1
split_gain=154.194 17.6715 6.06405 5.31083 5.45054 3.12447 3.19371 1.74906 0.641277 0.20535
threshold=0.12686567164179108 -0.088235294117647037 0.26250000000000007 -1.0000000180025095e-35 -0.31249999999999994 0.90000000000000013 0.14062500000000003 -0.15555555555555556 0.029967426710097753 0.26250000000000007
decision_type=2 2 2 2 2 2 2 2 2 2
left_child=3 2 -2 4 7 6 8 -1 -3 -5
right_child=1 5 -4 9 -6 -7 -8 -9 -10 -11
leaf_value=-0.015319016857650664 -0.00431260965669201 0.0092167308918931819 0.0056852608384316402 -0.015387461997095286 -0.0016109401090606584 0.015124973775118761 0.013201196037665586 -0.0082614657216861127 0.005758105541113636 -0.012861286941422117
leaf_weight=7.8578953593969354 10.220032975077631 11.608863875269892 14.634041950106619 27.46178862452507 7.5707266181707373 18.117952391505241 18.178318977355957 7.1731618344783792 11.521095156669615 8.6638620495796186
leaf_count=45 45 39 52 158 34 55 57 36 41 46
internal_value=-1.65225e-06 0.00866239 0.00157331 -0.0124291 -0.00856105 0.0116197 0.0100494 -0.0120279 0.00752618 -0.0148188
internal_weight=143.008 84.2803 24.8541 58.7274 22.6018 59.4262 41.3083 15.0311 23.13 36.1257
internal_count=608 289 97 319 115 192 137 81 80 204
is_linear=0
shrinkage=0.01


Tree=39
num_leaves=9
num_cat=0
split_feature=4 7 1 6 4 1 3 4
split_gain=151.603 16.5963 6.85796 5.41842 3.25162 2.43986 1.19629 0.467832
threshold=0.2537313432835821 -1.0000000180025095e-35 0.26250000000000007 0.97328990228013046 1.2910447761194033 0.18750000000000003 0.50000000000000011 -0.71641791044776115
decision_type=2 2 2 2 2 2 2 2
left_child=3 2 -2 5 6 7 -3 -1
right_child=1 4 -4 -5 -6 -7 -8 -9
leaf_value=-0.011521497918463556 -0.0037628677782422528 0.010867639068603564 0.0065016115977397648 -0.0046830015434480175 0.0078796049823621414 -0.0089601809414365657 0.014797592365369221 -0.014901873391319436
leaf_weight=7.0462477058172217 10.59882526099682 13.207655221223829 16.560044914484024 8.9615994542837125 14.294758379459379 11.497845187783239 27.04149366915226 33.405272543430328
leaf_count=38 46 43 58 41 49 58 83 192
internal_value=-1.72123e-06 0.00889622 0.00249676 -0.011932 0.0120723 -0.0131711 0.0135381 -0.0143429
internal_weight=142.614 81.7028 27.1589 60.911 54.5439 51.9494 40.2491 40.4515
internal_count=608 279 104 329 175 288 126 230
is_linear=0
shrinkage=0.01


Tree=40
num_leaves=10
num_cat=0
split_feature=4 7 1 4 5 4 4 6 1
split_gain=149.131 17.2015 5.82377 5.28164 5.42956 4.72592 5.23316 1.89093 0.205994
threshold=0.12686567164179108 -0.088235294117647037 0.26250000000000007 -1.0000000180025095e-35 0.23888888888888918 0.98880597014925387 1.0895522388059702 0.12899022801302931 0.26250000000000007
decision_type=2 2 2 2 2 2 2 2 2
left_child=3 2 -2 4 7 -3 -7 -1 -5
right_child=1 5 -4 8 -6 6 -8 -9 -10
leaf_value=-0.015388034754802259 -0.0042300840090400025 0.0057817358206365887 0.0055731796148424939 -0.015234686980579946 -0.001556463463171753 0.015447916722522459 0.0084464469869831322 -0.0080214369070138163 -0.012712771062572082
leaf_weight=7.6944611668586749 10.211900174617769 11.961764618754385 14.61060746014118 27.218473583459854 7.6829149127006522 29.753699332475662 17.352386504411697 7.1082233488559723 8.6215626001358014
leaf_count=44 45 43 52 158 35 90 59 36 46
internal_value=-1.74601e-06 0.00853301 0.00153936 -0.012271 -0.00840693 0.0114644 0.0128922 -0.0119282 -0.0146651
internal_weight=142.216 83.8904 24.8225 58.3256 22.4856 59.0679 47.1061 14.8027 35.84
internal_count=608 289 97 319 115 192 149 80 204
is_linear=0
shrinkage=0.01


Tree=41
num_leaves=10
num_cat=0
split_feature=4 7 1 4 1 4 4 5 1
split_gain=146.632 16.9563 5.71252 5.23578 5.39985 4.67568 5.19577 1.72224 0.209754
threshold=0.12686567164179108 -0.088235294117647037 0.26250000000000007 -1.0000000180025095e-35 -0.31249999999999994 0.98880597014925387 1.0895522388059702 -0.15555555555555556 0.26250000000000007
decision_type=2 2 2 2 2 2 2 2 2
left_child=3 2 -2 4 7 -3 -7 -1 -5
right_child=1 5 -4 8 -6 6 -8 -9 -10
leaf_value=-0.015103611380929433 -0.0041897177481259543 0.0057313156224780108 0.0055219989504589166 -0.015155036160278071 -0.0014188889998323698 0.015363888973428922 0.008378131005025392 -0.0080755744841764839 -0.012624774763706572
leaf_weight=7.7621236592531213 10.208167150616648 11.947278648614882 14.599548578262327 27.089085072278976 7.5396088957786551 29.618488311767578 17.319920390844345 7.1340028345584878 8.5956659615039808
leaf_count=45 45 43 52 158 34 90 59 36 46
internal_value=-1.90306e-06 0.00846806 0.00152493 -0.0121922 -0.00834253 0.0113856 0.0128095 -0.0118141 -0.0145825
internal_weight=141.814 83.6934 24.8077 58.1205 22.4357 58.8857 46.9384 14.8961 35.6848
internal_count=608 289 97 319 115 192 149 81 204
is_linear=0
shrinkage=0.01


Tree=42
num_leaves=9
num_cat=0
split_feature=4 7 1 6 4 4 1 4
split_gain=144.183 16.7159 5.60343 5.19514 4.62675 5.15991 2.11806 0.437027
threshold=0.12686567164179108 -0.088235294117647037 0.26250000000000007 0.97328990228013046 0.98880597014925387 1.0895522388059702 0.43750000000000006 -0.71641791044776115
decision_type=2 2 2 2 2 2 2 2
left_child=3 2 -2 6 -3 -6 7 -1
right_child=1 4 -4 -5 5 -7 -8 -9
leaf_value=-0.01145660227969411 -0.0041497581548922352 0.005681362284536833 0.0054713323823553529 -0.0046610469684982888 0.015281583902490166 0.0083105180265507454 -0.0081052860031999002 -0.014708009928621485
leaf_weight=7.1695248782634726 10.204382047057154 11.932754218578337 14.588380739092825 8.1890451610088331 29.481455028057098 17.287201762199402 7.158197194337844 35.394722685217857
leaf_count=39 45 43 52 38 90 59 36 206
internal_value=-2.05847e-06 0.00840387 0.00151065 -0.0121149 0.0113077 0.0127281 -0.0133307 -0.0141885
internal_weight=141.406 83.4942 24.7928 57.9115 58.7014 46.7687 49.7224 42.5642
internal_count=608 289 97 319 192 149 281 245
is_linear=0
shrinkage=0.01


Tree=43
num_leaves=9
num_cat=0
split_feature=4 4 4 7 6 1 4 6
split_gain=141.811 16.3209 19.7259 8.19192 5.30104 2.42751 0.463885 0.00644981
threshold=0.2537313432835821 1.0895522388059702 0.98880597014925387 1.0000000180025095e-35 0.97328990228013046 0.18750000000000003 -0.71641791044776115 0.34527687296416948
decision_type=2 2 2 2 2 2 2 2
left_child=4 2 -2 -3 5 6 -1 -8
right_child=1 3 -4 -5 -6 -7 7 -9
leaf_value=-0.011240017528018467 0.0029232752209881275 -0.0040621877315298819 0.015759184579084644 0.0072415468437643299 -0.0044504078308222964 -0.008658814851269207 -0.014988719547584281 -0.012992406093709979
leaf_weight=6.9626600891351691 17.59848615527153 11.827966272830965 37.707862809300423 13.776971936225889 8.9176860749721509 11.387913048267363 25.936853766441345 6.876891002058982
leaf_count=38 67 50 114 48 41 58 153 39
internal_value=-2.11546e-06 0.00863578 0.0116874 0.0020244 -0.0116296 -0.0128698 -0.0140507 -0.0146111
internal_weight=140.993 80.9113 55.3063 25.6049 60.082 51.1643 39.7764 32.8137
internal_count=608 279 181 98 329 288 230 192
is_linear=0
shrinkage=0.01


Tree=44
num_leaves=9
num_cat=0
split_feature=4 7 1 4 5 4 4 1
split_gain=139.479 16.3984 5.47185 5.22807 5.35337 4.48988 5.04928 0.210165
threshold=0.12686567164179108 -0.088235294117647037 0.26250000000000007 -1.0000000180025095e-35 -1.0000000180025095e-35 0.98880597014925387 1.0895522388059702 0.26250000000000007
decision_type=2 2 2 2 2 2 2 2
left_child=3 2 -2 4 -1 -3 -7 -5
right_child=1 5 -4 7 -6 6 -8 -9
leaf_value=-0.012858095997084927 -0.004140282146722885 0.0056233563378849721 0.0053711460254419838 -0.014945138857698933 -0.0030284951683364424 0.015119068802674251 0.0082042571023024334 -0.012420708377963852
leaf_weight=11.417131990194322 10.20126433670521 11.911032497882841 14.564242541790007 26.713474452495575 10.831394746899603 29.197049260139465 17.233180940151215 8.53132715821266
leaf_count=64 45 43 52 158 51 90 59 46
internal_value=-2.31999e-06 0.00827824 0.00145236 -0.0119655 -0.00810765 0.0111683 0.0125757 -0.0143709
internal_weight=140.6 83.1068 24.7655 57.4933 22.2485 58.3413 46.4302 35.2448
internal_count=608 289 97 319 115 192 149 204
is_linear=0
shrinkage=0.01


Tree=45
num_leaves=11
num_cat=0
split_feature=4 7 1 4 1 0 2 5 6 1
split_gain=137.162 16.1694 5.36744 5.18693 5.3543 3.16393 3.15078 1.70199 0.61508 0.21414
threshold=0.12686567164179108 -0.088235294117647037 0.26250000000000007 -1.0000000180025095e-35 -0.31249999999999994 0.90000000000000013 0.14062500000000003 -0.15555555555555556 0.029967426710097753 0.26250000000000007
decision_type=2 2 2 2 2 2 2 2 2 2
left_child=3 2 -2 4 7 6 8 -1 -3 -5
right_child=1 5 -4 9 -6 -7 -8 -9 -10 -11
leaf_value=-0.014834163197461924 -0.0041008189889100164 0.008660487178106616 0.0053219815746240037 -0.014871281578828973 -0.0011412326479705826 0.014665903469032222 0.012678872972692828 -0.0078136165196980231 0.0052616976485416892 -0.012336931468374371
leaf_weight=7.6303762942552575 10.197419673204424 11.396681621670725 14.552779719233511 26.578854903578758 7.4925323724746695 17.636221960186958 17.731281042098999 7.0749610364437112 11.387105345726011 8.5041840374469739
leaf_count=45 45 39 52 158 34 55 57 36 41 46
internal_value=-2.41029e-06 0.00821625 0.00143878 -0.0118907 -0.00804565 0.0110934 0.00950606 -0.0115321 0.00699222 -0.0142938
internal_weight=140.182 82.9015 24.7502 57.2809 22.1979 58.1513 40.5151 14.7053 22.7838 35.083
internal_count=608 289 97 319 115 192 137 81 80 204
is_linear=0
shrinkage=0.01


Tree=46
num_leaves=9
num_cat=0
split_feature=4 4 4 7 6 1 4 6
split_gain=134.946 16.0875 19.3294 7.91592 5.25339 2.42371 0.463296 0.0137012
threshold=0.2537313432835821 1.0895522388059702 0.98880597014925387 1.0000000180025095e-35 0.97328990228013046 0.18750000000000003 -0.71641791044776115 0.34527687296416948
decision_type=2 2 2 2 2 2 2 2
left_child=4 2 -2 -3 5 6 -1 -8
right_child=1 3 -4 -5 -6 -7 7 -9
leaf_value=-0.011039908461513117 0.0028163588736494073 -0.0041063225585749501 0.015558984335701789 0.00702642239973992 -0.0042577803191390876 -0.0084430287841168079 -0.014794244100150331 -0.012778694345906869
leaf_weight=6.8986307978630057 17.541951447725296 11.809629395604135 37.281151056289673 13.686768054962156 8.8776240646839124 11.302074819803236 25.56965371966362 6.793646126985549
leaf_count=38 67 50 114 48 41 58 153 39
internal_value=-2.47584e-06 0.00844653 0.0114942 0.00187397 -0.0114141 -0.0126596 -0.0138489 -0.0144118
internal_weight=139.761 80.3195 54.8231 25.4964 59.4416 50.564 39.2619 32.3633
internal_count=608 279 181 98 329 288 230 192
is_linear=0
shrinkage=0.01


Tree=47
num_leaves=10
num_cat=0
split_feature=4 7 1 4 1 4 4 5 1
split_gain=132.721 15.8674 5.24168 5.16613 5.29659 4.36566 4.96913 1.69729 0.215884
threshold=0.12686567164179108 -0.088235294117647037 0.26250000000000007 -1.0000000180025095e-35 -0.31249999999999994 0.98880597014925387 1.0895522388059702 -0.15555555555555556 0.26250000000000007
decision_type=2 2 2 2 2 2 2 2 2
left_child=3 2 -2 4 7 -3 -7 -1 -5
right_child=1 5 -4 8 -6 6 -8 -9 -10
leaf_value=-0.014702179757619185 -0.0040911109705154504 0.005484843359177225 0.0052247905765251124 -0.014738106378695465 -0.0010336683631089038 0.01490523543674799 0.0080169510525753031 -0.0076732377618558166 -0.012202043577501192
leaf_weight=7.5604567825794229 10.19391840696335 11.862217605113981 14.527533546090124 26.317990154027939 7.4733403772115699 28.788511246442795 17.132648333907127 7.0420766919851312 8.4585576355457288
leaf_count=45 45 43 52 158 34 90 59 36 46
internal_value=-2.67568e-06 0.00809476 0.00138236 -0.0117473 -0.00790303 0.0109592 0.0123583 -0.0113877 -0.014158
internal_weight=139.357 82.5048 24.7215 56.8524 22.0759 57.7834 45.9212 14.6025 34.7765
internal_count=608 289 97 319 115 192 149 81 204
is_linear=0
shrinkage=0.01


Tree=48
num_leaves=9
num_cat=0
split_feature=4 4 4 7 6 1 4 6
split_gain=130.539 15.8274 18.9894 7.72329 5.21032 2.41385 0.464626 0.0183186
threshold=0.2537313432835821 1.0895522388059702 0.98880597014925387 1.0000000180025095e-35 0.97328990228013046 0.18750000000000003 -0.71641791044776115 0.34527687296416948
decision_type=2 2 2 2 2 2 2 2
left_child=4 2 -2 -3 5 6 -1 -8
right_child=1 3 -4 -5 -6 -7 7 -9
leaf_value=-0.010903132621886349 0.0027607750376256223 -0.004104015191197399 0.015414137735525192 0.0069035237240667874 -0.0041413692433847956 -0.0083080567307027425 -0.014666571387309854 -0.012638288540412244
leaf_weight=6.8531280606985083 17.515669316053391 11.80346927046776 36.966277286410332 13.634525731205938 8.8538417220115644 11.248213112354277 25.315638810396194 6.7364364564418784
leaf_count=38 67 50 114 48 41 58 153 39
internal_value=-2.82368e-06 0.0083222 0.0113587 0.00179985 -0.0112733 -0.0125216 -0.0137154 -0.0142809
internal_weight=138.927 79.9199 54.4819 25.438 59.0073 50.1534 38.9052 32.0521
internal_count=608 279 181 98 329 288 230 192
is_linear=0
shrinkage=0.01


Tree=49
num_leaves=11
num_cat=0
split_feature=4 7 4 5 1 0 2 6 6 1
split_gain=128.444 15.5754 5.14744 5.28184 5.11923 3.15942 3.09971 1.91278 0.593448 0.217943
threshold=0.12686567164179108 -0.088235294117647037 -1.0000000180025095e-35 0.23888888888888918 0.26250000000000007 0.90000000000000013 0.14062500000000003 0.12899022801302931 0.029967426710097753 0.26250000000000007
decision_type=2 2 2 2 2 2 2 2 2 2
left_child=2 4 3 7 -2 6 8 -1 -3 -4
right_child=1 5 9 -5 -6 -7 -8 -9 -10 -11
leaf_value=-0.014842626204895508 -0.0040812149594953934 0.0083878533602053888 -0.014609896398740503 -0.00098351630478455679 0.00512954584605741 0.014428301877239093 0.012411604722631073 -0.0073573229568356172 0.0050399893074305315 -0.012070497497608286
leaf_weight=7.4341573119163531 10.190057799220087 11.275626122951509 26.053330555558205 7.5745819807052603 14.501429125666617 17.345430567860603 17.46816274523735 6.9436551034450531 11.317840069532393 8.4122045636177045
leaf_count=44 45 39 158 35 52 55 57 36 41 46
internal_value=-3.01932e-06 0.00797609 -0.0116077 -0.0077632 0.00132718 0.0108286 0.00923797 -0.0113034 0.00674039 -0.0140268
internal_weight=138.516 82.0985 56.4179 21.9524 24.6915 57.4071 40.0616 14.3778 22.5935 34.4655
internal_count=608 289 319 115 97 192 137 80 80 204
is_linear=0
shrinkage=0.01


Tree=50
num_leaves=11
num_cat=0
split_feature=4 7 4 1 1 0 2 5 6 1
split_gain=126.336 15.3612 5.10932 5.25315 5.02164 3.13998 3.07181 1.67662 0.585514 0.222126
threshold=0.12686567164179108 -0.088235294117647037 -1.0000000180025095e-35 -0.31249999999999994 0.26250000000000007 0.90000000000000013 0.14062500000000003 -0.15555555555555556 0.029967426710097753 0.26250000000000007
decision_type=2 2 2 2 2 2 2 2 2 2
left_child=2 4 3 7 -2 6 8 -1 -3 -4
right_child=1 5 9 -5 -6 -7 -8 -9 -10 -11
leaf_value=-0.014520385885409517 -0.0040423432942081877 0.0083231673924225452 -0.014542527849991042 -0.00085798184379929114 0.0050827483605362786 0.014355833994893367 0.012338327964152407 -0.0075063364921395198 0.0049954021076571526 -0.011991512447581692
leaf_weight=7.4573434889316568 10.186147138476374 11.250528857111933 25.91344727575779 7.4410148113965979 14.48957623541355 17.259595096111298 17.397137075662613 7.0014756470918664 11.305624902248381 8.3837388157844526
leaf_count=45 45 39 158 34 52 55 57 36 41 46
internal_value=-3.08196e-06 0.0079172 -0.0115378 -0.00770513 0.0013148 0.0107575 0.00917112 -0.0111988 0.00668463 -0.0139556
internal_weight=138.086 81.8886 56.197 21.8998 24.6757 57.2129 39.9533 14.4588 22.5562 34.2972
internal_count=608 289 319 115 97 192 137 81 80 204
is_linear=0
shrinkage=0.01


Tree=51
num_leaves=8
num_cat=0
split_feature=4 4 4 7 6 1 6
split_gain=124.32 15.681 18.7283 7.43558 5.15779 2.41063 0.471036
threshold=0.2537313432835821 1.0895522388059702 0.98880597014925387 1.0000000180025095e-35 0.97328990228013046 0.18750000000000003 0.41172638436482101
decision_type=2 2 2 2 2 2 2
left_child=4 2 -2 -3 5 6 -1
right_child=1 3 -4 -5 -6 -7 -8
leaf_value=-0.014124046085075934 0.0026395166800997935 -0.0041481831651841083 0.015244662484333479 0.0066760485629778488 -0.0039667021114756654 -0.0081057120729285531 -0.010802575377137849
leaf_weight=31.162054523825645 17.446860745549202 11.783847421407701 36.547185286879539 13.530012905597685 8.8120508790016157 11.158249273896216 7.2099522352218619
leaf_count=189 67 50 114 48 41 58 41
internal_value=-3.14433e-06 0.00814387 0.011184 0.00164077 -0.0110728 -0.0123265 -0.0135297
internal_weight=137.65 79.3079 53.994 25.3139 58.3423 49.5303 38.372
internal_count=608 279 181 98 329 288 230
is_linear=0
shrinkage=0.01


Tree=52
num_leaves=11
num_cat=0
split_feature=4 7 4 1 1 0 2 5 6 1
split_gain=122.284 15.0818 5.10351 5.91589 4.90469 3.12327 3.03345 1.52318 0.572643 0.225105
threshold=0.12686567164179108 -0.088235294117647037 -1.0000000180025095e-35 -0.26249999999999996 0.26250000000000007 0.90000000000000013 0.14062500000000003 -0.15555555555555556 0.029967426710097753 0.26250000000000007
decision_type=2 2 2 2 2 2 2 2 2 2
left_child=2 4 3 7 -2 6 8 -1 -3 -4
right_child=1 5 9 -5 -6 -7 -8 -9 -10 -11
leaf_value=-0.01439545682859108 -0.0040323815985048791 0.0081995972545524844 -0.014423243877923231 -4.1595096572402646e-05 0.0049902719708767931 0.014236999878548607 0.012208931033877895 -0.007745545015565459 0.0049035202994788833 -0.0118649619373207
leaf_weight=7.3825663924217233 10.181968465447428 11.193179577589037 25.648100033402443 7.0731254220008841 14.462535887956617 17.102920338511467 17.260979428887367 7.3146249651908883 11.27541573345661 8.3363433480262739
leaf_count=45 45 39 158 32 52 55 57 38 41 46
internal_value=-3.24312e-06 0.00780203 -0.011403 -0.00756476 0.0012613 0.0106311 0.009047 -0.0111606 0.00657458 -0.0138324
internal_weight=137.232 81.477 55.7548 21.7703 24.6445 56.8325 39.7296 14.6972 22.4686 33.9844
internal_count=608 289 319 115 97 192 137 83 80 204
is_linear=0
shrinkage=0.01


Tree=53
num_leaves=8
num_cat=0
split_feature=4 4 4 7 6 1 6
split_gain=120.327 15.5009 18.5062 7.22772 5.11422 2.39777 0.474418
threshold=0.2537313432835821 1.0895522388059702 0.98880597014925387 1.0000000180025095e-35 0.97328990228013046 0.18750000000000003 0.41172638436482101
decision_type=2 2 2 2 2 2 2
left_child=4 2 -2 -3 5 6 -1
right_child=1 3 -4 -5 -6 -7 -8
leaf_value=-0.014003993941892199 0.0025678943509354099 -0.0041477688110062375 0.015123597659600854 0.0065377009963497627 -0.0038599164525378615 -0.0079825724283476025 -0.010668941415213714
leaf_weight=30.849947184324265 17.408476293087006 11.776430383324625 36.248159319162369 13.464647158980368 8.7867310643196088 11.102681726217268 7.1544015109539023
leaf_count=189 67 50 114 48 41 58 41
internal_value=-3.30292e-06 0.00802676 0.0110624 0.00155561 -0.0109417 -0.0121984 -0.0134058
internal_weight=136.791 78.8977 53.6566 25.2411 57.8938 49.107 38.0043
internal_count=608 279 181 98 329 288 230
is_linear=0
shrinkage=0.01


Tree=54
num_leaves=10
num_cat=0
split_feature=4 7 4 1 1 4 4 5 1
split_gain=118.378 14.8101 5.09882 5.84386 4.79073 4.11101 4.81823 1.52363 0.228322
threshold=0.12686567164179108 -0.088235294117647037 -1.0000000180025095e-35 -0.26249999999999996 0.26250000000000007 0.98880597014925387 1.0895522388059702 -0.15555555555555556 0.26250000000000007
decision_type=2 2 2 2 2 2 2 2 2
left_child=2 4 3 7 -2 -3 -7 -1 -4
right_child=1 5 8 -5 -6 6 -8 -9 -10
leaf_value=-0.014274953961658707 -0.0040222064408713841 0.0051798422795287435 -0.014308232406634615 5.106805883985918e-05 0.004899601630155126 0.014459078075444907 0.0076067638184001383 -0.007604703247289458 -0.011741345127729742
leaf_weight=7.3069142699241647 10.177446380257608 11.744310364127157 25.380136966705322 7.0565466582775107 14.434753969311712 27.811765551567078 16.892060324549675 7.2757730185985574 8.2883863449096662
leaf_count=45 45 43 158 32 52 90 59 38 46
internal_value=-3.39988e-06 0.00768924 -0.0112714 -0.00742705 0.00120898 0.0105076 0.0118926 -0.0110214 -0.013713
internal_weight=136.368 81.0603 55.3078 21.6392 24.6122 56.4481 44.7038 14.5827 33.6685
internal_count=608 289 319 115 97 192 149 83 204
is_linear=0
shrinkage=0.01


Tree=55
num_leaves=10
num_cat=0
split_feature=4 7 4 1 1 4 4 5 1
split_gain=116.457 14.6108 5.0622 5.76586 4.69945 4.07505 4.79678 1.51679 0.232653
threshold=0.12686567164179108 -0.088235294117647037 -1.0000000180025095e-35 -0.26249999999999996 0.26250000000000007 0.98880597014925387 1.0895522388059702 -0.15555555555555556 0.26250000000000007
decision_type=2 2 2 2 2 2 2 2 2
left_child=2 4 3 7 -2 -3 -7 -1 -4
right_child=1 5 8 -5 -6 6 -8 -9 -10
leaf_value=-0.014211659186590985 -0.0039839234069888865 0.0051348694369176507 -0.014246510449833483 5.0563763153390271e-05 0.004855013994347783 0.01439448527441232 0.0075466422379287532 -0.0075456919665516445 -0.011666604163569381
leaf_weight=7.2667096108198175 10.173474475741388 11.729648157954214 25.236347451806068 7.0566282719373694 14.42262554168701 27.658418446779251 16.857339411973953 7.2602068483829507 8.2588590383529645
leaf_count=45 45 43 158 32 52 90 59 38 46
internal_value=-3.54035e-06 0.00763343 -0.0112062 -0.00737283 0.00119771 0.0104407 0.0118241 -0.0109545 -0.013647
internal_weight=135.92 80.8415 55.0788 21.5835 24.5961 56.2454 44.5158 14.5269 33.4952
internal_count=608 289 319 115 97 192 149 83 204
is_linear=0
shrinkage=0.01


Tree=56
num_leaves=10
num_cat=0
split_feature=4 4 4 7 6 1 4 6 7
split_gain=114.593 15.2384 18.104 7.00936 5.08298 2.3909 0.483712 0.0327016 0.00135635
threshold=0.2537313432835821 1.0895522388059702 0.98880597014925387 1.0000000180025095e-35 0.97328990228013046 0.18750000000000003 -0.71641791044776115 0.34527687296416948 0.20588235294117649
decision_type=2 2 2 2 2 2 2 2 2
left_child=4 2 -2 -3 5 6 -1 -8 -4
right_child=1 3 8 -5 -6 -7 7 -9 -10
leaf_value=-0.010370031933240455 0.0024903303340692347 -0.0041798649340207437 0.015898822642370219 0.0063617413912282882 -0.0036791594697808336 -0.0077956335722325137 -0.014212640651658864 -0.01214216411721167 0.014277835603194596
leaf_weight=6.6584406942129126 17.363721773028374 11.759571522474291 13.818698763847349 13.382139310240744 8.7423965632915479 11.014903932809828 24.28390292823315 6.5109868049621573 21.935423791408539
leaf_count=38 67 50 42 48 41 58 153 39 72
internal_value=-3.67997e-06 0.00785607 0.0108873 0.00143407 -0.0107501 -0.0120153 -0.0132323 -0.0138156 0.0149469
internal_weight=135.47 78.2596 53.1178 25.1417 57.2106 48.4682 37.4533 30.7949 35.7541
internal_count=608 279 181 98 329 288 230 192 114
is_linear=0
shrinkage=0.01


Tree=57
num_leaves=10
num_cat=0
split_feature=4 7 4 1 1 4 4 5 1
split_gain=112.763 14.3651 5.05077 5.70285 4.58905 3.97052 4.7185 1.51733 0.235564
threshold=0.12686567164179108 -0.088235294117647037 -1.0000000180025095e-35 -0.26249999999999996 0.26250000000000007 0.98880597014925387 1.0895522388059702 -0.15555555555555556 0.26250000000000007
decision_type=2 2 2 2 2 2 2 2 2
left_child=2 4 3 7 -2 -3 -7 -1 -4
right_child=1 5 8 -5 -6 6 -8 -9 -10
leaf_value=-0.014101389768633255 -0.0039758068688570429 0.005083953190962635 -0.014135855316006789 0.0001406135657252973 0.0047635119536332989 0.014267610103646298 0.0074547380172868176 -0.0074146622214644724 -0.011547420427368178
leaf_weight=7.1925820857286462 10.16866545379162 11.708241805434225 24.960284575819969 7.0402315557003012 14.392892256379126 27.346235901117325 16.80112162232399 7.2227887660264978 8.210113972425459
leaf_count=45 45 43 158 32 52 90 59 38 46
internal_value=-3.75499e-06 0.00752422 -0.0110795 -0.00724301 0.00114392 0.0103228 0.0116975 -0.0108252 -0.0135318
internal_weight=135.043 80.4172 54.626 21.4556 24.5616 55.8556 44.1474 14.4154 33.1704
internal_count=608 289 319 115 97 192 149 83 204
is_linear=0
shrinkage=0.01


Tree=58
num_leaves=10
num_cat=0
split_feature=4 7 6 1 4 4 1 4 6
split_gain=110.942 14.1736 5.03132 4.50164 3.93723 4.69999 2.12572 0.553196 0.0348188
threshold=0.12686567164179108 -0.088235294117647037 0.97328990228013046 0.26250000000000007 0.98880597014925387 1.0895522388059702 0.43750000000000006 -0.73134328358208944 0.37263843648208478
decision_type=2 2 2 2 2 2 2 2 2
left_child=2 3 6 -2 -3 -6 7 -1 -9
right_child=1 4 -4 -5 5 -7 -8 8 -10
leaf_value=-0.010056913921052161 -0.0039379846443186924 0.0050398257369291769 -0.0036282968498710507 0.0047202149595587965 0.014206542905312694 0.0073959994451815838 -0.0069882891516650962 -0.014100307305690337 -0.012044293792899854
leaf_weight=6.2894913703203192 10.164647549390795 11.69359830021858 7.9853556454181662 14.380644321441649 27.190358132123947 16.766179472208023 6.8865590095520011 26.769276320934296 6.4634264111518851
leaf_count=36 45 43 38 52 90 59 36 170 39
internal_value=-3.89274e-06 0.00747006 -0.0110165 0.00113327 0.0102579 0.0116315 -0.0122772 -0.0131789 -0.0137378
internal_weight=134.59 80.1954 54.3941 24.5453 55.6501 43.9565 46.4088 39.5222 33.2327
internal_count=608 289 319 97 192 149 281 245 209
is_linear=0
shrinkage=0.01


Tree=59
num_leaves=10
num_cat=0
split_feature=4 4 4 1 6 1 6 7 5
split_gain=109.161 14.9869 17.7261 6.84972 4.99624 2.37922 0.49373 0.0112855 0.00585583
threshold=0.2537313432835821 1.0895522388059702 0.98880597014925387 0.6625000000000002 0.97328990228013046 0.18750000000000003 0.41172638436482101 0.20588235294117649 0.35000000000000026
decision_type=2 2 2 2 2 2 2 2 2
left_child=4 2 -2 -3 5 6 8 -4 -1
right_child=1 3 7 -5 -6 -7 -8 -9 -10
leaf_value=-0.014061321578359666 0.002414825186635636 -0.0038361093082007786 0.015745112240054725 0.0065844716938491185 -0.0035481041418722291 -0.0076136459602803618 -0.010269153518531223 0.01409629087979803 -0.01215420704093189
leaf_weight=23.168553411960605 17.319039165973663 12.674783632159235 13.694133475422857 12.367165043950079 8.7097413390874845 10.928068712353705 6.9782716184854499 21.559619694948196 6.7373510897159568
leaf_count=148 67 54 42 44 41 58 41 72 41
internal_value=-4.02348e-06 0.00769042 0.0107185 0.0013159 -0.0105648 -0.0118329 -0.013059 0.0147795 -0.0136736
internal_weight=134.137 77.6147 52.5728 25.0419 56.522 47.8122 36.8842 35.2538 29.9059
internal_count=608 279 181 98 329 288 230 114 189
is_linear=0
shrinkage=0.01


Tree=60
num_leaves=10
num_cat=0
split_feature=4 7 4 1 1 4 4 5 1
split_gain=107.433 13.977 5.07096 5.64819 4.38189 3.84341 4.61463 1.52525 0.239581
threshold=0.12686567164179108 -0.088235294117647037 -1.0000000180025095e-35 -0.26249999999999996 0.26250000000000007 0.98880597014925387 1.0895522388059702 -0.15555555555555556 0.26250000000000007
decision_type=2 2 2 2 2 2 2 2 2
left_child=2 4 3 7 -2 -3 -7 -1 -4
right_child=1 5 8 -5 -6 6 -8 -9 -10
leaf_value=-0.013944284502657214 -0.0039311719026149184 0.0049897706220060995 -0.013982313856610147 0.00031784308263249693 0.0046163469520939119 0.014086473941466116 0.0073172718377391248 -0.0072095532535170368 -0.011381067346136005
leaf_weight=7.0803382694721231 10.159729316830637 11.672352001070974 24.552110344171524 7.007183924317359 14.346682071685789 26.873428136110306 16.718732997775078 7.161235213279725 8.1386862993240339
leaf_count=45 45 43 158 32 52 90 59 38 46
internal_value=-4.09051e-06 0.00736347 -0.0108934 -0.00703629 0.00107119 0.0101467 0.011513 -0.0106317 -0.0133714
internal_weight=133.71 79.7709 53.9396 21.2488 24.5064 55.2645 43.5922 14.2416 32.6908
internal_count=608 289 319 115 97 192 149 83 204
is_linear=0
shrinkage=0.01


Tree=61
num_leaves=10
num_cat=0
split_feature=4 7 4 1 1 4 4 5 1
split_gain=105.707 13.792 5.03696 5.57347 4.29844 3.81243 4.5989 1.51919 0.244085
threshold=0.12686567164179108 -0.088235294117647037 -1.0000000180025095e-35 -0.26249999999999996 0.26250000000000007 0.98880597014925387 1.0895522388059702 -0.15555555555555556 0.26250000000000007
decision_type=2 2 2 2 2 2 2 2 2
left_child=2 4 3 7 -2 -3 -7 -1 -4
right_child=1 5 8 -5 -6 6 -8 -9 -10
leaf_value=-0.013886892159650062 -0.0038937917200338569 0.0049464671264110947 -0.013926500704016638 0.0003146857461784266 0.0045744312066767004 0.014028674728475608 0.0072597606610574107 -0.0071539996608140045 -0.011310683187699089
leaf_weight=7.0391241014003763 10.155669882893564 11.65773983299732 24.405140295624733 7.0077146291732779 14.334339290857313 26.715510785579681 16.683634400367737 7.1455319225788125 8.1082141697406751
leaf_count=45 45 43 158 32 52 90 59 38 46
internal_value=-4.22546e-06 0.00731084 -0.0108325 -0.00698551 0.00106122 0.0100838 0.0114492 -0.010569 -0.0133108
internal_weight=133.253 79.5469 53.7057 21.1924 24.49 55.0569 43.3991 14.1847 32.5134
internal_count=608 289 319 115 97 192 149 83 204
is_linear=0
shrinkage=0.01


Tree=62
num_leaves=10
num_cat=0
split_feature=4 7 4 1 1 4 4 5 1
split_gain=104.011 13.61 5.00373 5.49997 4.21659 3.78202 4.5838 1.51334 0.248588
threshold=0.12686567164179108 -0.088235294117647037 -1.0000000180025095e-35 -0.26249999999999996 0.26250000000000007 0.98880597014925387 1.0895522388059702 -0.15555555555555556 0.26250000000000007
decision_type=2 2 2 2 2 2 2 2 2
left_child=2 4 3 7 -2 -3 -7 -1 -4
right_child=1 5 8 -5 -6 6 -8 -9 -10
leaf_value=-0.013830492616714703 -0.0038567811320753399 0.0049035410384986773 -0.013871664771051487 0.00031156002587015959 0.0045329060794928478 0.013971905803322322 0.0072027563243345048 -0.0070989181652257403 -0.011241113341433085
leaf_weight=6.9977660030126581 10.151574447751047 11.643143922090529 24.257734909653664 7.0082397460937491 14.321974366903303 26.557018846273422 16.648484408855438 7.1298203766345987 8.0775833427906019
leaf_count=45 45 43 158 32 52 90 59 38 46
internal_value=-4.3596e-06 0.00725871 -0.0107723 -0.00693521 0.00105135 0.0100215 0.0113862 -0.010507 -0.0132512
internal_weight=132.793 79.3222 53.4711 21.1358 24.4735 54.8486 43.2055 14.1276 32.3353
internal_count=608 289 319 115 97 192 149 83 204
is_linear=0
shrinkage=0.01


Tree=63
num_leaves=10
num_cat=0
split_feature=4 4 4 7 6 1 6 7 5
split_gain=102.373 14.7326 17.2853 6.67099 4.97853 2.37818 0.505896 0.0294873 0.0093585
threshold=0.2537313432835821 1.0895522388059702 0.98880597014925387 0.088235294117647065 0.97328990228013046 0.18750000000000003 0.41172638436482101 0.20588235294117649 0.35000000000000026
decision_type=2 2 2 2 2 2 2 2 2
left_child=4 2 -2 -3 5 6 8 -4 -1
right_child=1 3 7 -5 -6 -7 -8 -9 -10
leaf_value=-0.013870279234163025 0.0023164984614331965 -0.0038964285347681421 0.015575800623859619 0.0064163710975509219 -0.0033070387647865973 -0.0073784423881948294 -0.010027175851953854 0.013869037215038014 -0.011954388118579398
leaf_weight=22.659057646989826 17.255908772349358 12.73324427008629 13.529243916273115 12.173979058861731 8.6436567455530149 10.80533419549465 6.8611524403095236 21.051391869783401 6.6198069900274268
leaf_count=148 67 54 42 44 41 58 41 72 41
internal_value=-4.49291e-06 0.0074774 0.0105098 0.00114969 -0.0103285 -0.0116116 -0.0128534 0.0145798 -0.0134793
internal_weight=132.333 76.7438 51.8365 24.9072 55.589 46.9454 36.14 34.5806 29.2789
internal_count=608 279 181 98 329 288 230 114 189
is_linear=0
shrinkage=0.01


Tree=64
num_leaves=10
num_cat=0
split_feature=4 7 4 1 1 4 4 5 1
split_gain=100.747 13.3948 5.00524 5.4354 4.11773 3.69208 4.51676 1.51443 0.252632
threshold=0.12686567164179108 -0.088235294117647037 -1.0000000180025095e-35 -0.26249999999999996 0.26250000000000007 0.98880597014925387 1.0895522388059702 -0.15555555555555556 0.26250000000000007
decision_type=2 2 2 2 2 2 2 2 2
left_child=2 4 3 7 -2 -3 -7 -1 -4
right_child=1 5 8 -5 -6 6 -8 -9 -10
leaf_value=-0.01372807881071891 -0.0038500733578386058 0.004855070163002545 -0.01377556998737875 0.00039500784080634296 0.0044456119330371956 0.013860127606191961 0.0071185281949288541 -0.0069713362697170402 -0.011130984797171018
leaf_weight=6.9183146059513101 10.146345198154451 11.622100830078123 23.981443405151367 6.9922936111688605 14.290349736809729 26.235190361738205 16.593068927526474 7.0903566181659707 8.027598559856413
leaf_count=45 45 43 158 32 52 90 59 38 46
internal_value=-4.55397e-06 0.00715656 -0.0106548 -0.00680883 0.000999512 0.00991287 0.0112709 -0.0103819 -0.0131491
internal_weight=131.897 78.8871 53.01 21.001 24.4367 54.4504 42.8283 14.0087 32.009
internal_count=608 289 319 115 97 192 149 83 204
is_linear=0
shrinkage=0.01


Tree=65
num_leaves=10
num_cat=0
split_feature=4 7 6 1 4 4 1 4 6
split_gain=99.1386 13.2193 4.98777 4.03933 3.6637 4.50387 2.12716 0.573854 0.0478039
threshold=0.12686567164179108 -0.088235294117647037 0.97328990228013046 0.26250000000000007 0.98880597014925387 1.0895522388059702 0.43750000000000006 -0.73134328358208944 0.37263843648208478
decision_type=2 2 2 2 2 2 2 2 2
left_child=2 3 6 -2 -3 -6 7 -1 -9
right_child=1 4 -4 -5 5 -7 -8 8 -10
leaf_value=-0.0096231552271015767 -0.0038134937566433346 0.0048129369905059831 -0.0032129917359495779 0.0044052815165902077 0.013806320719467283 0.0070627515018971652 -0.0065651202640404169 -0.013759653859839873 -0.011653330950247811
leaf_weight=6.1201173961162558 10.142213374376299 11.60755282640457 7.8874374330043784 14.277943328022955 26.075253069400787 16.557835042476654 6.7645660638809195 25.742704346776009 6.2590679526329032
leaf_count=36 45 43 38 52 90 59 36 170 39
internal_value=-4.68579e-06 0.00710585 -0.0105965 0.000990217 0.00985233 0.0112099 -0.0118839 -0.0128081 -0.0133853
internal_weight=131.435 78.6608 52.7739 24.4202 54.2406 42.6331 44.8865 38.1219 32.0018
internal_count=608 289 319 97 192 149 281 245 209
is_linear=0
shrinkage=0.01


Tree=66
num_leaves=10
num_cat=0
split_feature=4 4 4 1 6 1 6 7 5
split_gain=97.5703 14.5034 16.9583 6.57915 4.89736 2.36986 0.51496 0.0373134 0.014571
threshold=0.2537313432835821 1.0895522388059702 0.98880597014925387 0.6625000000000002 0.97328990228013046 0.18750000000000003 0.41172638436482101 0.20588235294117649 0.35000000000000026
decision_type=2 2 2 2 2 2 2 2 2
left_child=4 2 -2 -3 5 6 8 -4 -1
right_child=1 3 7 -5 -6 -7 -8 -9 -10
leaf_value=-0.013727726698459525 0.0022456811355124253 -0.0040196700572340772 0.0154394920026549 0.0062406052325944782 -0.0031858743181080742 -0.0072072855346511687 -0.0098425566160497534 0.013708921759324233 -0.011791133308546326
leaf_weight=22.264772981405262 17.21160888671875 12.588233202695848 13.399035289883612 12.219645723700522 8.610499441623686 10.716982632875441 6.7728987336158744 20.666428476572037 6.5247858613729468
leaf_count=148 67 54 42 44 41 58 41 72 41
internal_value=-4.80855e-06 0.00732244 0.0103544 0.00103901 -0.0101562 -0.0114434 -0.0126962 0.0144328 -0.0133312
internal_weight=130.975 76.085 51.2771 24.8079 54.8899 46.2794 35.5625 34.0655 28.7896
internal_count=608 279 181 98 329 288 230 114 189
is_linear=0
shrinkage=0.01


Tree=67
num_leaves=10
num_cat=0
split_feature=4 7 4 1 1 4 4 5 1
split_gain=96.0345 13.0426 5.03036 5.38557 3.93149 3.58179 4.43145 1.52397 0.257443
threshold=0.12686567164179108 -0.088235294117647037 -1.0000000180025095e-35 -0.26249999999999996 0.26250000000000007 0.98880597014925387 1.0895522388059702 -0.15555555555555556 0.26250000000000007
decision_type=2 2 2 2 2 2 2 2 2
left_child=2 4 3 7 -2 -3 -7 -1 -4
right_child=1 5 8 -5 -6 6 -8 -9 -10
leaf_value=-0.013588942310705582 -0.0038065135826041664 0.0047655670588902035 -0.01363993387564719 0.00056288263734326552 0.0043071862304693391 0.013700282532978225 0.0069893740400159398 -0.0067771788230531231 -0.010977365394361815
leaf_weight=6.8042141199111947 10.136632949113848 11.586664900183676 23.567790701985363 6.9596133530139914 14.242429137229918 25.750782817602158 16.510774821043015 7.0277201980352411 7.9548307955265036
leaf_count=45 45 43 158 32 52 90 59 38 46
internal_value=-4.86696e-06 0.00700605 -0.0104819 -0.00661287 0.000931802 0.00974927 0.0111011 -0.0102015 -0.0130049
internal_weight=130.541 78.2273 52.3142 20.7915 24.3791 53.8482 42.2616 13.8319 31.5226
internal_count=608 289 319 115 97 192 149 83 204
is_linear=0
shrinkage=0.01


Tree=68
num_leaves=10
num_cat=0
split_feature=4 7 3 4 1 4 4 5 3
split_gain=94.528 12.7864 16.8424 5.59619 5.31482 4.60124 4.29092 1.51868 0.110704
threshold=0.067164179104477625 -0.088235294117647037 0.50000000000000011 -1.0000000180025095e-35 -0.26249999999999996 0.94776119402985082 1.2910447761194033 -0.15555555555555556 -0.21428571428571425
decision_type=2 2 2 2 2 2 2 2 2
left_child=3 2 -2 4 7 -3 -7 -1 -5
right_child=1 5 -4 8 -6 6 -8 -9 -10
leaf_value=-0.013537627891936277 -0.0095332916344353352 0.0038107744978619533 0.0074033390266469903 -0.011445541661358352 0.00055725593715168177 0.013279570518504955 0.0065624487129516823 -0.0067252065543116661 -0.013827045243260363
leaf_weight=6.7622947543859491 9.5006085187196749 11.346949249505995 15.017861321568487 6.3649816215038326 6.9605896472930899 28.501720771193504 14.757293120026587 7.0120617896318445 23.852929964661598
leaf_count=45 45 44 53 41 32 100 53 38 157
internal_value=-4.99625e-06 0.00683297 0.000828535 -0.0106162 -0.00656564 0.00952255 0.0110085 -0.0101431 -0.0133648
internal_weight=130.077 79.1244 24.5185 50.9529 20.7349 54.606 43.259 13.7744 30.2179
internal_count=608 295 98 313 115 197 153 83 198
is_linear=0
shrinkage=0.01


Tree=69
num_leaves=10
num_cat=0
split_feature=4 7 3 4 1 4 4 5 3
split_gain=93.0281 12.6172 16.5188 5.56272 5.24516 4.56298 4.27579 1.51355 0.111246
threshold=0.067164179104477625 -0.088235294117647037 0.50000000000000011 -1.0000000180025095e-35 -0.26249999999999996 0.94776119402985082 1.2910447761194033 -0.15555555555555556 -0.21428571428571425
decision_type=2 2 2 2 2 2 2 2 2
left_child=3 2 -2 4 7 -3 -7 -1 -5
right_child=1 5 -4 8 -6 6 -8 -9 -10
leaf_value=-0.013487161329711632 -0.0094402962139474005 0.0037760624427824081 0.0073365604947627618 -0.011390062947044555 0.00055168660112520887 0.013225876235490153 0.0065101161053450216 -0.0066736521759026071 -0.013774136583502796
leaf_weight=6.7203067541122445 9.4992475062608737 11.337711766362188 15.003990486264227 6.332673832774165 6.9615552127361289 28.332512348890305 14.728113055229185 6.9964189678430566 23.706227824091911
leaf_count=45 45 44 53 41 32 100 53 38 157
internal_value=-5.16422e-06 0.00678415 0.000820689 -0.01056 -0.00651882 0.00946391 0.0109493 -0.0100853 -0.013311
internal_weight=129.619 78.9016 24.5032 50.7172 20.6783 54.3983 43.0606 13.7167 30.0389
internal_count=608 295 98 313 115 197 153 83 198
is_linear=0
shrinkage=0.01


Tree=70
num_leaves=10
num_cat=0
split_feature=4 7 3 4 1 4 4 5 3
split_gain=91.5545 12.4503 16.2019 5.52999 5.17658 4.52529 4.2611 1.50859 0.111835
threshold=0.067164179104477625 -0.088235294117647037 0.50000000000000011 -1.0000000180025095e-35 -0.26249999999999996 0.94776119402985082 1.2910447761194033 -0.15555555555555556 -0.21428571428571425
decision_type=2 2 2 2 2 2 2 2 2
left_child=3 2 -2 4 7 -3 -7 -1 -5
right_child=1 5 -4 8 -6 6 -8 -9 -10
leaf_value=-0.01343752380620874 -0.0093485767557839328 0.0037416607207985363 0.0072705049859853044 -0.011335154395935418 0.00054617377318831801 0.013172990313650689 0.0064582239654963061 -0.0066225107053694303 -0.013722133392884644
leaf_weight=6.6782600879669198 9.49751064181328 11.328499302268026 14.989884376525877 6.3003630489110973 6.9625103920698157 28.163048535585403 14.698940545320509 6.9807943999767312 23.559223130345345
leaf_count=45 45 44 53 41 32 100 53 38 157
internal_value=-5.33124e-06 0.00673582 0.000812937 -0.0105044 -0.0064724 0.0094058 0.0108906 -0.010028 -0.013258
internal_weight=129.159 78.6779 24.4874 50.4812 20.6216 54.1905 42.862 13.6591 29.8596
internal_count=608 295 98 313 115 197 153 83 198
is_linear=0
shrinkage=0.01


Tree=71
num_leaves=10
num_cat=0
split_feature=4 4 4 1 6 1 4 6 7
split_gain=90.1217 14.0973 16.5255 6.32789 4.86494 2.39828 0.641703 0.0694191 0.046199
threshold=0.2537313432835821 1.0895522388059702 0.98880597014925387 0.6625000000000002 0.97328990228013046 0.18750000000000003 -0.73134328358208944 0.34527687296416948 0.20588235294117649
decision_type=2 2 2 2 2 2 2 2 2
left_child=4 2 -2 -3 5 6 -1 -8 -4
right_child=1 3 8 -5 -6 -7 7 -9 -10
leaf_value=-0.0090841398395891775 0.0021052614610558695 -0.0040967922074892048 0.01522164503601391 0.0060003487923628133 -0.002914188452760022 -0.0069046568380842421 -0.013544074921667518 -0.011317033470776007 0.013463708909982559
leaf_weight=5.7992611378431311 17.128807216882706 12.530680432915689 13.18995952606201 12.106385990977286 8.5288840979337674 10.545259043574331 22.772815987467769 6.065552055835723 20.030641734600067
leaf_count=35 67 54 42 44 41 58 156 39 72
internal_value=-5.49751e-06 0.00707313 0.0101012 0.000869032 -0.00988268 -0.0111887 -0.0124694 -0.0131164 0.0142053
internal_weight=128.698 74.9865 50.3494 24.6371 53.7118 45.1829 34.6376 28.8384 33.2206
internal_count=608 279 181 98 329 288 230 195 114
is_linear=0
shrinkage=0.01


Tree=72
num_leaves=10
num_cat=0
split_feature=4 7 4 4 1 5 4 5 3
split_gain=88.734 12.2864 5.52678 5.15074 5.12248 4.33619 4.28487 1.51188 0.114583
threshold=0.067164179104477625 -0.088235294117647037 -1.0000000180025095e-35 0.89552238805970164 -0.26249999999999996 0.13888888888888892 1.2910447761194033 -0.15555555555555556 -0.21428571428571425
decision_type=2 2 2 2 2 2 2 2 2
left_child=2 5 4 -3 7 -2 -5 -1 -4
right_child=1 3 8 6 -6 -7 -8 -9 -10
leaf_value=-0.013352268154472114 -0.0042529578906285283 0.0030556624319928887 -0.011234483424377899 0.013113754900184736 0.00062368830072243411 0.0042690025779588527 0.0063874698117132598 -0.0065061184586191192 -0.013635324273274707
leaf_weight=6.6020822823047647 10.060904994606974 10.678326785564421 6.2365610301494625 28.460627391934395 6.9470733702182761 14.383387625217436 14.658246189355848 6.9423456639051446 23.292776107788086
leaf_count=45 44 42 41 102 32 54 53 38 157
internal_value=-5.54423e-06 0.00664215 -0.0103962 0.0093092 -0.00635753 0.000758454 0.0108472 -0.0099166 -0.0131679
internal_weight=128.262 78.2415 50.0208 53.7972 20.4915 24.4443 43.1189 13.5444 29.5293
internal_count=608 295 313 197 115 98 155 83 198
is_linear=0
shrinkage=0.01


Tree=73
num_leaves=10
num_cat=0
split_feature=4 7 4 4 5 4 5 6 8
split_gain=87.3295 12.1295 5.49535 5.10556 5.0949 4.27329 4.25141 2.02596 0.115462
threshold=0.067164179104477625 -0.088235294117647037 -1.0000000180025095e-35 0.89552238805970164 0.23888888888888918 1.0895522388059702 0.13888888888888892 0.12899022801302931 1.0000000180025095e-35
decision_type=2 2 2 2 2 2 2 2 2
left_child=2 6 4 -3 7 -5 -2 -1 -4
right_child=1 3 8 5 -6 -7 -8 -9 -10
leaf_value=-0.013836985720778112 -0.0042101944865693399 0.0030273272384780353 -0.013613164426399314 0.013266500582807933 0.00041773606474978755 0.0066952422971370733 0.0042284071721780652 -0.0058636558632365115 -0.011276050383278721
leaf_weight=6.7065324038267153 10.062471315264704 10.671461120247839 22.615940183401111 26.603266522288322 7.259589970111846 16.313111260533333 14.37725357711315 6.468781903386116 6.7335465252399436
leaf_count=44 44 42 153 96 35 59 54 36 45
internal_value=-5.69695e-06 0.00659418 -0.0103422 0.0092527 -0.0063124 0.01079 0.000751017 -0.00999592 -0.0131171
internal_weight=127.812 78.0276 49.7844 53.5878 20.4349 42.9164 24.4397 13.1753 29.3495
internal_count=608 295 313 197 115 155 98 80 198
is_linear=0
shrinkage=0.01


Tree=74
num_leaves=10
num_cat=0
split_feature=4 4 4 1 6 1 2 4 6
split_gain=85.9468 12.5455 19.0062 6.17158 4.93152 2.19029 0.606489 0.589507 0.0650174
threshold=0.12686567164179108 1.0895522388059702 0.79104477611940316 0.6625000000000002 0.97328990228013046 0.43750000000000006 1.0000000180025095e-35 -0.73134328358208944 0.37263843648208478
decision_type=2 2 2 2 2 2 2 2 2
left_child=4 2 -2 -3 5 7 -4 -1 -9
right_child=1 3 6 -5 -6 -7 -8 8 -10
leaf_value=-0.009146081985855755 -0.00046449967503693265 -0.0041335837087590737 0.011423332678030704 0.0058560936390220251 -0.0027214959522008047 -0.005979697721288404 0.014308320507555834 -0.013382768459454042 -0.011196925227725123
leaf_weight=5.9160123765468589 14.126508161425589 12.509814605116846 16.199253633618355 12.03885482251644 7.7596999853849402 6.5799078792333594 21.81368824839592 24.427947461605076 5.9936804026365271
leaf_count=36 58 54 57 44 38 36 76 170 39
internal_value=-5.84496e-06 0.00666892 0.00943983 0.000769313 -0.0100998 -0.0114244 0.0131121 -0.0123912 -0.0129902
internal_weight=127.365 76.6881 52.1395 24.5487 50.6772 42.9175 38.0129 36.3376 30.4216
internal_count=608 289 191 98 319 281 133 245 209
is_linear=0
shrinkage=0.01


Tree=75
num_leaves=10
num_cat=0
split_feature=4 7 4 1 4 4 5 5 3
split_gain=84.5999 11.9709 5.49393 5.083 5.00059 4.21711 4.15532 1.50341 0.120022
threshold=0.067164179104477625 -0.088235294117647037 -1.0000000180025095e-35 -0.26249999999999996 0.89552238805970164 1.2910447761194033 0.13888888888888892 -0.15555555555555556 -0.21428571428571425
decision_type=2 2 2 2 2 2 2 2 2
left_child=2 6 3 7 -3 -6 -2 -1 -4
right_child=1 4 8 -5 5 -7 -8 -9 -10
leaf_value=-0.013234371902386265 -0.0042077596993476078 0.0029963647257134659 -0.011074506701221813 0.0007590357354138736 0.012968050872254437 0.006264974997510179 0.0041390642899602524 -0.0063723431208766359 -0.013502858972028636
leaf_weight=6.4916877150535592 10.055883780121805 10.658737435936926 6.1349916011095074 6.9196467846631995 27.947862938046455 14.587014794349669 14.355285018682478 6.8970215767622003 22.87902769446373
leaf_count=45 44 42 41 32 102 53 54 38 157
internal_value=-5.93024e-06 0.00649992 -0.0102348 -0.00619825 0.00915639 0.0106894 0.000697553 -0.00977293 -0.0130292
internal_weight=126.927 77.6048 49.3224 20.3084 53.1936 42.5349 24.4112 13.3887 29.014
internal_count=608 295 313 115 197 155 98 83 198
is_linear=0
shrinkage=0.01


Tree=76
num_leaves=10
num_cat=0
split_feature=4 7 4 5 4 4 5 6 8
split_gain=83.2655 11.8183 5.46376 5.02548 4.95749 4.20473 4.0741 2.02574 0.121149
threshold=0.067164179104477625 -0.088235294117647037 -1.0000000180025095e-35 0.23888888888888918 0.89552238805970164 1.2910447761194033 0.13888888888888892 0.12899022801302931 1.0000000180025095e-35
decision_type=2 2 2 2 2 2 2 2 2
left_child=2 6 3 7 -3 -6 -2 -1 -4
right_child=1 4 8 -5 5 -7 -8 -9 -10
leaf_value=-0.013717624330455013 -0.0041654948041102025 0.0029685682493281631 -0.013483214049422055 0.00053209195862373578 0.01291918500610411 0.0062151098371951074 0.0040997572123686677 -0.0057043827733167666 -0.011117269744705288
leaf_weight=6.6060802340507525 10.05734331905842 10.651926934719084 22.215297073125843 7.231252744793891 27.774286672472954 14.557957544922827 14.348979279398916 6.4147609025239944 6.618656411767005
leaf_count=44 44 42 153 35 102 53 54 36 45
internal_value=-6.08062e-06 0.00645316 -0.0101823 -0.00615432 0.00910124 0.0106338 0.000690718 -0.00984344 -0.0129804
internal_weight=126.477 77.3905 49.086 20.2521 52.9842 42.3322 24.4063 13.0208 28.834
internal_count=608 295 313 115 197 155 98 80 198
is_linear=0
shrinkage=0.01


Tree=77
num_leaves=10
num_cat=0
split_feature=4 4 4 1 6 1 4 7 7
split_gain=81.9629 13.6579 16.1085 6.02405 4.77494 2.45833 0.650343 0.0803886 0.0576646
threshold=0.2537313432835821 1.0895522388059702 0.98880597014925387 0.6625000000000002 0.97328990228013046 0.18750000000000003 -0.73134328358208944 0.1470588235294118 0.20588235294117649
decision_type=2 2 2 2 2 2 2 2 2
left_child=4 2 -2 -3 5 6 -1 -8 -4
right_child=1 3 8 -5 -6 -7 7 -9 -10
leaf_value=-0.0087918844202724243 0.0019347061844373137 -0.0041729654824027912 0.01499289137433962 0.0057150309482405775 -0.0026458685990296089 -0.0065256679867959355 -0.013414745065679927 -0.011329956375505598 0.013194907915793166
leaf_weight=5.6748616546392432 17.047955021262169 12.4869801402092 12.947579100728033 11.970818862318991 8.4456496834754926 10.330142110586165 20.118093103170398 7.7443121969699851 19.263481467962265
leaf_count=35 67 54 42 44 41 58 141 54 72
internal_value=-6.23081e-06 0.00678377 0.00981171 0.000670258 -0.00956904 -0.0108929 -0.0122147 -0.0128779 0.0139618
internal_weight=126.03 73.7168 49.259 24.4578 52.3131 43.8674 33.5373 27.8624 32.2111
internal_count=608 279 181 98 329 288 230 195 114
is_linear=0
shrinkage=0.01


Tree=78
num_leaves=10
num_cat=0
split_feature=4 7 4 1 4 4 5 5 3
split_gain=80.7095 11.6705 5.46853 5.04279 4.8505 4.15161 3.97926 1.49545 0.126076
threshold=0.067164179104477625 -0.088235294117647037 -1.0000000180025095e-35 -0.26249999999999996 0.89552238805970164 1.2910447761194033 0.13888888888888892 -0.15555555555555556 -0.21428571428571425
decision_type=2 2 2 2 2 2 2 2 2
left_child=2 6 3 7 -3 -6 -2 -1 -4
right_child=1 4 8 -5 5 -7 -8 -9 -10
leaf_value=-0.013121069623065085 -0.0041613791325362439 0.0029446645378302843 -0.010918984710444333 0.00089064865431435754 0.012829562244521576 0.0061482946348115353 0.0040119122214217632 -0.0062412654561538709 -0.013378925841081274
leaf_weight=6.3809318393468866 10.048992082476618 10.638241320848463 6.0336858481168774 6.8924371302127829 27.434010922908783 14.517818152904509 14.324204027652739 6.8518293648958215 22.472585305571556
leaf_count=45 44 42 41 32 102 53 54 38 157
internal_value=-6.27248e-06 0.00636333 -0.0100791 -0.00604183 0.00901013 0.0105376 0.000638856 -0.00963229 -0.0128982
internal_weight=125.595 76.9633 48.6315 20.1252 52.5901 41.9518 24.3732 13.2328 28.5063
internal_count=608 295 313 115 197 155 98 83 198
is_linear=0
shrinkage=0.01


Tree=79
num_leaves=11
num_cat=0
split_feature=4 4 1 7 6 5 6 2 2 5
split_gain=79.5143 21.7632 12.462 5.92996 3.83398 6.34376 2.36348 0.480378 0.385559 0.176333
threshold=0.76119402985074636 1.0895522388059702 0.26250000000000007 0.088235294117647065 0.37263843648208478 0.038888888888888661 0.12899022801302931 1.0000000180025095e-35 0.31250000000000006 -1.0000000180025095e-35
decision_type=2 2 2 2 2 2 2 2 2 2
left_child=2 7 4 -3 8 -6 -4 -2 9 -1
right_child=1 3 6 -5 5 -7 -8 -9 -10 -11
leaf_value=-0.01250646922301102 0.011161406949464513 -0.0041346054498655142 -0.0040216464009772013 0.005689268369585331 -0.012060076038961722 0.00077718817254331758 0.0034453535510471224 0.013791266487547535 -0.010459183218143183 -0.015165649388994951
leaf_weight=14.701394319534304 15.879472851753233 12.606370627880098 9.0872970819473284 11.79964831471443 8.8294754177331907 6.7463600635528556 7.7723097503185263 22.033143579959869 8.1249980032443982 7.5641456097364452
leaf_count=104 57 54 47 44 54 33 33 79 53 50
internal_value=-6.42069e-06 0.00799059 -0.00793895 0.000618806 -0.0106312 -0.00653039 -0.000579328 0.012722 -0.0127047 -0.0134736
internal_weight=125.145 62.3186 62.826 24.406 45.9664 15.5758 16.8596 37.9126 30.3905 22.2655
internal_count=608 234 374 98 294 87 80 136 207 154
is_linear=0
shrinkage=0.01


Tree=80
num_leaves=11
num_cat=0
split_feature=4 4 4 1 1 4 1 5 3 7
split_gain=78.3425 11.4768 19.4965 8.57136 5.88 5.47199 4.97683 1.49099 0.131309 0.0470921
threshold=0.067164179104477625 1.0895522388059702 0.98880597014925387 0.26250000000000007 0.6625000000000002 -1.0000000180025095e-35 -0.26249999999999996 -0.15555555555555556 -0.21428571428571425 0.20588235294117649
decision_type=2 2 2 2 2 2 2 2 2 2
left_child=5 2 3 -2 -3 6 7 -1 -7 -4
right_child=1 4 9 -5 -6 8 -8 -9 -10 -11
leaf_value=-0.013037327484740725 -0.0057130422286207853 -0.0041706914433934138 0.014828953377052151 0.0072168134606754456 0.0056123596322487134 -0.010821654609258421 0.00094866150822995416 -0.0061405165538995186 -0.013308418077915796 0.013070116303227299
leaf_weight=6.2996998727321634 9.3590056449174899 12.471313849091532 12.804051071405413 11.099643692374228 11.917449831962584 5.970342397689822 6.8793352395296088 6.8160835206508645 22.222499296069145 18.880435585975647
leaf_count=45 43 54 42 40 44 41 32 38 157 72
internal_value=-6.56379e-06 0.00627978 0.00892397 0.00130291 0.000613146 -0.00998283 -0.00593588 -0.00952674 -0.0128219 0.0138253
internal_weight=124.72 76.5319 52.1431 20.4586 24.3888 48.188 19.9951 13.1158 28.1928 31.6845
internal_count=608 295 197 83 98 313 115 83 198 114
is_linear=0
shrinkage=0.01


Tree=81
num_leaves=10
num_cat=0
split_feature=4 7 4 5 4 4 5 6 3
split_gain=77.118 11.4364 5.44314 4.9272 4.70792 4.06189 3.87738 2.04275 0.13211
threshold=0.067164179104477625 -0.088235294117647037 -1.0000000180025095e-35 0.23888888888888918 0.89552238805970164 1.2910447761194033 0.13888888888888892 0.12899022801302931 -0.21428571428571425
decision_type=2 2 2 2 2 2 2 2 2
left_child=2 6 3 7 -3 -6 -2 -1 -4
right_child=1 4 8 -5 5 -7 -8 -9 -10
leaf_value=-0.013543139192029086 -0.004173370463895985 0.002902915902907996 -0.010772110451473893 0.00073266876004368534 0.012699521554336471 0.00606157901866765 0.0039049662062548753 -0.0054267519038195752 -0.01326423307155564
leaf_weight=6.4439447373151797 10.026866719126703 10.615510657429693 5.9384440183639553 7.1794468760490409 26.924419686198235 14.463102936744688 14.278764218091963 6.3161354660987854 22.074634864926338
leaf_count=44 44 42 41 35 102 53 54 36 157
internal_value=-6.61757e-06 0.00623574 -0.0099326 -0.0058939 0.00887816 0.0104001 0.000568943 -0.00959903 -0.0127761
internal_weight=124.261 76.3087 47.9526 19.9395 52.003 41.3875 24.3056 12.7601 28.0131
internal_count=608 295 313 115 197 155 98 80 198
is_linear=0
shrinkage=0.01


Tree=82
num_leaves=11
num_cat=0
split_feature=4 4 1 7 6 5 6 2 2 5
split_gain=75.9256 21.2789 12.1995 5.75863 3.83318 6.23626 2.27222 0.489386 0.387708 0.180526
threshold=0.76119402985074636 1.0895522388059702 0.26250000000000007 0.088235294117647065 0.37263843648208478 0.038888888888888661 0.12899022801302931 1.0000000180025095e-35 0.31250000000000006 -1.0000000180025095e-35
decision_type=2 2 2 2 2 2 2 2 2 2
left_child=2 7 4 -3 8 -6 -4 -2 9 -1
right_child=1 3 6 -5 5 -7 -8 -9 -10 -11
leaf_value=-0.012382378643445111 0.011000516017077746 -0.0041171493805353563 -0.0038973815296588815 0.0055780318740971634 -0.011907727254722326 0.00086311033069471699 0.0034457626071314087 0.01365998060578158 -0.010328281421240018 -0.015065625202710665
leaf_weight=14.435971155762674 15.68178842961788 12.598053738474848 9.0176742970943469 11.739059805870054 8.7286946773529035 6.7225399017333975 7.7366510331630698 21.671127334237099 8.0192078649997693 7.4654145836830166
leaf_count=104 57 54 47 44 54 33 33 79 53 50
internal_value=-6.76345e-06 0.00784528 -0.00780376 0.000563032 -0.0104915 -0.00638156 -0.000506209 0.0125758 -0.0125855 -0.0133613
internal_weight=123.816 61.69 62.1262 24.3371 45.3718 15.4512 16.7543 37.3529 29.9206 21.9014
internal_count=608 234 374 98 294 87 80 136 207 154
is_linear=0
shrinkage=0.01


Tree=83
num_leaves=10
num_cat=0
split_feature=4 7 4 1 4 4 1 5 3
split_gain=74.861 11.2308 5.44984 4.92571 4.60062 4.01779 3.71225 1.47551 0.137355
threshold=0.067164179104477625 -0.088235294117647037 -1.0000000180025095e-35 -0.26249999999999996 0.89552238805970164 1.0895522388059702 0.26250000000000007 -0.15555555555555556 -0.21428571428571425
decision_type=2 2 2 2 2 2 2 2 2
left_child=2 6 3 7 -3 -6 -2 -1 -4
right_child=1 4 8 -5 5 -7 -8 -9 -10
leaf_value=-0.012925499518446935 -0.0040165122030475378 0.0028827305311290427 -0.010677304029117445 0.0010612931980381241 0.012820851610821912 0.0063411041429685278 0.0038689885919699326 -0.0060257326297600868 -0.013197076185411357
leaf_weight=6.1851277947425851 10.236568361520769 10.602300971746443 5.8754254877567318 6.8542856425046912 24.945340201258659 16.057465702295303 14.035138681530951 6.7743593603372583 21.825503826141357
leaf_count=45 46 42 41 32 96 59 52 38 157
internal_value=-6.9038e-06 0.00615428 -0.00983803 -0.00578901 0.00878851 0.0103049 0.000540452 -0.00939252 -0.012703
internal_weight=123.392 75.8768 47.5147 19.8138 51.6051 41.0028 24.2717 12.9595 27.7009
internal_count=608 295 313 115 197 155 98 83 198
is_linear=0
shrinkage=0.01


Tree=84
num_leaves=10
num_cat=0
split_feature=4 3 4 4 4 1 5 3 7
split_gain=73.6936 11.1897 9.52519 13.6799 5.4218 4.86082 1.47183 0.138201 0.0523629
threshold=0.067164179104477625 -0.64285714285714268 1.0895522388059702 0.76119402985074636 -1.0000000180025095e-35 -0.26249999999999996 -0.15555555555555556 -0.21428571428571425 0.088235294117647065
decision_type=2 2 2 2 2 2 2 2 2
left_child=4 -2 3 -3 5 6 -1 -6 -5
right_child=1 2 -4 8 7 -7 -8 -9 -10
leaf_value=-0.012884770773087376 -0.0032352130348125493 0.00049358468807002059 0.0018861980481841715 0.014380505949956209 -0.010628980574507488 0.0010505339350540123 -0.0059795607266745123 -0.013154695428470871 0.012680747870258803
leaf_weight=6.1431586444377908 10.906048610806463 10.948580175638197 19.750044599175453 12.47330868244171 5.8437300324440029 6.856252670288085 6.7592501044273385 21.677923411130905 21.57398197054863
leaf_count=45 48 45 78 40 41 32 38 157 84
internal_value=-7.04268e-06 0.00611127 0.00768818 0.010225 -0.00978902 -0.00574808 -0.00934111 -0.0126588 0.0133437
internal_weight=122.932 75.652 64.7459 44.9959 47.2803 19.7587 12.9024 27.5217 34.0473
internal_count=608 295 247 169 313 115 83 198 124
is_linear=0
shrinkage=0.01


Tree=85
num_leaves=10
num_cat=0
split_feature=4 7 4 5 4 4 1 6 8
split_gain=72.5355 11.1195 5.39423 4.81903 4.52619 3.96945 3.62552 2.0561 0.140167
threshold=0.067164179104477625 -0.088235294117647037 -1.0000000180025095e-35 0.23888888888888918 0.89552238805970164 1.2910447761194033 0.26250000000000007 0.12899022801302931 1.0000000180025095e-35
decision_type=2 2 2 2 2 2 2 2 2
left_child=2 6 3 7 -3 -6 -2 -1 -4
right_child=1 4 8 -5 5 -7 -8 -9 -10
leaf_value=-0.013417287410575995 -0.0040218414386742956 0.0028454793334644793 -0.013141289287045959 0.00084444006710140821 0.012533346465782302 0.0059316172335155759 0.0037767320984776723 -0.0052171885080305267 -0.010672604940656831
leaf_weight=6.3152470886707324 10.231234967708589 10.589971631765364 21.063211649656299 7.1488261967897406 26.257072851061821 14.382596254348753 13.995478868484495 6.2395554482936859 6.279364362359046
leaf_count=44 46 42 153 35 102 53 52 36 45
internal_value=-7.13768e-06 0.00606633 -0.00974044 -0.00570747 0.0087019 0.0102173 0.000480306 -0.00941539 -0.0126153
internal_weight=122.503 75.4564 47.0462 19.7036 51.2296 40.6397 24.2267 12.5548 27.3426
internal_count=608 295 313 115 197 155 98 80 198
is_linear=0
shrinkage=0.01


Tree=86
num_leaves=11
num_cat=0
split_feature=4 4 4 1 1 4 1 5 3 7
split_gain=71.4026 11.0556 18.8111 8.21135 5.69346 5.36945 4.81061 1.45729 0.142163 0.0414096
threshold=0.067164179104477625 1.0895522388059702 0.98880597014925387 0.26250000000000007 0.6625000000000002 -1.0000000180025095e-35 -0.26249999999999996 -0.15555555555555556 -0.21428571428571425 0.20588235294117649
decision_type=2 2 2 2 2 2 2 2 2 2
left_child=5 2 3 -2 -3 6 7 -1 -7 -4
right_child=1 4 9 -5 -6 8 -8 -9 -10 -11
leaf_value=-0.012815548873238436 -0.0056741557467060201 -0.0042524591671813747 0.014579699856984193 0.0070138991341104897 0.0054057125169878094 -0.010524925650670421 0.0010946595767122186 -0.0059190666260280165 -0.013073474832082455 0.01284049753044149
leaf_weight=6.06800600886345 9.3301954120397586 12.41837887465954 12.53085830807686 11.013875648379324 11.812007978558539 5.7746348530054119 6.8462567180395117 6.7383448630571374 21.389266222715378 18.126941874623299
leaf_count=45 43 54 42 40 44 41 32 38 157 72
internal_value=-7.281e-06 0.00602397 0.00866192 0.00119561 0.000458644 -0.00969144 -0.00566605 -0.00926079 -0.0125723 0.0135965
internal_weight=122.049 75.2323 51.0019 20.3441 24.2304 46.8165 19.6526 12.8064 27.1639 30.6578
internal_count=608 295 197 83 98 313 115 83 198 114
is_linear=0
shrinkage=0.01


Tree=87
num_leaves=10
num_cat=0
split_feature=4 7 4 1 4 4 1 5 8
split_gain=70.2932 10.9522 5.34283 4.74724 4.46097 3.92533 3.49524 1.45392 0.143268
threshold=0.067164179104477625 -0.088235294117647037 -1.0000000180025095e-35 -0.26249999999999996 0.89552238805970164 1.2910447761194033 0.26250000000000007 -0.15555555555555556 1.0000000180025095e-35
decision_type=2 2 2 2 2 2 2 2 2
left_child=2 6 3 7 -3 -6 -2 -1 -4
right_child=1 4 8 -5 5 -7 -8 -9 -10
leaf_value=-0.012776476399506296 -0.0039839861933731553 0.0027990319536617307 -0.013060652924909022 0.0010835512221367076 0.012454323265805405 0.0058690788004365406 0.0036804859503806919 -0.0058736841581783382 -0.010572697669450067
leaf_weight=6.0262128263711938 10.219702243804933 10.573485150933264 20.782426327466968 6.8482929915189734 25.919194668531418 14.343386605381964 13.953231275081633 6.7233521789312372 6.202887848019599
leaf_count=45 46 42 153 32 102 53 52 38 45
internal_value=-7.33011e-06 0.00598205 -0.00964368 -0.00562603 0.00861268 0.0101287 0.000437078 -0.0092104 -0.0125299
internal_weight=121.592 75.009 46.5832 19.5979 50.8361 40.2626 24.1729 12.7496 26.9853
internal_count=608 295 313 115 197 155 98 83 198
is_linear=0
shrinkage=0.01


Tree=88
num_leaves=11
num_cat=0
split_feature=4 4 1 1 6 5 6 2 2 5
split_gain=69.2446 20.5991 11.8422 5.56884 3.87605 6.12641 2.13508 0.514188 0.401401 0.197897
threshold=0.76119402985074636 1.0895522388059702 0.26250000000000007 0.6625000000000002 0.37263843648208478 0.038888888888888661 0.12899022801302931 1.0000000180025095e-35 0.31250000000000006 -1.0000000180025095e-35
decision_type=2 2 2 2 2 2 2 2 2 2
left_child=2 7 4 -3 8 -6 -4 -2 9 -1
right_child=1 3 6 -5 5 -7 -8 -9 -10 -11
leaf_value=-0.012165905968179248 0.010706308275656185 -0.0042483120425515523 -0.0036398878730699675 0.0053145602281646628 -0.011648398034273566 0.0011089046417058854 0.0035254174072490724 0.013442395839862854 -0.01008318881594015 -0.014935007391460078
leaf_weight=13.916571617126467 15.28081178665161 12.408473610877992 8.8640408664941805 11.767451867461203 8.5183403491973859 6.6551546752452841 7.6580166816711417 20.971639707684517 7.8104593008756629 7.2851735055446651
leaf_count=104 57 54 47 44 54 33 33 79 53 50
internal_value=-7.47333e-06 0.00756431 -0.00754446 0.000409063 -0.01024 -0.00608237 -0.000317521 0.0123217 -0.012386 -0.013183
internal_weight=121.136 60.4284 60.7078 24.1759 44.1857 15.1735 16.5221 36.2525 29.0122 21.2017
internal_count=608 234 374 98 294 87 80 136 207 154
is_linear=0
shrinkage=0.01


Tree=89
num_leaves=10
num_cat=0
split_feature=4 3 4 4 4 5 6 3 7
split_gain=68.253 10.8252 9.22663 13.1743 5.3488 4.71321 2.06984 0.150521 0.0393618
threshold=0.067164179104477625 -0.64285714285714268 1.0895522388059702 0.76119402985074636 -1.0000000180025095e-35 0.23888888888888918 0.12899022801302931 -0.21428571428571425 0.088235294117647065
decision_type=2 2 2 2 2 2 2 2 2
left_child=4 -2 3 -3 5 6 -1 -6 -5
right_child=1 2 -4 8 7 -7 -8 -9 -10
leaf_value=-0.013299098233981756 -0.0033067222354070049 0.00047502070343700313 0.0017634820629631868 0.014135005152994819 -0.010378967559454323 0.00095130906486080391 -0.0050126876606680845 -0.012973658738231225 0.01248752844530911
leaf_weight=6.1873673051595706 10.843872517347334 10.918018400669096 19.645772039890289 12.301465556025503 5.675001576542857 7.1189164668321601 6.1635032594203949 21.001990832388401 20.862806439399719
leaf_count=44 48 45 78 40 41 35 36 157 84
internal_value=-7.6088e-06 0.00590497 0.00747514 0.0100108 -0.00955428 -0.00552617 -0.00923737 -0.0124625 0.0131393
internal_weight=120.719 74.5719 63.7281 44.0823 46.1468 19.4698 12.3509 26.677 33.1643
internal_count=608 295 247 169 313 115 80 198 124
is_linear=0
shrinkage=0.01


Tree=90
num_leaves=10
num_cat=0
split_feature=4 7 4 1 4 4 1 5 3
split_gain=67.1815 10.8132 5.3251 4.69877 4.33123 3.84297 3.36424 1.44029 0.151455
threshold=0.067164179104477625 -0.088235294117647037 -1.0000000180025095e-35 -0.26249999999999996 0.89552238805970164 1.2910447761194033 0.26250000000000007 -0.15555555555555556 -0.21428571428571425
decision_type=2 2 2 2 2 2 2 2 2
left_child=2 6 3 7 -3 -6 -2 -1 -4
right_child=1 4 8 -5 5 -7 -8 -9 -10
leaf_value=-0.012675657701029805 -0.0039873626668532388 0.0027695100749155861 -0.010332994710085917 0.0011898407053815827 0.012341892508280321 0.005797650345762944 0.00354268836864069 -0.0057650835319766535 -0.012934790415798751
leaf_weight=5.9131702706217775 10.204539403319361 10.554179474711416 5.6438492536544826 6.8237339556217185 25.432141199707985 14.298248991370199 13.887672349810599 6.6825605034828195 20.855484806001186
leaf_count=45 46 42 41 32 102 53 52 38 157
internal_value=-7.69881e-06 0.00586174 -0.00950678 -0.00548605 0.00849661 0.0100072 0.000349949 -0.0090836 -0.0124216
internal_weight=120.296 74.3768 45.9188 19.4195 50.2846 39.7304 24.0922 12.5957 26.4993
internal_count=608 295 313 115 197 155 98 83 198
is_linear=0
shrinkage=0.01


Tree=91
num_leaves=11
num_cat=0
split_feature=4 7 3 4 5 0 4 6 5 3
split_gain=66.1395 10.6777 15.8281 5.29945 4.63852 2.64173 2.98725 2.06819 1.30706 0.152423
threshold=0.067164179104477625 -1.0000000180025095e-35 0.50000000000000011 -1.0000000180025095e-35 0.23888888888888918 0.90000000000000013 1.2910447761194033 0.12899022801302931 0.1833333333333336 -0.21428571428571425
decision_type=2 2 2 2 2 2 2 2 2 2
left_child=3 2 -2 4 7 6 8 -1 -3 -5
right_child=1 5 -4 9 -6 -7 -8 -9 -10 -11
leaf_value=-0.013238167168806911 -0.0088741647075323629 0.0067637798944034941 0.0067745490767236937 -0.010287364164440878 0.00097292016702547944 0.012247923735671318 0.0024111413097231589 -0.0049254566428125826 0.011728542361501965 -0.012896518161383321
leaf_weight=6.1212277486920375 10.319624334573748 12.272546306252481 16.925903186202049 5.6127938330173519 7.1125242263078681 14.643398880958555 9.7469633370637876 6.1316666156053543 10.246489614248274 20.7092325091362
leaf_count=44 49 50 61 41 35 57 38 36 40 157
internal_value=-7.83927e-06 0.0058209 0.000836603 -0.00946046 -0.00544731 0.00870789 0.00706843 -0.00915182 0.00906468 -0.0123812
internal_weight=119.842 74.1549 27.2455 45.6874 19.3654 46.9094 32.266 12.2529 22.519 26.322
internal_count=608 295 110 313 115 185 128 80 90 198
is_linear=0
shrinkage=0.01


Tree=92
num_leaves=11
num_cat=0
split_feature=4 4 1 7 6 5 6 2 2 5
split_gain=65.223 20.0974 11.6342 5.4054 3.8679 6.00597 1.57164 0.531789 0.403831 0.207721
threshold=0.76119402985074636 1.0895522388059702 0.26250000000000007 0.088235294117647065 0.37263843648208478 0.038888888888888661 0.15244299674267106 1.0000000180025095e-35 0.31250000000000006 -1.0000000180025095e-35
decision_type=2 2 2 2 2 2 2 2 2 2
left_child=2 7 4 -3 8 -6 -4 -2 9 -1
right_child=1 3 6 -5 5 -7 -8 -9 -10 -11
leaf_value=-0.012026158721489343 0.010510926741774805 -0.0042059403986257106 -0.0028984189147829098 0.0052388412666076979 -0.011489326197762089 0.0012014383874067781 0.0033133786514534403 0.013300578611040772 -0.0099405294021522855 -0.014848943007137405
leaf_weight=13.569715820252897 15.030633896589277 12.53030762076378 9.2567911446094531 11.548290729522703 8.3869113847613317 6.6211074292659751 7.113081991672515 20.516166120767593 7.6770823970437041 7.155211009085181
leaf_count=104 57 54 49 44 54 33 31 79 53 50
internal_value=-7.89656e-06 0.00738622 -0.00738293 0.000326786 -0.0100866 -0.00591963 -0.000195522 0.0121538 -0.01226 -0.0130673
internal_weight=119.405 59.6254 59.7799 24.0786 43.41 15.008 16.3699 35.5468 28.402 20.7249
internal_count=608 234 374 98 294 87 80 136 207 154
is_linear=0
shrinkage=0.01


Tree=93
num_leaves=10
num_cat=0
split_feature=4 4 4 1 6 1 4 6 7
split_gain=64.2304 11.022 16.9876 6.05525 4.85841 2.42406 0.642769 0.0762838 0.0247617
threshold=0.12686567164179108 1.0895522388059702 0.98880597014925387 0.76250000000000007 0.97328990228013046 0.46250000000000008 -0.73134328358208944 0.39739413680781771 0.20588235294117649
decision_type=2 2 2 2 2 2 2 2 2
left_child=4 2 -2 -3 5 6 -1 -8 -4
right_child=1 3 8 -5 -6 -7 7 -9 -10
leaf_value=-0.0082412894053009219 0.0012313101231017456 -0.0039962076909620965 0.014279178876662624 0.0061014971048008425 -0.0017745121844530407 -0.0046828489080402123 -0.012750246401761731 -0.010492347568977673 0.012603833935730122
leaf_weight=5.4922404736280432 19.063930809497833 13.785625144839289 12.20512303709984 10.276769295334814 7.4682545214891425 6.0503579080104819 21.853287190198902 5.5130029544234267 17.278707057237625
leaf_count=36 77 60 42 38 38 35 171 39 72
internal_value=-8.02528e-06 0.00586116 0.00859941 0.000323808 -0.00918993 -0.0106051 -0.011678 -0.0123352 0.0133433
internal_weight=118.987 72.6102 48.5478 24.0624 46.3771 38.9089 32.8585 27.3663 29.4838
internal_count=608 289 191 98 319 281 246 210 114
is_linear=0
shrinkage=0.01


Tree=94
num_leaves=10
num_cat=0
split_feature=4 7 4 1 4 4 1 5 3
split_gain=63.236 10.4883 5.33588 4.66053 4.23079 3.76522 3.22561 1.43562 0.159671
threshold=0.067164179104477625 -0.088235294117647037 -1.0000000180025095e-35 -0.26249999999999996 0.89552238805970164 1.2910447761194033 0.26250000000000007 -0.15555555555555556 -0.21428571428571425
decision_type=2 2 2 2 2 2 2 2 2
left_child=2 6 3 7 -3 -6 -2 -1 -4
right_child=1 4 8 -5 5 -7 -8 -9 -10
leaf_value=-0.012553232191233769 -0.003973358415167454 0.0026677585474921442 -0.010161617961943099 0.0013664050049341 0.012200136782872946 0.0056824113443285345 0.0034134494072280979 -0.0056002472900213065 -0.01281365572821461
leaf_weight=5.7685004845261583 10.178568392992021 10.511689126491545 5.5213325843215015 6.7831249684095374 24.795018583536148 14.220305040478705 13.814407140016554 6.6194089800119409 20.346876919269562
leaf_count=45 46 42 41 32 102 53 52 38 157
internal_value=-8.0342e-06 0.00570581 -0.00932703 -0.00528741 0.00833026 0.00984516 0.00027625 -0.00891254 -0.0122889
internal_weight=118.559 73.52 45.0392 19.171 49.527 39.0153 23.993 12.3879 25.8682
internal_count=608 295 313 115 197 155 98 83 198
is_linear=0
shrinkage=0.01


Tree=95
num_leaves=11
num_cat=0
split_feature=4 4 1 1 6 5 6 2 2 5
split_gain=62.2775 19.6748 11.4097 5.93239 3.8539 5.93851 1.51691 0.543422 0.413595 0.209079
threshold=0.76119402985074636 1.0895522388059702 0.26250000000000007 0.76250000000000007 0.37263843648208478 0.038888888888888661 0.15244299674267106 1.0000000180025095e-35 0.31250000000000006 -1.0000000180025095e-35
decision_type=2 2 2 2 2 2 2 2 2 2
left_child=2 7 4 -3 8 -6 -4 -2 9 -1
right_child=1 3 6 -5 5 -7 -8 -9 -10 -11
leaf_value=-0.011925020720747075 0.010363804156768703 -0.0039966576245567343 -0.002797304773676249 0.0060111130557331405 -0.011374547659731723 0.0012888286554825915 0.0033183346928285324 0.013192109771289887 -0.0098048530588984561 -0.014766828780377673
leaf_weight=13.314493454992773 14.831823289394377 13.773614421486856 9.2026319801807421 10.236255481839178 8.2909960597753507 6.5955319404602042 7.0910660177469245 20.159892082214355 7.5651891976594916 7.0493459478020695
leaf_count=104 57 60 49 38 54 33 31 79 53 50
internal_value=-8.17295e-06 0.00725371 -0.00725683 0.000277244 -0.0099617 -0.00579283 -0.000131754 0.0120262 -0.0121552 -0.0129761
internal_weight=118.111 59.0016 59.1093 24.0099 42.8156 14.8865 16.2937 34.9917 27.929 20.3638
internal_count=608 234 374 98 294 87 80 136 207 154
is_linear=0
shrinkage=0.01


Tree=96
num_leaves=10
num_cat=0
split_feature=4 3 4 4 4 1 5 3 2
split_gain=61.4152 10.3383 8.81231 12.532 5.34235 4.59798 1.43305 0.164993 0.0476455
threshold=0.067164179104477625 -0.64285714285714268 1.0895522388059702 0.76119402985074636 -1.0000000180025095e-35 -0.26249999999999996 -0.15555555555555556 -0.21428571428571425 1.0000000180025095e-35
decision_type=2 2 2 2 2 2 2 2 2
left_child=4 -2 3 -3 5 6 -1 -6 -5
right_child=1 2 -4 8 7 -7 -8 -9 -10
leaf_value=-0.012486047416784574 -0.0033987232312473704 0.00044492197261236205 0.0016096629884137703 0.011846440772354279 -0.010075933844155479 0.0014134295720537684 -0.0055092261426541089 -0.012759059726519247 0.013503281144646122
leaf_weight=5.6896352991461763 10.749430790543554 10.875131472945212 19.501493856310844 12.936306342482569 5.4605649411678341 6.7710370123386374 6.5846951603889474 20.10578890889883 19.026403114199638
leaf_count=45 48 45 78 49 41 32 38 157 75
internal_value=-8.28935e-06 0.00563288 0.00719319 0.00972536 -0.00924232 -0.00519214 -0.00881803 -0.0122275 0.0128717
internal_weight=117.7 73.0888 62.3393 42.8378 44.6117 19.0454 12.2743 25.5664 31.9627
internal_count=608 295 247 169 313 115 83 198 124
is_linear=0
shrinkage=0.01


Tree=97
num_leaves=10
num_cat=0
split_feature=4 7 4 1 4 4 1 5 3
split_gain=60.46 10.3459 5.31697 4.53653 4.11077 3.68905 3.10654 1.43015 0.166018
threshold=0.067164179104477625 -0.088235294117647037 -1.0000000180025095e-35 -0.26249999999999996 0.89552238805970164 1.2910447761194033 0.26250000000000007 -0.15555555555555556 -0.21428571428571425
decision_type=2 2 2 2 2 2 2 2 2
left_child=2 6 3 7 -3 -6 -2 -1 -4
right_child=1 4 8 -5 5 -7 -8 -9 -10
leaf_value=-0.0124517636660693 -0.0039736955249675817 0.002639738173529374 -0.010032101758249827 0.0013989444272124063 0.012096622543331319 0.0056159486068708617 0.0032862254688396232 -0.0054667977386323027 -0.012723508797492438
leaf_weight=5.6487281620502481 10.161039352416994 10.491627037525175 5.4301683679223087 6.7737564891576758 24.311906531453133 14.176990821957586 13.749458298087118 6.5702904611825952 19.961350791156292
leaf_count=45 46 42 41 32 102 53 52 38 157
internal_value=-8.37596e-06 0.00559216 -0.00919787 -0.0051554 0.00821995 0.00973027 0.000197339 -0.00877074 -0.0121895
internal_weight=117.275 72.891 44.3843 18.9928 48.9805 38.4889 23.9105 12.219 25.3915
internal_count=608 295 313 115 197 155 98 83 198
is_linear=0
shrinkage=0.01


Tree=98
num_leaves=11
num_cat=0
split_feature=4 7 3 4 5 0 4 6 5 8
split_gain=59.5259 10.2209 15.0262 5.29193 4.51627 2.67394 2.82999 2.10208 1.30867 0.167848
threshold=0.067164179104477625 -1.0000000180025095e-35 0.50000000000000011 -1.0000000180025095e-35 0.23888888888888918 0.90000000000000013 1.2910447761194033 0.12899022801302931 0.1833333333333336 1.0000000180025095e-35
decision_type=2 2 2 2 2 2 2 2 2 2
left_child=3 2 -2 4 7 6 8 -1 -3 -5
right_child=1 5 -4 9 -6 -7 -8 -9 -10 -11
leaf_value=-0.013054384772667529 -0.0087948138912365362 0.0064384981495713032 0.006502128401331967 -0.012716322684206279 0.0012214620444435686 0.012057968064553748 0.0022427672717014297 -0.0045645854840854153 0.011477858084948228 -0.010079813260227263
leaf_weight=5.9036848023533839 10.276156619191172 11.928288653492933 16.750202789902687 19.416638515889648 7.0427222847938529 14.155394881963728 9.6837346851825696 5.99392469227314 9.8794843703508359 5.8005312308669081
leaf_count=44 49 50 61 153 35 57 38 36 40 45
internal_value=-8.51309e-06 0.00555323 0.000674835 -0.00915375 -0.00511893 0.00843382 0.00677175 -0.00885098 0.00876343 -0.0121521
internal_weight=116.831 72.6733 27.0264 44.1575 18.9403 45.6469 31.4915 11.8976 21.8078 25.2172
internal_count=608 295 110 313 115 185 128 80 90 198
is_linear=0
shrinkage=0.01


Tree=99
num_leaves=11
num_cat=0
split_feature=4 4 1 1 6 5 6 2 2 5
split_gain=58.6787 19.2096 11.1919 5.77408 3.86315 5.83185 1.44028 0.557493 0.41855 0.218405
threshold=0.76119402985074636 1.0895522388059702 0.26250000000000007 0.76250000000000007 0.37263843648208478 0.038888888888888661 0.15244299674267106 1.0000000180025095e-35 0.31250000000000006 -1.0000000180025095e-35
decision_type=2 2 2 2 2 2 2 2 2 2
left_child=2 7 4 -3 8 -6 -4 -2 9 -1
right_child=1 3 6 -5 5 -7 -8 -9 -10 -11
leaf_value=-0.011798988834421049 0.010185102826627679 -0.0040151899328303535 -0.002638957094201881 0.0058803763022928458 -0.011220389784027221 0.0013929935055809191 0.0033451079835018407 0.013062084432641469 -0.0096676506872800955 -0.014695293402807843
leaf_weight=12.977548018097879 14.588493987917898 13.74307554960251 9.1042458713054675 10.172243073582647 8.1528792381286603 6.5588776469230643 7.0438673049211493 19.702209576964378 7.4338097125291815 6.9246152788400677
leaf_count=104 57 60 49 38 54 33 31 79 53 50
internal_value=-8.56797e-06 0.00708476 -0.00710312 0.000200792 -0.00981523 -0.00562558 -2.4163e-05 0.0118713 -0.0120413 -0.0128751
internal_weight=116.402 58.206 58.1958 23.9153 42.0477 14.7118 16.1481 34.2907 27.336 19.9022
internal_count=608 234 374 98 294 87 80 136 207 154
is_linear=0
shrinkage=0.01


Tree=100
num_leaves=10
num_cat=0
split_feature=4 4 4 1 6 1 4 6 7
split_gain=57.8165 10.4704 16.3584 5.66565 4.80829 2.43564 0.803285 0.0866336 0.0106332
threshold=0.12686567164179108 1.0895522388059702 0.98880597014925387 0.76250000000000007 0.97328990228013046 0.46250000000000008 -0.77611940298507454 0.39739413680781771 0.20588235294117649
decision_type=2 2 2 2 2 2 2 2 2
left_child=4 2 -2 -3 5 6 -1 -8 -4
right_child=1 3 8 -5 -6 -7 7 -9 -10
leaf_value=-0.0074507824779891166 0.0011068559512988922 -0.0039724313654410648 0.014007457550750529 0.0058339357572793418 -0.0014797559549145274 -0.0043608734337439968 -0.012576128249365113 -0.010254380114718225 0.012388884287945901
leaf_weight=4.9213387817144421 18.915262490510941 13.75311988592148 11.880197107791902 10.151586443185804 7.3670036047697058 5.9336898922920218 21.293070569634441 5.3380530178546897 16.441972896456718
leaf_count=33 77 60 42 38 38 35 174 39 72
internal_value=-8.68158e-06 0.00559462 0.00831891 0.000198983 -0.00888881 -0.0103371 -0.0114436 -0.0121508 0.0131147
internal_weight=115.995 71.1421 47.2374 23.9047 44.8532 37.4862 31.5525 26.6311 28.3222
internal_count=608 289 191 98 319 281 246 213 114
is_linear=0
shrinkage=0.01


Tree=101
num_leaves=11
num_cat=0
split_feature=4 7 3 4 1 0 4 5 5 3
split_gain=56.9231 10.068 14.5343 5.32789 4.4995 2.66835 2.7386 1.42541 1.30574 0.17657
threshold=0.067164179104477625 -1.0000000180025095e-35 0.50000000000000011 -1.0000000180025095e-35 -0.26249999999999996 0.90000000000000013 1.2910447761194033 -0.15555555555555556 0.1833333333333336 -0.21428571428571425
decision_type=2 2 2 2 2 2 2 2 2 2
left_child=3 2 -2 4 7 6 8 -1 -3 -5
right_child=1 5 -4 9 -6 -7 -8 -9 -10 -11
leaf_value=-0.012340845949608364 -0.0087168241561191781 0.006309616043282118 0.0063515392042566773 -0.0098597380646265192 0.0015669629890527319 0.0119750860157274 0.0022103226803427784 -0.0053115554312867328 0.011373979294421776 -0.012615536567834547
leaf_weight=5.5073662549257287 10.256639182567598 11.790789499878889 16.66148841381073 5.3042952716350582 6.7336738854646674 13.943289741873739 9.6700571328401548 6.5090193599462518 9.7283555567264539 19.469992339611053
leaf_count=45 49 50 61 41 32 57 38 38 40 157
internal_value=-8.67891e-06 0.00544365 0.000599014 -0.0090263 -0.00496527 0.0083254 0.00666073 -0.00860849 0.00864113 -0.0120675
internal_weight=115.575 72.0506 26.9181 43.5243 18.7501 45.1325 31.1892 12.0164 21.5191 24.7743
internal_count=608 295 110 313 115 185 128 83 90 198
is_linear=0
shrinkage=0.01


Tree=102
num_leaves=11
num_cat=0
split_feature=4 4 1 1 6 5 6 2 2 5
split_gain=56.1741 18.7504 10.9442 5.5269 3.84822 5.75819 1.38077 0.566191 0.425438 0.220695
threshold=0.76119402985074636 1.0895522388059702 0.26250000000000007 0.76250000000000007 0.37263843648208478 0.038888888888888661 0.15244299674267106 1.0000000180025095e-35 0.31250000000000006 -1.0000000180025095e-35
decision_type=2 2 2 2 2 2 2 2 2 2
left_child=2 7 4 -3 8 -6 -4 -2 9 -1
right_child=1 3 6 -5 5 -7 -8 -9 -10 -11
leaf_value=-0.011706906626979386 0.010046365876880152 -0.0039433863318666567 -0.0025528578686924682 0.0057541365081318118 -0.011115099123653572 0.0014631645739901467 0.0033207763173903056 0.012956637525906912 -0.009549663675694332 -0.014628356114919973
leaf_weight=12.727102547883989 14.403707712888716 13.746921539306642 9.0482036918401736 10.11096668243408 8.0574508830904943 6.5338457450270644 7.0150863826274863 19.357993513345718 7.3260491639375678 6.8184001520276096
leaf_count=104 57 60 49 38 54 33 31 79 53 50
internal_value=-8.73305e-06 0.00696421 -0.00699297 0.000173285 -0.0097022 -0.00551105 1.69239e-05 0.0117484 -0.0119491 -0.0127953
internal_weight=115.146 57.6196 57.5261 23.8579 41.4628 14.5913 16.0633 33.7617 26.8716 19.5455
internal_count=608 234 374 98 294 87 80 136 207 154
is_linear=0
shrinkage=0.01


Tree=103
num_leaves=9
num_cat=0
split_feature=4 4 4 1 4 1 5 1
split_gain=55.295 10.1636 16.0953 5.42311 4.77463 4.43835 1.42311 0.385598
threshold=0.12686567164179108 1.0895522388059702 0.98880597014925387 0.76250000000000007 -1.0000000180025095e-35 -0.26249999999999996 -0.15555555555555556 0.26250000000000007
decision_type=2 2 2 2 2 2 2 2
left_child=4 2 -2 -3 5 6 -1 -6
right_child=1 3 -4 -5 7 -7 -8 -9
leaf_value=-0.012279452901320952 0.0010474708998851931 -0.0039014913601813773 0.013012888760559647 0.0057086659165992079 -0.012389090969152082 0.0016099741711396573 -0.0052244302978671098 -0.0092026748005649486
leaf_weight=5.4302031099796304 18.846606537699699 13.756617844104769 27.830109924077988 10.090486913919447 18.668699331581596 6.7219718247652045 6.4749235212802896 6.922295629978179
leaf_count=45 77 60 114 38 158 32 38 46
internal_value=-8.84593e-06 0.00548554 0.00819419 0.000171737 -0.0087645 -0.00487395 -0.00851787 -0.0115663
internal_weight=114.742 70.5238 46.6767 23.8471 44.2181 18.6271 11.9051 25.591
internal_count=608 289 191 98 319 115 83 204
is_linear=0
shrinkage=0.01


Tree=104
num_leaves=11
num_cat=0
split_feature=4 7 4 5 4 5 4 6 3 6
split_gain=54.4612 9.91749 5.31274 4.40669 4.2961 3.446 3.40957 2.12606 0.185683 0.0101693
threshold=0.067164179104477625 -0.088235294117647037 -1.0000000180025095e-35 0.23888888888888918 0.79104477611940316 0.13888888888888892 1.2910447761194033 0.12899022801302931 -0.21428571428571425 0.18241042345276878
decision_type=2 2 2 2 2 2 2 2 2 2
left_child=2 5 3 7 -3 -2 9 -1 -4 -6
right_child=1 4 8 -5 6 -7 -8 -9 -10 -11
leaf_value=-0.012899757277995166 -0.0044642830695585311 0.0018403150393781023 -0.0097268744897632386 0.0014274141476808019 0.012391287305024642 0.0032422777727257298 0.0054539531655192711 -0.0042620856472299889 -0.012537543605862464 0.010844692408584327
leaf_weight=5.7149508595466632 9.8072961419820803 9.3073842376470548 5.2088535279035595 6.9830640852451316 12.721551880240442 13.903280302882193 14.059999689459799 5.8782709762454033 19.104041837155819 11.626854345202444
leaf_count=44 44 38 41 35 56 54 53 36 157 50
internal_value=-8.97796e-06 0.00533738 -0.00890436 -0.00483934 0.00795951 4.92869e-05 0.00943372 -0.00859398 -0.0119777 0.0117001
internal_weight=114.316 71.4264 42.8892 18.5763 47.7158 23.7106 38.4084 11.5932 24.3129 24.3484
internal_count=608 295 313 115 197 98 159 80 198 106
is_linear=0
shrinkage=0.01


Tree=105
num_leaves=11
num_cat=0
split_feature=4 4 1 7 6 5 6 2 2 5
split_gain=53.644 18.3536 10.7976 10.5529 3.84626 5.66438 1.33265 0.579835 0.429247 0.225969
threshold=0.76119402985074636 1.0895522388059702 0.26250000000000007 -1.0000000180025095e-35 0.37263843648208478 0.038888888888888661 0.15244299674267106 1.0000000180025095e-35 0.31250000000000006 -1.0000000180025095e-35
decision_type=2 2 2 2 2 2 2 2 2 2
left_child=2 7 4 -3 8 -6 -4 -2 9 -1
right_child=1 3 6 -5 5 -7 -8 -9 -10 -11
leaf_value=-0.011613322656499539 0.0099055064656917401 -0.0080855553100557757 -0.0024374886368794947 0.005482784002209847 -0.010998815728075633 0.0015217955471010026 0.0033466532909538389 0.012860924957635222 -0.0094448386413924952 -0.014570662263098048
leaf_weight=12.476753495633602 14.209643915295599 9.3656550794839877 8.9897529035806638 14.433144971728323 7.9565680250525457 6.5124006196856499 6.9904194176197043 19.009392246603966 7.2279877290129653 6.7244854047894522
leaf_count=104 57 43 49 55 54 33 31 79 53 50
internal_value=-9.01839e-06 0.00683947 -0.00687425 0.000131681 -0.00959205 -0.0053916 9.78227e-05 0.0116303 -0.0118626 -0.0127191
internal_weight=113.896 57.0178 56.8784 23.7988 40.8982 14.469 15.9802 33.219 26.4292 19.2012
internal_count=608 234 374 98 294 87 80 136 207 154
is_linear=0
shrinkage=0.01


Tree=106
num_leaves=11
num_cat=0
split_feature=4 7 4 1 4 4 5 5 3 6
split_gain=52.9021 9.69241 5.32134 4.39033 4.18531 3.39336 3.36776 1.411 0.191036 0.0149592
threshold=0.067164179104477625 -0.088235294117647037 -1.0000000180025095e-35 -0.26249999999999996 0.79104477611940316 1.2910447761194033 0.13888888888888892 -0.15555555555555556 -0.21428571428571425 0.18241042345276878
decision_type=2 2 2 2 2 2 2 2 2 2
left_child=2 6 3 7 -3 9 -2 -1 -4 -6
right_child=1 4 8 -5 5 -7 -8 -9 -10 -11
leaf_value=-0.012198484887961386 -0.0044209342837695474 0.0018409743744267485 -0.0096464608069103414 0.0016999148664539362 0.012333473457427335 0.0053762101601685297 0.0032035877703028015 -0.0051296859469332039 -0.012490424769704907 0.010759991988203354
leaf_weight=5.323025383055211 9.7943686246871966 9.2996395677328092 5.1504504606127766 6.6986547261476508 12.53882570564747 14.008691266179083 13.876331344246863 6.4367157816886911 18.871542617678642 11.48255071043968
leaf_count=45 44 38 41 32 56 53 54 38 157 50
internal_value=-9.1665e-06 0.00526996 -0.0088242 -0.00474862 0.00787828 0.00934591 4.34169e-05 -0.00840524 -0.0119232 0.0116291
internal_weight=113.481 71.0004 42.4804 18.4584 47.3297 38.0301 23.6707 11.7597 24.022 24.0214
internal_count=608 295 313 115 197 159 98 83 198 106
is_linear=0
shrinkage=0.01


Tree=107
num_leaves=9
num_cat=0
split_feature=4 1 4 4 4 1 3 6
split_gain=52.0856 9.69211 14.0977 17.6808 5.29649 4.34704 0.192129 0.150115
threshold=0.067164179104477625 1.2125000000000001 1.1716417910447763 0.98880597014925387 -1.0000000180025095e-35 -0.56249999999999989 -0.21428571428571425 0.18241042345276878
decision_type=2 2 2 2 2 2 2 2
left_child=4 2 3 -2 5 -1 -6 -5
right_child=1 -3 -4 7 6 -7 -8 -9
leaf_value=-0.011046570932149625 -0.001181955384832407 0.012431451569809571 -0.0047139102679004431 0.013156873712877565 -0.0096052598229254479 -0.0009960558133498183 -0.012458885949573792 0.010890742242449149
leaf_weight=6.7383600771427181 17.368164956569672 14.711889088153837 15.645806610584257 12.368835255503656 5.1213923990726498 11.670013025403021 18.731078796088696 10.705138221383093
leaf_count=49 75 54 69 52 41 66 157 45
internal_value=-9.20705e-06 0.00523258 0.00332555 0.00643973 -0.00878243 -0.00471484 -0.0118888 0.012157
internal_weight=113.061 70.7998 56.0879 40.4421 42.2608 18.4084 23.8525 23.074
internal_count=608 295 241 172 313 115 198 97
is_linear=0
shrinkage=0.01


Tree=108
num_leaves=10
num_cat=0
split_feature=4 3 4 4 4 5 6 3 2
split_gain=51.2775 9.59849 8.14978 11.6068 5.27635 4.32995 2.13932 0.193251 0.112699
threshold=0.067164179104477625 -0.64285714285714268 1.0895522388059702 0.76119402985074636 -1.0000000180025095e-35 0.23888888888888918 0.12899022801302931 -0.21428571428571425 -1.0000000180025095e-35
decision_type=2 2 2 2 2 2 2 2 2
left_child=4 -2 3 -3 5 6 -1 -6 -5
right_child=1 2 -4 8 7 -7 -8 -9 -10
leaf_value=-0.01281211439472104 -0.0035625197912632607 0.00037636002338482799 0.0013711735643418287 0.011090361878264472 -0.0095642893251731993 0.0015317747257600316 -0.0040860528522943945 -0.012427796234031703 0.013089022150860927
leaf_weight=5.602031350135805 10.573818936944006 10.803267180919645 19.257059171795845 9.940447270870207 5.0924710184335735 6.9527621269226065 5.8112549558281898 18.59110926091671 20.020075231790546
leaf_count=44 48 45 78 39 41 35 36 157 85
internal_value=-9.16298e-06 0.00519592 0.00674225 0.00927001 -0.00873927 -0.00467916 -0.00844318 -0.0118549 0.012465
internal_weight=112.644 70.5947 60.0208 40.7638 42.0496 18.366 11.4133 23.6836 29.9605
internal_count=608 295 247 169 313 115 80 198 124
is_linear=0
shrinkage=0.01


Tree=109
num_leaves=9
num_cat=0
split_feature=4 1 4 4 4 1 3 6
split_gain=50.4816 9.61111 13.7451 17.389 5.25408 4.31341 0.1944 0.154116
threshold=0.067164179104477625 1.2125000000000001 1.1716417910447763 0.98880597014925387 -1.0000000180025095e-35 -0.56249999999999989 -0.21428571428571425 0.18241042345276878
decision_type=2 2 2 2 2 2 2 2
left_child=4 2 3 -2 5 -1 -6 -5
right_child=1 -3 -4 7 6 -7 -8 -9
leaf_value=-0.010985558969319503 -0.0011905460633425985 0.01235832848142986 -0.0046695132212676996 0.01308549664874791 -0.0095235454177136844 -0.0009429183544490123 -0.012397147968759301 0.01079818955970447
leaf_weight=6.6807382032275227 17.356178984045982 14.593081906437872 15.656882017850874 12.206869482994081 5.0636875852942493 11.639497004449366 18.451646126806736 10.58894446492195
leaf_count=49 75 54 69 52 41 66 157 45
internal_value=-9.24335e-06 0.00515851 0.00325715 0.00635199 -0.00869724 -0.00464487 -0.0118213 0.0120748
internal_weight=112.238 70.402 55.8089 40.152 41.8356 18.3202 23.5153 22.7958
internal_count=608 295 241 172 313 115 198 97
is_linear=0
shrinkage=0.01


Tree=110
num_leaves=10
num_cat=0
split_feature=4 7 4 5 4 4 5 3 6
split_gain=49.6991 9.56412 5.23435 4.29357 4.03475 3.30404 3.26094 0.23019 0.0193177
threshold=0.067164179104477625 -0.088235294117647037 -1.0000000180025095e-35 -1.0000000180025095e-35 0.79104477611940316 1.2910447761194033 0.13888888888888892 -0.35714285714285704 0.18241042345276878
decision_type=2 2 2 2 2 2 2 2 2
left_child=2 6 3 -1 -3 8 -2 -4 -6
right_child=1 4 7 -5 5 -7 -8 -9 -10
leaf_value=-0.0097379061519786338 -0.004468207832177975 0.0018203954009525828 -0.0092867077580017967 -5.3525574445062156e-05 0.012224899380387448 0.0052967306588118093 0.003049326278497886 -0.012376531934997046 0.010622888198235593
leaf_weight=8.545771889388563 9.7649707198143023 9.2888535410165769 4.7659910544753101 9.7325478345155698 12.17086397111416 13.950517803430555 13.801540568470953 18.581754982471466 11.220643773674963
leaf_count=64 44 38 39 51 56 53 54 159 50
internal_value=-9.19864e-06 0.00512242 -0.0086546 -0.00460967 0.0077418 0.00920596 -7.13416e-05 -0.0117881 0.0115049
internal_weight=111.823 70.1974 41.6261 18.2783 46.6309 37.342 23.5665 23.3477 23.3915
internal_count=608 295 313 115 197 159 98 198 106
is_linear=0
shrinkage=0.01


Tree=111
num_leaves=10
num_cat=0
split_feature=4 1 4 4 4 1 5 3 6
split_gain=48.928 9.50433 13.499 17.1579 5.21376 4.28525 1.40594 0.231243 0.157123
threshold=0.067164179104477625 1.2125000000000001 1.1716417910447763 0.98880597014925387 -1.0000000180025095e-35 -0.26249999999999996 -0.15555555555555556 -0.35714285714285704 0.18241042345276878
decision_type=2 2 2 2 2 2 2 2 2
left_child=4 2 3 -2 5 6 -1 -6 -5
right_child=1 -3 -4 8 7 -7 -8 -9 -10
leaf_value=-0.012088783795326404 -0.0011989664906386817 0.01227940273721242 -0.0046560149377221282 0.013033673587976561 -0.0092464961118076706 0.0017874592150691026 -0.004971473833686485 -0.012346622387017218 0.010727796948292631
leaf_weight=5.176432579755784 17.345629557967186 14.466649934649466 15.651777625083922 12.048539042472841 4.7394189983606365 6.6783783584833136 6.3796020448207864 18.441446736454964 10.487268358469008
leaf_count=45 75 54 69 52 39 32 38 159 45
internal_value=-9.18242e-06 0.00508604 0.00319343 0.00627795 -0.0086126 -0.00457515 -0.00823598 -0.0117552 0.0120127
internal_weight=111.415 69.9999 55.5332 39.8814 41.4153 18.2344 11.556 23.1809 22.5358
internal_count=608 295 241 172 313 115 83 198 97
is_linear=0
shrinkage=0.01


Tree=112
num_leaves=11
num_cat=0
split_feature=4 4 7 1 6 5 6 2 2 5
split_gain=48.1791 17.5812 11.6871 10.6363 3.90978 5.57018 1.23888 0.991421 0.415824 0.254206
threshold=0.76119402985074636 1.0037313432835824 -1.0000000180025095e-35 0.26250000000000007 0.37263843648208478 0.038888888888888661 0.15244299674267106 0.43750000000000006 1.0000000180025095e-35 -1.0000000180025095e-35
decision_type=2 2 2 2 2 2 2 2 2 2
left_child=3 8 -3 4 7 -6 -5 9 -2 -1
right_child=1 2 -4 6 5 -7 -8 -9 -10 -11
leaf_value=-0.011512696821164813 0.0099828003642813898 -0.0083702629013894646 0.0057006475404231252 -0.0021213501279327461 -0.010761273842283609 0.0017711937246452458 0.0034990754406510134 -0.0073453538971758872 0.012670367668412398 -0.014415416299160051
leaf_weight=12.864517517387867 13.099220454692842 9.5258545130491274 15.161997541785238 8.8059124499559385 7.7311190813779813 6.4369778260588646 6.9090981781482688 4.8112816885113707 17.836339026689529 7.8139759302139327
leaf_count=112 54 44 59 49 54 33 31 36 77 59
internal_value=-9.17356e-06 0.00655842 0.000259495 -0.00660641 -0.00935939 -0.0050949 0.000356168 -0.0117006 0.0115682 -0.0126737
internal_weight=110.996 55.6234 24.6879 55.3729 39.6579 14.1681 15.715 25.4898 30.9356 20.6785
internal_count=608 234 103 374 294 87 80 207 131 171
is_linear=0
shrinkage=0.01


Tree=113
num_leaves=9
num_cat=0
split_feature=4 1 4 4 4 1 3 6
split_gain=47.5339 9.38453 13.1609 16.8222 5.22157 4.26033 0.237564 0.159836
threshold=0.067164179104477625 1.2125000000000001 1.1716417910447763 0.98880597014925387 -1.0000000180025095e-35 -0.56249999999999989 -0.35714285714285704 0.18241042345276878
decision_type=2 2 2 2 2 2 2 2
left_child=4 2 3 -2 5 -1 -6 -5
right_child=1 -3 -4 7 6 -7 -8 -9
leaf_value=-0.01085950238837287 -0.0011856730007377065 0.012204539520711266 -0.0046035641007662886 0.01296535811021087 -0.0091647851041709357 -0.0008096278197817961 -0.012304662673026063 0.010642330200770758
leaf_weight=6.5591611787676838 17.325271397829056 14.338189065456389 15.649956479668615 11.887889489531519 4.6842034682631519 11.556107170879839 18.215457014739513 10.373515784740446
leaf_count=49 75 54 69 52 39 66 159 45
internal_value=-9.29867e-06 0.0050224 0.00313939 0.00620433 -0.00853617 -0.00448812 -0.011705 0.0119353
internal_weight=110.59 69.5748 55.2366 39.5867 41.0149 18.1153 22.8997 22.2614
internal_count=608 295 241 172 313 115 198 97
is_linear=0
shrinkage=0.01


Tree=114
num_leaves=10
num_cat=0
split_feature=4 7 4 5 4 4 5 3 6
split_gain=46.7981 9.32154 5.20195 4.22586 3.85902 3.24228 3.16207 0.238652 0.0243938
threshold=0.067164179104477625 -0.088235294117647037 -1.0000000180025095e-35 0.23888888888888918 0.79104477611940316 1.2910447761194033 0.13888888888888892 -0.35714285714285704 0.18241042345276878
decision_type=2 2 2 2 2 2 2 2 2
left_child=2 6 3 -1 -3 8 -2 -4 -6
right_child=1 4 7 -5 5 -7 -8 -9 -10
leaf_value=-0.0082323412595351111 -0.0044778752886520659 0.0018173661394507237 -0.0091251666951353023 0.0016798238114689263 0.012119863337363439 0.0051908071569461605 0.0029408352171295753 -0.012275776836053692 0.010484382191553248
leaf_weight=11.163548313081266 9.7302615046501177 9.2763459980487806 4.6580608487129238 6.9107974320650092 11.806943848729135 13.871427342295645 13.726108253002165 18.076667502522469 10.960615292191504
leaf_count=80 44 38 39 35 56 53 54 159 50
internal_value=-9.25067e-06 0.00498734 -0.00849443 -0.004454 0.00760263 0.00905842 -0.000142568 -0.011673 0.0113818
internal_weight=110.181 69.3717 40.8091 18.0743 45.9153 36.639 23.4564 22.7347 22.7676
internal_count=608 295 313 115 197 159 98 198 106
is_linear=0
shrinkage=0.01


Tree=115
num_leaves=9
num_cat=0
split_feature=4 3 4 4 4 1 3 2
split_gain=46.0713 9.28506 7.77025 11.0574 5.18226 4.22648 0.239768 0.132145
threshold=0.067164179104477625 -0.64285714285714268 1.0895522388059702 0.76119402985074636 -1.0000000180025095e-35 -0.56249999999999989 -0.35714285714285704 -1.0000000180025095e-35
decision_type=2 2 2 2 2 2 2 2
left_child=4 -2 3 -3 5 -1 -6 -5
right_child=1 2 -4 7 6 -7 -8 -9
leaf_value=-0.010799771135958394 -0.0036978371140354693 0.0003758344621328034 0.0012539551070784285 0.010817154977737071 -0.009085736167787118 -0.00075938110655801442 -0.012247290878866109 0.012903343192639955
leaf_weight=6.5035420358181026 10.465502217411993 10.784043997526167 19.123934775590897 9.6411568969488126 4.6320577561855343 11.528837829828261 17.938450448215008 19.162735596299175
leaf_count=49 48 45 78 39 39 66 159 85
internal_value=-9.20552e-06 0.00495187 0.00649736 0.00902077 -0.00845306 -0.00442013 -0.0116414 0.0122449
internal_weight=109.78 69.1774 58.7119 39.5879 40.6029 18.0324 22.5705 28.8039
internal_count=608 295 247 169 313 115 198 124
is_linear=0
shrinkage=0.01


Tree=116
num_leaves=9
num_cat=0
split_feature=4 1 4 4 4 5 3 6
split_gain=45.3543 9.31097 12.8154 16.5104 5.16295 4.1917 0.240913 0.164449
threshold=0.067164179104477625 1.2125000000000001 1.1716417910447763 0.98880597014925387 -1.0000000180025095e-35 -1.0000000180025095e-35 -0.35714285714285704 0.18241042345276878
decision_type=2 2 2 2 2 2 2 2
left_child=4 2 3 -2 5 -1 -6 -5
right_child=1 -3 -4 7 6 -7 -8 -9
leaf_value=-0.0095392487898451547 -0.0012132171048790219 0.012113705711211935 -0.0045955822316102336 0.012886213081742804 -0.0090464894304301338 0.00010881517213999438 -0.01221919718310197 0.010534058109624682
leaf_weight=8.3306148275733012 17.299868732690811 14.174158900976179 15.640735045075415 11.658882275223734 4.6061954647302654 9.6612537056207639 17.800816141068935 10.215343892574309
leaf_count=64 75 54 69 52 39 51 159 45
internal_value=-9.24774e-06 0.0049162 0.00303638 0.00608748 -0.00841178 -0.00438648 -0.0116101 0.0118407
internal_weight=109.388 68.989 54.8148 39.1741 40.3989 17.9919 22.407 21.8742
internal_count=608 295 241 172 313 115 198 97
is_linear=0
shrinkage=0.01


Tree=117
num_leaves=10
num_cat=0
split_feature=4 7 3 4 1 0 4 5 3
split_gain=44.6539 9.2086 13.0021 5.14286 4.18831 2.79998 2.44158 1.38022 0.242087
threshold=0.067164179104477625 -1.0000000180025095e-35 0.50000000000000011 -1.0000000180025095e-35 -0.56249999999999989 0.90000000000000013 1.2910447761194033 0.1833333333333336 -0.35714285714285704
decision_type=2 2 2 2 2 2 2 2 2
left_child=3 2 -2 4 -1 6 7 -3 -5
right_child=1 5 -4 8 -6 -7 -8 -9 -10
leaf_value=-0.010738916239260965 -0.0085778733557732492 0.0055502983742362743 0.0057819723147799328 -0.009007422120271778 -0.00071283671311879644 0.011650227311959326 0.001833507545142299 0.010934969136325721 -0.012191489482082613
leaf_weight=6.4469093903899219 10.164155602455141 10.987929612398153 16.248641937971115 4.5804746523499515 11.502552181482313 12.927570238709448 9.5176483839750272 8.941598027944563 17.663773834705353
leaf_count=49 49 50 61 39 66 57 38 40 159
internal_value=-9.1807e-06 0.0048819 0.000244515 -0.00837112 -0.00435345 0.00776506 0.00602579 0.00800872 -0.0115791
internal_weight=108.981 68.7875 26.4128 40.1937 17.9495 42.3747 29.4472 19.9295 22.2442
internal_count=608 295 110 313 115 185 128 90 198
is_linear=0
shrinkage=0.01


Tree=118
num_leaves=11
num_cat=0
split_feature=4 4 7 1 6 5 2 5 2 5
split_gain=44.0519 16.9325 11.1861 10.4577 3.96726 5.4829 1.00922 0.85124 0.434178 0.266036
threshold=0.76119402985074636 1.0037313432835824 -1.0000000180025095e-35 0.26250000000000007 0.37263843648208478 0.038888888888888661 0.43750000000000006 0.11111111111111112 1.0000000180025095e-35 -1.0000000180025095e-35
decision_type=2 2 2 2 2 2 2 2 2 2
left_child=3 8 -3 4 6 -6 9 -5 -2 -1
right_child=1 2 -4 7 5 -7 -8 -9 -10 -11
leaf_value=-0.011372638861678422 0.009741050362014286 -0.0082688046233875458 0.0055318893260706981 -0.0015107540756440913 -0.010562053947605414 0.0019734789012973257 -0.007139110487738745 0.0031859512805907063 0.01250398399586352 -0.014350315311278261
leaf_weight=12.407832629978657 12.747116893529894 9.5114846080541628 15.00079809129238 8.7113988250493986 7.5405302196741086 6.3723281174898148 4.6943696439266196 6.770062841475009 17.208105683326721 7.6210305839777037
leaf_count=112 54 44 59 48 54 33 36 32 77 59
internal_value=-9.19664e-06 0.0063339 0.000164977 -0.00639322 -0.00916976 -0.00484745 -0.0115728 0.000550387 0.0113646 -0.0125713
internal_weight=108.585 54.4675 24.5123 54.1176 38.6361 13.9129 24.7232 15.4815 29.9552 20.0289
internal_count=608 234 103 374 294 87 207 80 131 171
is_linear=0
shrinkage=0.01


Tree=119
num_leaves=9
num_cat=0
split_feature=4 1 4 4 4 1 3 6
split_gain=43.381 9.20833 12.4227 16.2109 5.1543 4.14885 0.248698 0.167839
threshold=0.067164179104477625 1.2125000000000001 1.1716417910447763 0.98880597014925387 -1.0000000180025095e-35 -0.56249999999999989 -0.35714285714285704 0.18241042345276878
decision_type=2 2 2 2 2 2 2 2
left_child=4 2 3 -2 5 -1 -6 -5
right_child=1 -3 -4 7 6 -7 -8 -9
leaf_value=-0.010664814986334792 -0.0012450961564546155 0.01202393696601832 -0.0045622101747084635 0.012807650109714056 -0.0089271064305162049 -0.00064667841524347809 -0.012153401067764906 0.010430955443113022
leaf_weight=6.377959884703162 17.248469993472099 14.00465305149555 15.61969445645809 11.443577572703363 4.526544243097308 11.462754510343073 17.446140512824059 10.060023337602614
leaf_count=49 75 54 69 52 39 66 159 45
internal_value=-9.32049e-06 0.00482066 0.00294662 0.00597714 -0.00829572 -0.00426759 -0.0115322 0.0117492
internal_weight=108.19 68.3764 54.3718 38.7521 39.8134 17.8407 21.9727 21.5036
internal_count=608 295 241 172 313 115 198 97
is_linear=0
shrinkage=0.01


Tree=120
num_leaves=9
num_cat=0
split_feature=4 1 4 4 4 5 3 6
split_gain=42.7104 9.10362 12.2122 16.0327 5.13495 4.14002 0.249899 0.17055
threshold=0.067164179104477625 1.2125000000000001 1.1716417910447763 0.98880597014925387 -1.0000000180025095e-35 -1.0000000180025095e-35 -0.35714285714285704 0.18241042345276878
decision_type=2 2 2 2 2 2 2 2
left_child=4 2 3 -2 5 -1 -6 -5
right_child=1 -3 -4 7 6 -7 -8 -9
leaf_value=-0.0094103748320471421 -0.0012325112367940945 0.011971867789182701 -0.0045127524871558331 0.012774210714801074 -0.0088885628984099099 0.00023132890333560488 -0.012126607048396366 0.010383250033503502
leaf_weight=8.1947429850697535 17.25135163962841 13.925738826394079 15.633994147181509 11.359481781721117 4.5012716650962856 9.6064168661832792 17.310740932822227 10.00591243803501
leaf_count=64 75 54 69 52 39 51 159 45
internal_value=-9.27047e-06 0.00478705 0.00292413 0.00593883 -0.00825528 -0.00423499 -0.011502 0.0117081
internal_weight=107.79 68.1765 54.2507 38.6167 39.6132 17.8012 21.812 21.3654
internal_count=608 295 241 172 313 115 198 97
is_linear=0
shrinkage=0.01


Tree=121
num_leaves=10
num_cat=0
split_feature=4 7 4 4 1 1 4 4 5
split_gain=42.0633 10.7045 12.3457 5.9154 4.11653 3.52285 4.41971 5.47917 1.70107
threshold=1.0000000180025095e-35 -0.088235294117647037 1.0037313432835824 -1.0000000180025095e-35 -0.26249999999999996 0.96250000000000002 0.89552238805970164 1.0037313432835824 -0.11666666666666674
decision_type=2 2 2 2 2 2 2 2 2
left_child=3 2 -2 4 8 6 -3 -8 -1
right_child=1 5 -4 -5 -6 -7 7 -9 -10
leaf_value=-0.011960670265518274 0.0044392676235785458 -0.0004829821971932098 -0.010510563644561526 -0.01213572505113056 0.0020244089237494126 0.01158655688726689 0.01202414831473092 0.001893928566119296 -0.0040654036101806538
leaf_weight=5.2924680113792428 15.840179421007635 8.6950667947530764 8.3538318127393705 20.256851769983768 6.6212359964847556 14.336906298995016 13.114335983991625 9.0317648202180845 5.8461050912737855
leaf_count=48 67 38 40 186 32 60 65 37 35
internal_value=-9.2016e-06 0.00462229 -0.000744703 -0.00845062 -0.00420297 0.00749175 0.00555694 0.00791986 -0.00788987
internal_weight=107.389 69.3721 24.194 38.0167 17.7598 45.1781 30.8412 22.1461 11.1386
internal_count=608 307 107 301 115 200 140 102 83
is_linear=0
shrinkage=0.01


Tree=122
num_leaves=11
num_cat=0
split_feature=4 4 7 1 6 5 5 2 2 5
split_gain=41.5131 16.3858 10.6944 10.2856 3.99298 5.39402 0.825391 0.465972 0.447547 0.261782
threshold=0.76119402985074636 1.0037313432835824 -1.0000000180025095e-35 0.26250000000000007 0.37263843648208478 0.038888888888888661 0.11111111111111112 0.31250000000000006 1.0000000180025095e-35 -1.0000000180025095e-35
decision_type=2 2 2 2 2 2 2 2 2 2
left_child=3 8 -3 4 7 -6 -5 9 -2 -1
right_child=1 2 -4 6 5 -7 -8 -9 -10 -11
leaf_value=-0.011190976320181019 0.0095709501791005971 -0.0081059772267194161 0.0054126105485448163 -0.0013897259889412619 -0.010421730270136383 0.0020765734738412366 0.0032540765705148739 -0.0089204170068823072 0.012389053213031437 -0.014381096773940559
leaf_weight=11.240047119557858 12.503113716840746 9.5021384060382861 14.883135870099066 8.6225754022598249 7.4120462462306005 6.3387980088591576 6.7264184057712546 6.7107228189706793 16.781142741441727 6.2645171582698866
leaf_count=104 54 44 59 48 54 33 32 53 77 50
internal_value=-9.21976e-06 0.00619363 0.00013327 -0.0062532 -0.00903972 -0.00468693 0.000653227 -0.0114821 0.0112225 -0.0124079
internal_weight=106.985 53.6695 24.3853 53.3151 37.9661 13.7508 15.349 24.2153 29.2843 17.5046
internal_count=608 234 103 374 294 87 80 207 131 154
is_linear=0
shrinkage=0.01


Tree=123
num_leaves=9
num_cat=0
split_feature=4 7 3 4 1 1 4 4
split_gain=40.9045 10.4529 12.0443 5.92541 4.10009 3.49765 4.29406 5.83156
threshold=1.0000000180025095e-35 -0.088235294117647037 0.50000000000000011 -1.0000000180025095e-35 -0.56249999999999989 0.96250000000000002 0.89552238805970164 1.0895522388059702
decision_type=2 2 2 2 2 2 2 2
left_child=3 2 -2 4 -1 6 -3 -8
right_child=1 5 -4 -5 -6 -7 7 -9
leaf_value=-0.010551078087348051 -0.0090499391017223995 -0.00046200750617432593 0.0052166245694323264 -0.012097456190425546 -0.0005232855544403508 0.011520241393627699 0.011969951708084061 0.001412714144411117
leaf_weight=6.26280698925257 10.053047746419908 8.6890415251255053 14.086856305599211 20.000485949218273 11.38305242359638 14.197508990764616 13.282633602619173 8.639838978648184
leaf_count=49 53 38 54 186 66 60 67 35
internal_value=-9.35912e-06 0.00456647 -0.000737501 -0.00837983 -0.00412172 0.00741914 0.00548575 0.00783456
internal_weight=106.595 68.9489 24.1399 37.6463 17.6459 44.809 30.6115 21.9225
internal_count=608 307 107 301 115 200 140 102
is_linear=0
shrinkage=0.01


Tree=124
num_leaves=10
num_cat=0
split_feature=4 7 4 4 5 1 4 4 6
split_gain=40.2789 10.3066 11.8555 5.90582 4.06968 3.46542 4.24362 5.79944 2.48944
threshold=1.0000000180025095e-35 -0.088235294117647037 1.0037313432835824 -1.0000000180025095e-35 0.23888888888888918 0.96250000000000002 0.89552238805970164 1.0895522388059702 0.1628664495114007
decision_type=2 2 2 2 2 2 2 2 2
left_child=3 2 -2 4 8 6 -3 -8 -1
right_child=1 5 -4 -5 -6 -7 7 -9 -10
leaf_value=-0.012562400530137817 0.0043693987308628746 -0.00045740066494959826 -0.010294256503406185 -0.01207159432229399 0.0019291106280611738 0.011472678127866598 0.011945418691523125 0.0013994687408320958 -0.0029160260620127122
leaf_weight=5.4792488366365451 15.761401876807215 8.6897932291030902 8.3519800156354886 19.843900263309479 6.8374402672052375 14.114635854959486 13.1775458753109 8.6353646218776685 5.2906485795974731
leaf_count=46 67 38 40 186 35 60 67 35 34
internal_value=-9.32873e-06 0.00453559 -0.000731086 -0.00834006 -0.00409011 0.00737723 0.00545083 0.00779589 -0.0078941
internal_weight=106.182 68.7307 24.1134 37.4512 17.6073 44.6173 30.5027 21.8129 10.7699
internal_count=608 307 107 301 115 200 140 102 80
is_linear=0
shrinkage=0.01


Tree=125
num_leaves=10
num_cat=0
split_feature=4 4 7 1 4 5 6 2 4
split_gain=39.7297 16.0326 10.193 10.1483 6.58043 4.24866 6.08739 0.460935 0.352116
threshold=0.76119402985074636 1.0037313432835824 -1.0000000180025095e-35 0.18750000000000003 1.0000000180025095e-35 0.09444444444444422 0.33224755700325742 1.0000000180025095e-35 -0.53731343283582078
decision_type=2 2 2 2 2 2 2 2 2
left_child=3 7 -3 5 -5 8 -7 -2 -1
right_child=1 2 -4 4 -6 6 -8 -9 -10
leaf_value=-0.0092082624727675959 0.0094489356510985261 -0.007935481526891771 0.0052852274814044536 -0.0063913091066497155 0.005877337376723267 -0.010564914246335941 0.0024184401670952703 0.012317500904347831 -0.012895403174607767
leaf_weight=4.6345611810684195 12.326530262827875 9.4945570677518862 14.769569888710974 8.144456662237646 9.2071610391139966 8.3588784933090192 6.2470402494072905 16.468661189079285 16.13347161561251
leaf_count=39 54 44 59 56 36 63 33 77 147
internal_value=-9.34567e-06 0.00609401 0.000100625 -0.00615125 0.000115087 -0.00921667 -0.00503317 0.0111265 -0.0121207
internal_weight=105.785 53.0593 24.2641 52.7256 17.3516 35.374 14.6059 28.7952 20.768
internal_count=608 234 103 374 92 282 96 131 186
is_linear=0
shrinkage=0.01


Tree=126
num_leaves=10
num_cat=0
split_feature=4 4 1 7 4 5 6 2 4
split_gain=39.1047 15.8548 10.0208 9.99948 6.46499 4.23442 6.50271 0.465003 0.337129
threshold=0.76119402985074636 1.0037313432835824 0.18750000000000003 -1.0000000180025095e-35 1.0000000180025095e-35 0.09444444444444422 0.34527687296416948 1.0000000180025095e-35 -0.49999999999999994
decision_type=2 2 2 2 2 2 2 2 2
left_child=2 7 5 -3 -4 8 -7 -2 -1
right_child=1 3 4 -5 -6 6 -8 -9 -10
leaf_value=-0.0092609747970949247 0.0093982955695728863 -0.0078547615073579699 -0.0063479400502035425 0.0052444535576262209 0.005825904906809818 -0.01055930700263265 0.0029338003788683359 0.012282633771655557 -0.012865900137398346
leaf_weight=4.7363791316747657 12.269842624664308 9.4972213208675402 8.1189101859927195 14.736498311161993 9.1964958459138852 8.5428547784686071 6.0268587842583647 16.351130560040474 15.883839294314386
leaf_count=40 54 44 56 59 36 65 31 77 146
internal_value=-9.4083e-06 0.00605695 -0.00611604 9.96741e-05 0.000114115 -0.00917326 -0.00499584 0.0110831 -0.0120866
internal_weight=105.36 52.8547 52.5053 24.2337 17.3154 35.1899 14.5697 28.621 20.6202
internal_count=608 234 374 103 92 282 96 131 186
is_linear=0
shrinkage=0.01


Tree=127
num_leaves=11
num_cat=0
split_feature=4 4 1 7 6 5 5 2 2 5
split_gain=38.4901 15.6792 9.90227 9.80978 3.9642 5.17448 0.969657 0.480633 0.469068 0.259805
threshold=0.76119402985074636 1.0037313432835824 0.26250000000000007 -1.0000000180025095e-35 0.37263843648208478 0.038888888888888661 0.13888888888888892 0.31250000000000006 1.0000000180025095e-35 -1.0000000180025095e-35
decision_type=2 2 2 2 2 2 2 2 2 2
left_child=2 8 4 -3 7 -6 -4 9 -2 -1
right_child=1 3 6 -5 5 -7 -8 -9 -10 -11
leaf_value=-0.011055898669018478 0.0093479488854416384 -0.0077750939418098014 -0.001474048121003347 0.0052039619234958588 -0.010219967995860484 0.0020931868902486646 0.0035951799892531477 -0.0087248191510010571 0.012248140882827985 -0.014270114418154249
leaf_weight=10.857820220291615 12.21338911354542 9.4996018409729022 8.6530315876007062 14.703594028949736 7.2427186369895917 6.3236012905836105 6.5389516055583945 6.5466882064938536 16.234075054526329 6.1221357062459036
leaf_count=104 54 44 49 59 54 33 31 53 77 50
internal_value=-9.46811e-06 0.00602014 -0.00608116 9.87333e-05 -0.00885992 -0.00450718 0.000717097 -0.0113402 0.0110401 -0.0122916
internal_weight=104.936 52.6507 52.2849 24.2032 37.093 13.5663 15.192 23.5266 28.4475 16.98
internal_count=608 234 374 103 294 87 80 207 131 154
is_linear=0
shrinkage=0.01


Tree=128
num_leaves=9
num_cat=0
split_feature=4 7 3 4 1 1 4 4
split_gain=37.9514 9.84433 11.4017 5.95967 4.1114 3.46866 4.06826 5.78245
threshold=1.0000000180025095e-35 -0.088235294117647037 0.50000000000000011 -1.0000000180025095e-35 -0.56249999999999989 0.96250000000000002 0.89552238805970164 1.0895522388059702
decision_type=2 2 2 2 2 2 2 2
left_child=3 2 -2 4 -1 6 -3 -8
right_child=1 5 -4 -5 -6 -7 7 -9
leaf_value=-0.010425725668934533 -0.0088409074589900008 -0.00049293578225564569 0.0050882173527747442 -0.011997698683183494 -0.0002927488584275993 0.011363698013510243 0.011857676289650629 0.0012469065724503743
leaf_weight=6.1231416687369373 9.9939993694424647 8.6559499576687831 13.966533921658991 19.332976885139942 11.246874853968619 13.863591074943541 12.788558512926103 8.5812400132417661
leaf_count=49 53 38 54 186 66 60 67 35
internal_value=-9.60437e-06 0.00442015 -0.000734254 -0.00818829 -0.00390398 0.00722936 0.00528906 0.00762248
internal_weight=104.553 67.8499 23.9605 36.703 17.37 43.8893 30.0257 21.3698
internal_count=608 307 107 301 115 200 140 102
is_linear=0
shrinkage=0.01


Tree=129
num_leaves=9
num_cat=0
split_feature=4 7 3 4 1 1 4 4
split_gain=37.3711 9.70611 11.1892 5.93944 4.0637 3.43689 4.02012 5.75022
threshold=1.0000000180025095e-35 -0.088235294117647037 0.50000000000000011 -1.0000000180025095e-35 -0.56249999999999989 0.96250000000000002 0.89552238805970164 1.0895522388059702
decision_type=2 2 2 2 2 2 2 2
left_child=3 2 -2 4 -1 6 -3 -8
right_child=1 5 -4 -5 -6 -7 7 -9
leaf_value=-0.010382692818072128 -0.0087628118907755077 -0.00048801765369063519 0.0050435297711600982 -0.011973194519355131 -0.0002898813846287018 0.01131739223608131 0.011834595826692027 0.0012351535072416691
leaf_weight=6.0876276865601566 9.9831825494766253 8.6567530483007449 13.950347431004046 19.179790511727333 11.245541535317896 13.781930804252623 12.686073243618013 8.5772387534379941
leaf_count=49 53 38 54 186 66 60 67 35
internal_value=-9.57261e-06 0.00439025 -0.000727887 -0.0081494 -0.00387383 0.00718847 0.00525523 0.00758477
internal_weight=104.148 67.6355 23.9335 36.513 17.3332 43.702 29.9201 21.2633
internal_count=608 307 107 301 115 200 140 102
is_linear=0
shrinkage=0.01


Tree=130
num_leaves=9
num_cat=0
split_feature=4 7 3 4 1 1 4 4
split_gain=36.7998 9.56977 10.9809 5.91932 4.01658 3.40556 3.97252 5.71825
threshold=1.0000000180025095e-35 -0.088235294117647037 0.50000000000000011 -1.0000000180025095e-35 -0.56249999999999989 0.96250000000000002 0.89552238805970164 1.0895522388059702
decision_type=2 2 2 2 2 2 2 2
left_child=3 2 -2 4 -1 6 -3 -8
right_child=1 5 -4 -5 -6 -7 7 -9
leaf_value=-0.010339944319629375 -0.0086855758791807586 -0.00048314922602020287 0.0049992346615206481 -0.011949013541962468 -0.00028704152741500336 0.011271447461676057 0.011811808898670817 0.0012235064860826202
leaf_weight=6.0522588491439846 9.9721822217106837 8.6575473621487635 13.934180743992327 19.027384556829929 11.244221061468123 13.700543776154516 12.584145173430445 8.5732719004154188
leaf_count=49 53 38 54 186 66 60 67 35
internal_value=-9.54097e-06 0.00436056 -0.000721581 -0.00811072 -0.0038439 0.00714781 0.00522158 0.00754722
internal_weight=103.746 67.4219 23.9064 36.3239 17.2965 43.5155 29.815 21.1574
internal_count=608 307 107 301 115 200 140 102
is_linear=0
shrinkage=0.01


Tree=131
num_leaves=9
num_cat=0
split_feature=4 7 4 4 5 1 4 4
split_gain=36.2373 9.4353 10.9073 5.89932 3.98215 3.37465 3.92546 5.68654
threshold=1.0000000180025095e-35 -0.088235294117647037 1.0037313432835824 -1.0000000180025095e-35 -1.0000000180025095e-35 0.96250000000000002 0.89552238805970164 1.0895522388059702
decision_type=2 2 2 2 2 2 2 2
left_child=3 2 -2 4 -1 6 -3 -8
right_child=1 5 -4 -5 -6 -7 7 -9
leaf_value=-0.0090515058405904111 0.0042313389124017248 -0.00047832992376098068 -0.0098755382253730411 -0.011925150125873168 0.00056010064680557016 0.011225854602663744 0.011789310480176965 0.0012119648400290637
leaf_weight=7.8064154908061054 15.540628127753736 8.6583331078290957 8.3384139686822873 18.875765785574913 9.4535355120897275 13.619438737630842 12.482777744531633 8.5693386495113355
leaf_count=64 67 38 40 186 51 60 67 35
internal_value=-9.50946e-06 0.00433106 -0.000715336 -0.00807223 -0.00381418 0.00710737 0.00518811 0.00750985
internal_weight=103.345 67.2089 23.879 36.1357 17.26 43.3299 29.7104 21.0521
internal_count=608 307 107 301 115 200 140 102
is_linear=0
shrinkage=0.01


Tree=132
num_leaves=10
num_cat=0
split_feature=4 4 1 7 4 5 6 2 4
split_gain=35.7519 15.2569 9.70803 9.16827 5.9889 4.20692 6.39522 0.489362 0.346748
threshold=0.76119402985074636 1.0037313432835824 0.18750000000000003 -1.0000000180025095e-35 1.0000000180025095e-35 0.09444444444444422 0.34527687296416948 1.0000000180025095e-35 -0.49999999999999994
decision_type=2 2 2 2 2 2 2 2 2
left_child=2 7 5 -3 -4 8 -7 -2 -1
right_child=1 3 4 -5 -6 6 -8 -9 -10
leaf_value=-0.0090757645722302459 0.0091694432697749257 -0.007591721206470275 -0.0060815508961963869 0.0049986161335771528 0.0057210626938461332 -0.010409506897128749 0.0030591781031033185 0.012151266613793512 -0.012759593761770589
leaf_weight=4.6058292835950843 11.924405917525293 9.4723311364650744 7.9266658574342754 14.513667836785315 9.1581518203020078 8.3511884510517103 5.9857528284192076 15.744126975536345 15.278618671000006
leaf_count=40 54 44 56 59 36 65 31 77 146
internal_value=-9.47376e-06 0.00585767 -0.00591635 1.56791e-05 0.000241602 -0.00898242 -0.00480402 0.0109038 -0.011956
internal_weight=102.961 51.6545 51.3062 23.986 17.0848 34.2214 14.3369 27.6685 19.8844
internal_count=608 234 374 103 92 282 96 131 186
is_linear=0
shrinkage=0.01


Tree=133
num_leaves=10
num_cat=0
split_feature=4 4 1 7 4 5 6 2 4
split_gain=35.1899 15.0874 9.58604 8.99456 5.88348 4.19211 6.30553 0.493359 0.347289
threshold=0.76119402985074636 1.0037313432835824 0.18750000000000003 -1.0000000180025095e-35 1.0000000180025095e-35 0.09444444444444422 0.34527687296416948 1.0000000180025095e-35 -0.49999999999999994
decision_type=2 2 2 2 2 2 2 2 2
left_child=2 7 5 -3 -4 8 -7 -2 -1
right_child=1 3 4 -5 -6 6 -8 -9 -10
leaf_value=-0.0090367033167226239 0.0091203298780610249 -0.0075155264564470423 -0.0060398921460236964 0.0049597958662512395 0.0056710447542704812 -0.010357878753908105 0.0030263487531985984 0.012118278506319125 -0.012730728128445817
leaf_weight=4.5800424963235846 11.869547426700594 9.4736877381801623 7.9023367613554027 14.48193599283695 9.1474719643592817 8.3095936179161054 5.9912355765700331 15.629960045218466 15.160945348441603
leaf_count=40 54 44 56 59 36 65 31 77 146
internal_value=-9.53263e-06 0.00582209 -0.00588254 1.54692e-05 0.000239628 -0.00894054 -0.00476857 0.010862 -0.0119236
internal_weight=102.547 51.4551 51.0916 23.9556 17.0498 34.0418 14.3008 27.4995 19.741
internal_count=608 234 374 103 92 282 96 131 186
is_linear=0
shrinkage=0.01


Tree=134
num_leaves=11
num_cat=0
split_feature=4 4 1 7 6 5 4 2 2 5
split_gain=34.6367 14.9199 9.47324 8.82425 3.98657 4.95857 3.36889 1.07449 0.497349 0.271534
threshold=0.76119402985074636 1.0037313432835824 0.26250000000000007 -1.0000000180025095e-35 0.37263843648208478 0.038888888888888661 0.067164179104477625 0.43750000000000006 1.0000000180025095e-35 -1.0000000180025095e-35
decision_type=2 2 2 2 2 2 2 2 2 2
left_child=2 8 4 -3 7 -6 -4 9 -2 -1
right_child=1 3 6 -5 5 -7 -8 -9 -10 -11
leaf_value=-0.010980180088138634 0.0090714794326068916 -0.0074402889261895172 -0.0038332342836044577 0.004921241457482615 -0.0099564078198334967 0.0022105739353831524 0.005598449265661414 -0.0064790243018585745 0.012085624809732815 -0.014073864291197896
leaf_weight=11.153845593333244 11.814943909645082 9.4747979044914263 7.559330649673937 14.450380399823187 7.0067221075296384 6.2789431437849998 7.3940355479717255 4.3660572916269293 15.516308441758154 7.1190530434250876
leaf_count=112 54 44 52 59 54 33 28 36 77 59
internal_value=-9.5913e-06 0.00578673 -0.00584892 1.5262e-05 -0.00862636 -0.00423261 0.000836688 -0.0111749 0.0108205 -0.0122555
internal_weight=102.134 51.2564 50.878 23.9252 35.9246 13.2857 14.9534 22.639 27.3313 18.2729
internal_count=608 234 374 103 294 87 80 207 131 171
is_linear=0
shrinkage=0.01


Tree=135
num_leaves=10
num_cat=0
split_feature=4 4 1 7 4 5 6 2 4
split_gain=34.0883 14.7544 9.36754 8.65729 5.71973 4.18067 6.13222 0.501332 0.351643
threshold=0.76119402985074636 1.0037313432835824 0.18750000000000003 -1.0000000180025095e-35 1.0000000180025095e-35 0.09444444444444422 0.34527687296416948 1.0000000180025095e-35 -0.49999999999999994
decision_type=2 2 2 2 2 2 2 2 2
left_child=2 7 5 -3 -4 8 -7 -2 -1
right_child=1 3 4 -5 -6 6 -8 -9 -10
leaf_value=-0.0089523914593173347 0.0090228874617006936 -0.0073659897120256007 -0.0059685451027031667 0.0048829505263103881 0.0056013113028683496 -0.010249041085549186 0.002974323685057392 0.012053298675998839 -0.012680522689502734
leaf_weight=4.5246711522340766 11.760598301887514 9.4756687581539172 7.8605197295546558 14.419001445174215 9.1240424662828428 8.2206222563981992 5.9993902891874304 15.403178364038466 14.95042682439089
leaf_count=40 54 44 56 59 36 65 31 77 146
internal_value=-9.71542e-06 0.00575159 -0.00581398 1.5057e-05 0.000243144 -0.00885885 -0.00468832 0.0107792 -0.0118645
internal_weight=101.738 51.0584 50.6797 23.8947 16.9846 33.6951 14.22 27.1638 19.4751
internal_count=608 234 374 103 92 282 96 131 186
is_linear=0
shrinkage=0.01


Tree=136
num_leaves=10
num_cat=0
split_feature=4 4 1 7 4 5 6 2 4
split_gain=33.5525 14.5908 9.24999 8.49359 5.61901 4.16568 6.04633 0.505308 0.352225
threshold=0.76119402985074636 1.0037313432835824 0.18750000000000003 -1.0000000180025095e-35 1.0000000180025095e-35 0.09444444444444422 0.34527687296416948 1.0000000180025095e-35 -0.49999999999999994
decision_type=2 2 2 2 2 2 2 2 2
left_child=2 7 5 -3 -4 8 -7 -2 -1
right_child=1 3 4 -5 -6 6 -8 -9 -10
leaf_value=-0.0089138626911422353 0.0089745494881449343 -0.007292610146461387 -0.0059275207809558403 0.0048449216818264073 0.005552370386350227 -0.010198422974181519 0.0029425031539768655 0.012021294032806804 -0.012652586893322279
leaf_weight=4.4993455931544295 11.70651324093342 9.4763069450855273 7.836585700511935 14.387800231575964 9.1133562177419645 8.1795125827193242 6.0046805888414374 15.290575757622717 14.834404006600382
leaf_count=40 54 44 56 59 36 65 31 77 146
internal_value=-9.77295e-06 0.00571668 -0.00578074 1.48549e-05 0.000241156 -0.00881766 -0.00465374 0.0107382 -0.0118329
internal_weight=101.329 50.8612 50.4679 23.8641 16.9499 33.5179 14.1842 26.9971 19.3337
internal_count=608 234 374 103 92 282 96 131 186
is_linear=0
shrinkage=0.01


Tree=137
num_leaves=11
num_cat=0
split_feature=4 4 1 7 6 5 4 2 2 5
split_gain=33.0252 14.4291 9.14353 8.3331 3.93443 5.52248 3.17047 1.0929 0.509276 0.261392
threshold=0.76119402985074636 1.0037313432835824 0.26250000000000007 -1.0000000180025095e-35 0.37263843648208478 0.049999999999999926 0.067164179104477625 0.43750000000000006 1.0000000180025095e-35 -1.0000000180025095e-35
decision_type=2 2 2 2 2 2 2 2 2 2
left_child=2 8 4 -3 7 -6 -4 9 -2 -1
right_child=1 3 6 -5 5 -7 -8 -9 -10 -11
leaf_value=-0.010897883101886966 0.0089264615482327423 -0.0072201329365832335 -0.0037174831358192722 0.0048071520039538679 -0.0099965571200987865 0.0029201631743571285 0.0054598447178974951 -0.0063111467253643694 0.011989605077642138 -0.013975028895619378
leaf_weight=10.910151556134224 11.652691259980203 9.4767196029424685 7.5041525289416295 14.356777906417845 7.1755044534802419 6.0071954131126404 7.3579651266336441 4.3021482601761809 15.178505912423132 6.9999571666121527
leaf_count=112 54 44 52 59 56 31 28 36 77 59
internal_value=-9.83037e-06 0.00568198 -0.00574769 1.46548e-05 -0.0085051 -0.00413289 0.00083217 -0.0110698 0.0106974 -0.0121715
internal_weight=100.922 50.6647 50.2571 23.8335 35.395 13.1827 14.8621 22.2123 26.8312 17.9101
internal_count=608 234 374 103 294 87 80 207 131 171
is_linear=0
shrinkage=0.01


Tree=138
num_leaves=8
num_cat=0
split_feature=4 1 3 4 4 4 1
split_gain=32.5583 8.95843 10.4458 7.3637 12.2712 6.02494 4.07937
threshold=1.0000000180025095e-35 1.05 -0.64285714285714268 1.0895522388059702 0.76119402985074636 -1.0000000180025095e-35 -0.56249999999999989
decision_type=2 2 2 2 2 2 2
left_child=5 2 -2 4 -4 6 -1
right_child=1 -3 3 -5 -6 -7 -8
leaf_value=-0.010155972778891378 -0.0079509074950872716 0.010798795803067189 -0.0020586583126733578 -0.0020360519792041315 0.011695315548183738 -0.011811041127537988 0.00012936383816524466
leaf_weight=5.8353267461061504 8.5119788944721204 15.345922246575354 9.8346519619226473 13.165502786636351 18.80589260160923 18.029779106378555 11.001040324568747
leaf_count=49 46 66 46 57 92 186 66
internal_value=-9.94856e-06 0.0041356 0.00208608 0.00414377 0.00698172 -0.00780682 -0.00347435
internal_weight=100.53 65.6639 50.318 41.806 28.6405 34.8661 16.8364
internal_count=608 307 241 195 138 301 115
is_linear=0
shrinkage=0.01


Tree=139
num_leaves=8
num_cat=0
split_feature=4 1 3 4 4 4 1
split_gain=32.0586 8.84763 10.2546 7.25799 12.1396 6.00311 4.03049
threshold=1.0000000180025095e-35 1.05 -0.64285714285714268 1.0895522388059702 0.76119402985074636 -1.0000000180025095e-35 -0.56249999999999989
decision_type=2 2 2 2 2 2 2
left_child=5 2 -2 4 -4 6 -1
right_child=1 -3 3 -5 -6 -7 -8
leaf_value=-0.010114553536104258 -0.0078715362667442865 0.010748904356911004 -0.0020379777760548548 -0.0020148926797422641 0.011657224167234047 -0.01178900607790398 0.00012807483659329797
leaf_weight=5.8012111410498646 8.5128338634967786 15.26385575532913 9.8361127749085444 13.1717412173748 18.679629877209663 17.883763000369072 11.001634053885935
leaf_count=49 46 66 46 57 92 186 66
internal_value=-9.98437e-06 0.00410706 0.00207019 0.00411433 0.00694264 -0.00776957 -0.00344713
internal_weight=100.151 65.4642 50.2003 41.6875 28.5157 34.6866 16.8028
internal_count=608 307 241 195 138 301 115
is_linear=0
shrinkage=0.01


Tree=140
num_leaves=8
num_cat=0
split_feature=4 1 3 4 4 4 1
split_gain=31.5666 8.73831 10.0669 7.15381 12.0097 5.98137 3.98222
threshold=1.0000000180025095e-35 1.05 -0.64285714285714268 1.0895522388059702 0.76119402985074636 -1.0000000180025095e-35 -0.56249999999999989
decision_type=2 2 2 2 2 2 2
left_child=5 2 -2 4 -4 6 -1
right_child=1 -3 3 -5 -6 -7 -8
leaf_value=-0.010073375759644477 -0.0077930962543794873 0.010699364294666348 -0.0020175106408547995 -0.0019939658551332146 0.011619427987778213 -0.01176725132096402 0.00012679898481967222
leaf_weight=5.767255179584029 8.5135360732674581 15.182058736681936 9.8375450968742388 13.17789703607559 18.553943827748299 17.738570034503937 11.002221949398516
leaf_count=49 46 66 46 57 92 186 66
internal_value=-1.00195e-05 0.00407872 0.00205443 0.00408509 0.00690378 -0.00773249 -0.0034201
internal_weight=99.773 65.265 50.0829 41.5694 28.3915 34.508 16.7695
internal_count=608 307 241 195 138 301 115
is_linear=0
shrinkage=0.01


Tree=141
num_leaves=10
num_cat=0
split_feature=4 7 3 4 1 1 4 4 5
split_gain=31.0822 8.67023 9.72876 5.95971 3.93749 3.29569 3.5488 5.50264 2.09806
threshold=1.0000000180025095e-35 -0.088235294117647037 0.50000000000000011 -1.0000000180025095e-35 -0.26249999999999996 0.96250000000000002 0.89552238805970164 1.0895522388059702 -1.0000000180025095e-35
decision_type=2 2 2 2 2 2 2 2 2
left_child=3 2 -2 4 8 6 -3 -8 -1
right_child=1 5 -4 -5 -6 -7 7 -9 -10
leaf_value=-0.011703966694023314 -0.0083624601719335476 -0.00052254062080563037 0.0046457011665210629 -0.011745772349003893 0.0027077091394859306 0.010952487757090767 0.01160216223053063 0.0010133218531201275 -0.0026488740156715472
leaf_weight=5.0999109894037256 9.8093983009457606 8.5801122784614581 13.597924783825873 17.594204187393188 6.4494326561689368 12.996591717004774 11.585428431630136 8.496934622526167 5.1869206801056871
leaf_count=51 53 38 54 186 32 60 67 35 32
internal_value=-1.0054e-05 0.00405058 -0.000818064 -0.00769557 -0.00339327 0.00678158 0.00485883 0.0071492 -0.00720758
internal_weight=99.3969 65.0664 23.4073 34.3305 16.7363 41.6591 28.6625 20.0824 10.2868
internal_count=608 307 107 301 115 200 140 102 83
is_linear=0
shrinkage=0.01


Tree=142
num_leaves=8
num_cat=0
split_feature=4 1 3 4 4 4 1
split_gain=30.6118 8.57141 9.78157 7.01563 11.8192 5.9342 3.91383
threshold=1.0000000180025095e-35 1.05 -0.64285714285714268 1.0895522388059702 0.76119402985074636 -1.0000000180025095e-35 -0.56249999999999989
decision_type=2 2 2 2 2 2 2
left_child=5 2 -2 4 -4 6 -1
right_child=1 -3 3 -5 -6 -7 -8
leaf_value=-0.01000875623243188 -0.0076951584270845124 0.010616596131385121 -0.0019942828590935697 -0.0019857948151408363 0.011564039305001416 -0.011724564640282693 0.00013966799202593612
leaf_weight=5.7070713862776783 8.4985081776976568 15.030992254614828 9.8359072580933589 13.173746824264525 18.323698133230209 17.450669027864933 10.988264739513395
leaf_count=49 46 66 46 57 92 186 66
internal_value=-1.00462e-05 0.00402309 0.00201698 0.00402764 0.00683794 -0.00766066 -0.00336837
internal_weight=99.0089 64.8629 49.8319 41.3334 28.1596 34.146 16.6953
internal_count=608 307 241 195 138 301 115
is_linear=0
shrinkage=0.01


Tree=143
num_leaves=9
num_cat=0
split_feature=4 7 3 4 1 1 4 4
split_gain=30.142 8.53149 9.43793 5.91276 3.86691 3.22633 3.4624 5.41528
threshold=1.0000000180025095e-35 -0.088235294117647037 0.50000000000000011 -1.0000000180025095e-35 -0.56249999999999989 0.96250000000000002 0.89552238805970164 1.0895522388059702
decision_type=2 2 2 2 2 2 2 2
left_child=3 2 -2 4 -1 6 -3 -8
right_child=1 5 -4 -5 -6 -7 7 -9
leaf_value=-0.0099681605517358256 -0.0082767212033500008 -0.00049448213067842433 0.0045555901370007892 -0.011703623766037627 0.00013827598600492965 0.010872653484424856 0.011565777269006009 0.0010284084106838196
leaf_weight=5.6735858395695713 9.7837085947394389 8.5810648575425166 13.545282267034052 17.307968005537987 10.988904394209383 12.847931504249571 11.405475169420244 8.5022222101688367
leaf_count=49 53 38 54 186 66 60 67 35
internal_value=-1.00803e-05 0.00399532 -0.00083838 -0.00762405 -0.00334191 0.00671873 0.00481391 0.00709309
internal_weight=98.6361 64.6657 23.329 33.9705 16.6625 41.3367 28.4888 19.9077
internal_count=608 307 107 301 115 200 140 102
is_linear=0
shrinkage=0.01


Tree=144
num_leaves=9
num_cat=0
split_feature=4 1 4 4 4 1 5 6
split_gain=29.6809 8.44336 9.22744 14.5792 5.8914 4.41752 3.82207 0.174817
threshold=1.0000000180025095e-35 1.2125000000000001 1.1716417910447763 0.98880597014925387 -1.0000000180025095e-35 0.26250000000000007 -1.0000000180025095e-35 0.18241042345276878
decision_type=2 2 2 2 2 2 2 2
left_child=4 2 3 5 6 -2 -1 -5
right_child=1 -3 -4 7 -6 -7 -8 -9
leaf_value=-0.0086380218558585603 -0.0059889291273525951 0.011304935251865874 -0.0043011418851402793 0.012264831531410687 -0.011682945329634082 0.0038833050812328756 0.00096739326862187397 0.009736365511355663
leaf_weight=7.3698538616299656 9.8088066056370753 12.525556638836859 15.373442128300665 9.7399926781654376 17.166104592382908 8.2615600675344449 9.2599496543407422 8.7544412910938245
leaf_count=64 53 54 69 52 186 34 51 45
internal_value=-1.00453e-05 0.00396818 0.00218051 0.00490998 -0.00758761 -0.00147893 -0.00331564 0.0111268
internal_weight=98.2597 64.4638 51.9382 36.5648 33.7959 18.0704 16.6298 18.4944
internal_count=608 307 253 184 301 87 115 97
is_linear=0
shrinkage=0.01


Tree=145
num_leaves=9
num_cat=0
split_feature=4 7 3 4 1 1 4 4
split_gain=29.2282 8.38671 9.21018 5.86949 3.82794 3.16335 3.3938 5.3264
threshold=1.0000000180025095e-35 -0.088235294117647037 0.50000000000000011 -1.0000000180025095e-35 -0.56249999999999989 0.96250000000000002 0.89552238805970164 1.0895522388059702
decision_type=2 2 2 2 2 2 2 2
left_child=3 2 -2 4 -1 6 -3 -8
right_child=1 5 -4 -5 -6 -7 7 -9
leaf_value=-0.0099181046066961071 -0.0082112510673723379 -0.00048217414485031093 0.0044851334355511261 -0.011662525221816978 0.0001677996941883297 0.010796832655372726 0.011532134451101555 0.0010482992933472245
leaf_weight=5.6251096278429058 9.7572569996118563 8.5784226208925265 13.494371257722376 17.025081567466259 10.970424950122831 12.698289409279822 11.227054104208948 8.5078000873327237
leaf_count=49 53 38 54 186 66 60 67 35
internal_value=-9.88961e-06 0.00394134 -0.000855094 -0.00755165 -0.00328978 0.00665616 0.00476764 0.00704057
internal_weight=97.8838 64.2632 23.2516 33.6206 16.5955 41.0116 28.3133 19.7349
internal_count=608 307 107 301 115 200 140 102
is_linear=0
shrinkage=0.01


Tree=146
num_leaves=10
num_cat=0
split_feature=4 1 4 4 4 17 5 3 6
split_gain=28.7809 8.30623 9.01992 14.3384 5.84831 4.31156 3.79184 1.04227 0.178105
threshold=1.0000000180025095e-35 1.2125000000000001 1.1716417910447763 0.98880597014925387 -1.0000000180025095e-35 1.0000000180025095e-35 0.23888888888888918 -0.92857142857142849 0.18241042345276878
decision_type=2 2 2 2 2 2 2 2 2
left_child=4 2 3 5 6 -2 7 -1 -5
right_child=1 -3 -4 8 -6 -7 -8 -9 -10
leaf_value=-0.0037355597867777795 -0.0059281974541995387 0.011234240742203709 -0.0042608825916844043 0.01222860616419065 -0.011642358992519846 0.0038339415471025109 0.0025629808945240979 -0.010308267252679084 0.0096752038135803336
leaf_weight=4.872248388826848 9.7912458404898643 12.391729652881621 15.372225999832152 9.6025154888629931 16.884901486337185 8.2456773668527603 6.6408324912190428 5.050163410604001 8.659659802913664
leaf_count=41 53 54 69 52 186 34 35 39 45
internal_value=-9.85555e-06 0.00391454 0.00214084 0.00485615 -0.0075155 -0.00146885 -0.00326388 -0.00715031 0.0110771
internal_weight=97.5112 64.0631 51.6713 36.2991 33.4481 18.0369 16.5632 9.92241 18.2622
internal_count=608 307 253 184 301 87 115 80 97
is_linear=0
shrinkage=0.01


Tree=147
num_leaves=9
num_cat=0
split_feature=4 5 4 1 4 4 1 5
split_gain=28.341 8.28222 5.82741 5.79353 7.55269 8.21426 3.80299 2.09565
threshold=1.0000000180025095e-35 -0.46111111111111108 -1.0000000180025095e-35 1.2125000000000001 1.2910447761194033 0.98880597014925387 -0.26249999999999996 -1.0000000180025095e-35
decision_type=2 2 2 2 2 2 2 2
left_child=2 -2 6 4 5 -3 7 -1
right_child=1 3 -4 -5 -6 -7 -8 -9
leaf_value=-0.011623017220715504 -0.0052638809920552846 0.00087482878804702447 -0.011622442679316492 0.011652184758373303 -0.0029327633330010899 0.011076780636405339 0.0027416483965383297 -0.0024919137831878589
leaf_weight=4.9524859264492997 8.4894928783178312 15.040026322007181 16.745567120611668 11.321325346827505 12.463347464799879 16.549834489822388 6.4390354454517356 5.140408620238305
leaf_count=51 47 69 186 49 54 88 32 32
internal_value=-9.74053e-06 0.00388805 -0.00747937 0.0052981 0.00364246 0.00623769 -0.00323811 -0.00704253
internal_weight=97.1415 63.864 33.2775 55.3745 44.0532 31.5899 16.5319 10.0929
internal_count=608 307 301 260 211 157 115 83
is_linear=0
shrinkage=0.01


Tree=148
num_leaves=10
num_cat=0
split_feature=4 7 4 4 1 0 1 2 5
split_gain=27.9071 8.24628 9.02195 5.80266 3.74658 3.08905 3.49554 3.47635 2.086
threshold=1.0000000180025095e-35 -0.088235294117647037 1.0037313432835824 -1.0000000180025095e-35 -0.26249999999999996 0.90000000000000013 0.96250000000000002 0.14062500000000003 -1.0000000180025095e-35
decision_type=2 2 2 2 2 2 2 2 2
left_child=3 2 -2 4 8 6 7 -3 -1
right_child=1 5 -4 -5 -6 -7 -8 -9 -10
leaf_value=-0.011600495588303046 0.0037544678048578081 -0.0008190680561177225 -0.0092080120233725259 -0.01160277227548407 0.0027122187885111732 0.011066864498345697 0.010045780372053505 0.0075290402408076098 -0.0024702622705034321
leaf_weight=4.9128725454211244 14.857501223683359 12.288642726838594 8.2774238586425763 16.607080273330212 6.4448701292276374 11.07194012403488 8.9242547601461393 8.2768304795026761 5.1345156729221353
leaf_count=51 67 59 40 186 32 57 42 42 32
internal_value=-9.75626e-06 0.00385968 -0.000903036 -0.00744532 -0.00321423 0.0065717 0.00485229 0.00256091 -0.007005
internal_weight=96.7959 63.6966 23.1349 33.0993 16.4923 40.5617 29.4897 20.5655 10.0474
internal_count=608 307 107 301 115 200 143 101 83
is_linear=0
shrinkage=0.01


Tree=149
num_leaves=9
num_cat=0
split_feature=4 7 3 4 1 0 1 2
split_gain=27.4788 8.12332 8.88921 5.77803 3.75119 3.06909 3.45954 3.42312
threshold=1.0000000180025095e-35 -0.088235294117647037 0.50000000000000011 -1.0000000180025095e-35 -0.56249999999999989 0.90000000000000013 0.96250000000000002 0.14062500000000003
decision_type=2 2 2 2 2 2 2 2
left_child=3 2 -2 4 -1 6 7 -3
right_child=1 5 -4 -5 -6 -7 -8 -9
leaf_value=-0.009824048469085387 -0.0081301573674035631 -0.00081069011009697676 0.0043745578043201463 -0.011583343465429023 0.00022376357234847811 0.011027245693142156 0.010000446973773048 0.007481624715608406
leaf_weight=5.5269046649336842 9.7205028757452983 12.292498320341116 13.401851408183573 16.469443544745445 10.925876796245573 11.001315981149672 8.8757593780755979 8.2467779517173749
leaf_count=49 53 59 54 186 66 57 42 42
internal_value=-9.72884e-06 0.00383103 -0.000894724 -0.00741141 -0.00319051 0.00653019 0.00481662 0.0025389
internal_weight=96.4609 63.5387 23.1224 32.9222 16.4528 40.4164 29.415 20.5393
internal_count=608 307 107 301 115 200 143 101
is_linear=0
shrinkage=0.01


Tree=150
num_leaves=10
num_cat=0
split_feature=4 4 1 7 4 5 6 2 5
split_gain=27.1293 13.3876 8.68299 7.44238 4.54916 4.12772 6.30303 0.548549 0.412143
threshold=0.76119402985074636 1.0037313432835824 0.18750000000000003 -1.0000000180025095e-35 1.0000000180025095e-35 0.09444444444444422 0.37263843648208478 1.0000000180025095e-35 -0.93888888888888866
decision_type=2 2 2 2 2 2 2 2 2
left_child=2 7 5 -3 -4 8 -7 -2 -1
right_child=1 3 4 -5 -6 6 -8 -9 -10
leaf_value=-0.0084146492416533828 0.0084772622315739884 -0.0070266562024357661 -0.0052410267091167985 0.0044367238684837286 0.0053039499432056591 -0.0099672535600350051 0.0036946879674413452 0.011725862912981638 -0.012497554016049166
leaf_weight=4.2039713263511684 10.978591024875643 9.3852835893630999 7.3315720334649113 13.956525325775145 9.0029008537530881 7.9338181242346746 5.7542542591691017 14.013265788555143 13.560383431613447
leaf_count=44 54 44 56 59 36 66 30 77 142
internal_value=-9.66061e-06 0.00526744 -0.00534699 -0.000182789 0.000567847 -0.00841087 -0.00423884 0.0103383 -0.0115838
internal_weight=96.1206 48.3337 47.7869 23.3418 16.3345 31.4524 13.6881 24.9919 17.7644
internal_count=608 234 374 103 92 282 96 131 186
is_linear=0
shrinkage=0.01


Tree=151
num_leaves=10
num_cat=0
split_feature=4 4 1 7 4 5 6 2 5
split_gain=26.7016 13.2375 8.5722 7.30152 4.46821 4.11152 6.21176 0.552336 0.412225
threshold=0.76119402985074636 1.0037313432835824 0.18750000000000003 -1.0000000180025095e-35 1.0000000180025095e-35 0.09444444444444422 0.37263843648208478 1.0000000180025095e-35 -0.93888888888888866
decision_type=2 2 2 2 2 2 2 2 2
left_child=2 7 5 -3 -4 8 -7 -2 -1
right_child=1 3 4 -5 -6 6 -8 -9 -10
leaf_value=-0.0083788854658660809 0.0084314923864335783 -0.0069576044345779162 -0.0052038521840012007 0.0044016517991695208 0.0052576201582831706 -0.0099182754747467287 0.0036544429923152078 0.011696993599281589 -0.012471995142270178
leaf_weight=4.1802421286702183 10.928600102663042 9.3846405595541018 7.3109254390001324 13.9279937595129 8.992345988750456 7.8939608410000783 5.7605174034833908 13.908147275447844 13.45303411781788
leaf_count=44 54 44 56 59 36 66 30 77 142
internal_value=-9.71343e-06 0.00523523 -0.00531605 -0.000181271 0.000563226 -0.00837162 -0.00420731 0.0102997 -0.0115544
internal_weight=95.7404 48.1494 47.591 23.3126 16.3033 31.2878 13.6545 24.8367 17.6333
internal_count=608 234 374 103 92 282 96 131 186
is_linear=0
shrinkage=0.01


Tree=152
num_leaves=10
num_cat=0
split_feature=4 4 1 7 4 5 6 2 5
split_gain=26.2805 13.089 8.46285 7.16339 4.38868 4.09531 6.12186 0.556108 0.412343
threshold=0.76119402985074636 1.0037313432835824 0.18750000000000003 -1.0000000180025095e-35 1.0000000180025095e-35 0.09444444444444422 0.37263843648208478 1.0000000180025095e-35 -0.93888888888888866
decision_type=2 2 2 2 2 2 2 2 2
left_child=2 7 5 -3 -4 8 -7 -2 -1
right_child=1 3 4 -5 -6 6 -8 -9 -10
leaf_value=-0.008343222234817347 0.0083859267032355619 -0.0068893667919359847 -0.0051668828376416663 0.0043668185031975658 0.0052116929148413446 -0.0098695703804045302 0.0036146946201623233 0.011668375438762795 -0.012446718852367249
leaf_weight=4.156675353646281 10.878895089030268 9.3838116526603716 7.2904219478368786 13.899644136428831 8.9818080514669401 7.8542801812291128 5.7666914090514183 13.80360573530197 13.346288688480856
leaf_count=44 54 44 56 59 36 66 30 77 142
internal_value=-9.76611e-06 0.00520321 -0.00528526 -0.000179766 0.000558638 -0.00833257 -0.00417602 0.0102613 -0.0115251
internal_weight=95.3621 47.966 47.3962 23.2835 16.2722 31.1239 13.621 24.6825 17.503
internal_count=608 234 374 103 92 282 96 131 186
is_linear=0
shrinkage=0.01


Tree=153
num_leaves=11
num_cat=0
split_feature=4 4 1 7 6 5 7 2 2 5
split_gain=25.8661 12.9423 8.35632 7.02794 4.05117 5.12483 1.46069 1.15841 0.559867 0.273598
threshold=0.76119402985074636 1.0037313432835824 0.26250000000000007 -1.0000000180025095e-35 0.37263843648208478 0.049999999999999926 0.38235294117647062 0.43750000000000006 1.0000000180025095e-35 -1.0000000180025095e-35
decision_type=2 2 2 2 2 2 2 2 2 2
left_child=2 8 4 -3 7 -6 -4 9 -2 -1
right_child=1 3 6 -5 5 -7 -8 -9 -10 -11
leaf_value=-0.010573225182716332 0.0083405624261344378 -0.0068219292433769627 0.0041814759900895082 0.0043322228781955754 -0.0094487107816074983 0.0032696352104433328 -0.0021890957458133059 -0.0057300879742322045 0.011640003385657054 -0.013799067865603707
leaf_weight=9.8087021037936211 10.829476997256281 9.3828024417161959 7.4337376430630666 13.871476292610167 6.6617042496800405 5.8882707804441452 6.8031981438398361 4.021093823015689 13.699644103646277 6.5856205523014113
leaf_count=112 54 44 38 59 56 31 42 36 77 59
internal_value=-9.81866e-06 0.00517136 -0.00525463 -0.000178274 -0.0080128 -0.00350277 0.00114323 -0.0107547 0.0102231 -0.0119449
internal_weight=94.9857 47.7834 47.2023 23.2543 32.9654 12.55 14.2369 20.4154 24.5291 16.3943
internal_count=608 234 374 103 294 87 80 207 131 171
is_linear=0
shrinkage=0.01


Tree=154
num_leaves=10
num_cat=0
split_feature=4 1 4 4 4 1 4 6 6
split_gain=25.4829 8.04688 8.34003 13.7608 5.8579 3.91262 3.75242 1.62677 0.184481
threshold=1.0000000180025095e-35 1.2125000000000001 1.1716417910447763 0.98880597014925387 -1.0000000180025095e-35 0.26250000000000007 -0.33582089552238797 0.32312703583061897 0.18241042345276878
decision_type=2 2 2 2 2 2 2 2 2
left_child=4 2 3 5 6 -2 7 -1 -5
right_child=1 -3 -4 8 -6 -7 -8 -9 -10
leaf_value=-0.0099797685945692046 -0.0058245762424989009 0.011048160979975042 -0.004205137099033307 0.012087007978847744 -0.011521217997671388 0.0035265433636487236 0.0036957360319731141 -0.0021225025310205904 0.0094660882227520574
leaf_weight=5.7442477867007273 9.6942004933953303 11.962466567754744 15.265389949083326 9.1648634821176547 15.946190148591993 8.1473081409931165 5.5020176395773879 4.9216666594147682 8.3018871247768384
leaf_count=50 53 54 69 52 186 34 32 33 45
internal_value=-9.9357e-06 0.00370728 0.00195252 0.00461912 -0.00723753 -0.00155854 -0.00296775 -0.00640751 0.0109023
internal_weight=94.6502 62.5361 50.5736 35.3083 32.1141 17.8415 16.1679 10.6659 17.4668
internal_count=608 307 253 184 301 87 115 83 97
is_linear=0
shrinkage=0.01


Tree=155
num_leaves=10
num_cat=0
split_feature=4 1 4 4 4 1 4 6 6
split_gain=25.0935 7.95407 8.19706 13.6016 5.83506 3.83812 3.69106 1.61285 0.187557
threshold=1.0000000180025095e-35 1.2125000000000001 1.1716417910447763 0.98880597014925387 -1.0000000180025095e-35 0.26250000000000007 -0.33582089552238797 0.32312703583061897 0.18241042345276878
decision_type=2 2 2 2 2 2 2 2 2
left_child=4 2 3 5 6 -2 7 -1 -5
right_child=1 -3 -4 8 -6 -7 -8 -9 -10
leaf_value=-0.0099394789858652417 -0.0057700915090300913 0.011005213039924262 -0.0041602475141692746 0.012062780351959766 -0.011502804349535821 0.0034953350617582058 0.0036542078006523899 -0.0021037376523439207 0.009423171331781376
leaf_weight=5.7104319334030169 9.6888528913259524 11.889813527464865 15.276825189590452 9.0920041799545306 15.81282798945904 8.1387866884469968 5.5099962502717963 4.9168273434042931 8.2569813430309278
leaf_count=50 53 54 69 52 186 34 32 33 45
internal_value=-9.79538e-06 0.00368213 0.00193802 0.00459072 -0.00720275 -0.00154428 -0.00294426 -0.00636759 0.0108677
internal_weight=94.2933 62.3433 50.4535 35.1766 31.9501 17.8276 16.1373 10.6273 17.349
internal_count=608 307 253 184 301 87 115 83 97
is_linear=0
shrinkage=0.01


Tree=156
num_leaves=9
num_cat=0
split_feature=4 5 4 1 4 4 1 5
split_gain=24.71 7.92605 5.81226 5.56969 6.88473 7.80888 3.6634 2.06393
threshold=1.0000000180025095e-35 -0.46111111111111108 -1.0000000180025095e-35 1.2125000000000001 1.2910447761194033 0.98880597014925387 -0.26249999999999996 -1.0000000180025095e-35
decision_type=2 2 2 2 2 2 2 2
left_child=2 -2 6 4 5 -3 7 -1
right_child=1 3 -4 -5 -6 -7 -8 -9
leaf_value=-0.011473612209301065 -0.005381318720400402 0.0007641407610364182 -0.01148461209193744 0.011433378759962927 -0.0028380228611148309 0.010865432038315628 0.0029419589666263564 -0.0022490909410316398
leaf_weight=4.6771373078227052 8.3174104019999486 14.86521051824093 15.680320225656034 10.853508323431013 12.405448973178862 15.709594532847403 6.378086492419242 5.0514578819274911
leaf_count=51 47 69 186 49 54 88 32 32
internal_value=-9.65583e-06 0.00365715 -0.00716812 0.00506099 0.00342902 0.00597277 -0.00292095 -0.0067555
internal_weight=93.9382 62.1512 31.787 53.8338 42.9803 30.5748 16.1067 9.7286
internal_count=608 307 301 260 211 157 115 83
is_linear=0
shrinkage=0.01


Tree=157
num_leaves=9
num_cat=0
split_feature=4 5 4 1 4 4 4 6
split_gain=24.3312 7.78933 5.78648 5.51895 6.77405 7.73911 3.62011 1.60537
threshold=1.0000000180025095e-35 -0.46111111111111108 -1.0000000180025095e-35 1.2125000000000001 1.2910447761194033 0.98880597014925387 -0.33582089552238797 0.32312703583061897
decision_type=2 2 2 2 2 2 2 2
left_child=2 -2 6 4 5 -3 7 -1
right_child=1 3 -4 -5 -6 -7 -8 -9
leaf_value=-0.0098918784893989049 -0.005324153822317176 0.0007566312010516326 -0.011466637330571738 0.011392641459224417 -0.0028082270626562825 0.010829051117795634 0.0036271796651450457 -0.0020521209469649203
leaf_weight=5.6596909165382403 8.3236884698271734 14.863620184361936 15.548667721450331 10.784100502729414 12.412727415561674 15.605606377124785 5.5113579332828513 4.8986415639519691
leaf_count=50 47 69 186 49 54 88 32 33
internal_value=-9.67212e-06 0.00363039 -0.00713518 0.00502657 0.00340283 0.00593403 -0.00289916 -0.00630793
internal_weight=93.6081 61.9897 31.6184 53.6661 42.882 30.4692 16.0697 10.5583
internal_count=608 307 301 260 211 157 115 83
is_linear=0
shrinkage=0.01


Tree=158
num_leaves=10
num_cat=0
split_feature=4 1 7 3 4 1 0 2 5
split_gain=23.9545 7.715 8.10722 7.45778 5.76382 3.60534 3.41672 3.59867 2.05622
threshold=1.0000000180025095e-35 1.2125000000000001 -0.088235294117647037 0.50000000000000011 -1.0000000180025095e-35 -0.26249999999999996 0.90000000000000013 0.14062500000000003 -1.0000000180025095e-35
decision_type=2 2 2 2 2 2 2 2 2
left_child=4 2 3 -2 5 8 7 -4 -1
right_child=1 -3 6 -5 -6 -7 -8 -9 -10
leaf_value=-0.011446372065509759 -0.010137367113012564 0.010886339384108837 -0.00024460431079528029 0.0022916790281021014 -0.011448877236641342 0.0029326610158855629 0.010553498015642147 0.0078983888001928401 -0.0022077897187908709
leaf_weight=4.6238462403416642 8.4821206405758875 11.684292718768118 13.46182774752379 10.968618609011171 15.417870432138445 6.3772003650665274 8.2455851882696134 8.9865516126155836 5.0383876711130151
leaf_count=51 49 54 66 46 186 32 45 47 32
internal_value=-9.65629e-06 0.00360381 0.00188861 -0.00315253 -0.0071008 -0.00287618 0.00508304 0.00303578 -0.00670086
internal_weight=93.2863 61.829 50.1447 19.4507 31.4573 16.0394 30.694 22.4484 9.66223
internal_count=608 307 253 95 301 115 158 113 83
is_linear=0
shrinkage=0.01


Tree=159
num_leaves=10
num_cat=0
split_feature=4 4 1 7 5 6 4 2 5
split_gain=23.6434 12.5026 8.09406 6.70893 4.0589 5.90165 3.96257 0.561954 0.432124
threshold=0.76119402985074636 1.0037313432835824 0.18750000000000003 -1.0000000180025095e-35 0.09444444444444422 0.37263843648208478 1.0000000180025095e-35 1.0000000180025095e-35 -0.93888888888888866
decision_type=2 2 2 2 2 2 2 2 2
left_child=2 7 4 -3 8 -6 -4 -2 -1
right_child=1 3 6 -5 5 -7 -8 -9 -10
leaf_value=-0.0081004969985996756 0.0081692020884056131 -0.0067525886472673451 -0.0048817695818775845 0.0041860982584753991 -0.0096783375012779241 0.0036516734626329153 0.0050748475804130175 0.011516231924384444 -0.012356467096722371
leaf_weight=3.9814983159303692 10.568094775080683 9.3434488326311129 7.0819038227200499 13.701435431838034 7.6492055729031545 5.7398074492812157 8.9163028448820096 13.187435597181318 12.77045399695635
leaf_count=44 54 44 56 59 66 30 36 77 142
internal_value=-9.63513e-06 0.00499308 -0.00508387 -0.000258958 -0.00812705 -0.00397912 0.00066442 0.0100677 -0.011399
internal_weight=92.9396 46.8004 46.1392 23.0449 30.141 13.389 15.9982 23.7555 16.752
internal_count=608 234 374 103 282 96 92 131 186
is_linear=0
shrinkage=0.01


Tree=160
num_leaves=10
num_cat=0
split_feature=4 4 1 7 5 6 4 2 3
split_gain=23.2697 12.3615 7.99007 6.58199 4.04215 5.81567 3.89172 0.565693 0.477117
threshold=0.76119402985074636 1.0037313432835824 0.18750000000000003 -1.0000000180025095e-35 0.09444444444444422 0.37263843648208478 1.0000000180025095e-35 1.0000000180025095e-35 -1.4999999999999998
decision_type=2 2 2 2 2 2 2 2 2
left_child=2 7 4 -3 8 -6 -4 -2 -1
right_child=1 3 6 -5 5 -7 -8 -9 -10
leaf_value=-0.0077141221828468474 0.008124716530307094 -0.0066868144582381992 -0.0048465064435114537 0.0041526947317604293 -0.0096307751925072231 0.0036120140641546852 0.0050305086825538602 0.011489124301156322 -0.012306065907334801
leaf_weight=3.5747777447104481 10.520485997200014 9.3419920057058352 7.0629204139113417 13.674471251666544 7.610798664391039 5.745868906378746 8.9058761000633222 13.087103769183157 13.052421420812609
leaf_count=37 54 44 56 59 66 30 36 77 149
internal_value=-9.68767e-06 0.00496235 -0.00505419 -0.000256773 -0.00808898 -0.00394939 0.000658979 0.0100304 -0.0113708
internal_weight=92.5767 46.6241 45.9527 23.0165 29.9839 13.3567 15.9688 23.6076 16.6272
internal_count=608 234 374 103 282 96 92 131 186
is_linear=0
shrinkage=0.01


Tree=161
num_leaves=10
num_cat=0
split_feature=4 4 1 7 5 6 4 2 3
split_gain=22.9084 12.6933 8.02997 6.45751 4.0255 5.73098 3.68137 0.782236 0.477612
threshold=0.79104477611940316 1.0037313432835824 0.18750000000000003 -1.0000000180025095e-35 0.09444444444444422 0.37263843648208478 1.0000000180025095e-35 1.0000000180025095e-35 -1.4999999999999998
decision_type=2 2 2 2 2 2 2 2 2
left_child=2 7 4 -3 8 -6 -4 -2 -1
right_child=1 3 6 -5 5 -7 -8 -9 -10
leaf_value=-0.0076783361984680398 0.0080804160065746262 -0.0066217941605998696 -0.0048114401661926293 0.004119519655199709 -0.009583457873206358 0.0035728413302138456 0.0046703928306818148 0.012016389064148193 -0.012282959185976623
leaf_weight=3.5560841411352184 10.473168462514879 9.3403749018907565 7.0440754368901279 13.647687703371046 7.5725783109664899 5.7518440261483192 9.4955913498997671 12.387247130274771 12.946922905743124
leaf_count=37 54 44 56 59 66 30 39 74 149
internal_value=-9.73645e-06 0.00499709 -0.00496066 -0.000254606 -0.00805113 -0.00391988 0.00062753 0.0102562 -0.011343
internal_weight=92.2156 45.8485 46.3671 22.9881 29.8274 13.3244 16.5397 22.8604 16.503
internal_count=608 231 377 103 282 96 95 128 186
is_linear=0
shrinkage=0.01


Tree=162
num_leaves=10
num_cat=0
split_feature=4 4 1 7 5 6 4 2 3
split_gain=22.5466 12.5531 7.92681 6.33543 4.00883 5.64755 3.61564 0.787105 0.478131
threshold=0.79104477611940316 1.0037313432835824 0.18750000000000003 -1.0000000180025095e-35 0.09444444444444422 0.37263843648208478 1.0000000180025095e-35 1.0000000180025095e-35 -1.4999999999999998
decision_type=2 2 2 2 2 2 2 2 2
left_child=2 7 4 -3 8 -6 -4 -2 -1
right_child=1 3 6 -5 5 -7 -8 -9 -10
leaf_value=-0.0076426487778423645 0.0080362984572781605 -0.0065575148564148283 -0.0047765700262926147 0.0040865719231935561 -0.0095363810005606991 0.0035341483109315648 0.0046296767496640428 0.011993463357000717 -0.012260090208380248
leaf_weight=3.5375225991010693 10.426142737269403 9.3386024683713931 7.0253683775663402 13.621084846556185 7.5345459654927236 5.7577340975403786 9.4842469096183759 12.287507355213164 12.842074394226076
leaf_count=37 54 44 56 59 66 30 39 74 149
internal_value=-9.77911e-06 0.00496662 -0.00493152 -0.000252457 -0.00801344 -0.00389059 0.000622359 0.0102202 -0.0113153
internal_weight=91.8548 45.6733 46.1815 22.9597 29.6719 13.2923 16.5096 22.7137 16.3796
internal_count=608 231 377 103 282 96 95 128 186
is_linear=0
shrinkage=0.01


Tree=163
num_leaves=11
num_cat=0
split_feature=4 4 1 7 6 5 7 2 2 5
split_gain=22.1903 12.4145 7.82834 6.2157 3.9669 4.93412 1.95087 1.22534 0.791963 0.269587
threshold=0.79104477611940316 1.0037313432835824 0.26250000000000007 -1.0000000180025095e-35 0.37263843648208478 0.09444444444444422 0.44117647058823534 0.43750000000000006 1.0000000180025095e-35 -1.0000000180025095e-35
decision_type=2 2 2 2 2 2 2 2 2 2
left_child=2 8 4 -3 7 -6 -4 9 -2 -1
right_child=1 3 6 -5 5 -7 -8 -9 -10 -11
leaf_value=-0.010357905529920922 0.0079923616276257464 -0.0064939641977226556 0.0045202367681997091 0.0040538498531323347 -0.0091419790278748497 0.0034959272782057035 -0.0027913934055213579 -0.0052577297051799197 0.011970792680856095 -0.013640666950312406
leaf_weight=9.129027359187603 10.379409044981005 9.3366795331239718 7.8544190227985364 13.594662286341189 6.4579374641180021 5.7635406106710434 6.6510931253433228 3.8369227722287169 12.18835638463497 6.3040177151560828
leaf_count=112 54 44 41 59 57 30 42 36 74 59
internal_value=-9.82158e-06 0.00493631 -0.00490251 -0.000250326 -0.00769518 -0.00320205 0.00117154 -0.0105136 0.0101844 -0.011778
internal_weight=91.4961 45.4991 45.997 22.9313 31.4914 12.2215 14.5055 19.27 22.5678 15.433
internal_count=608 231 377 103 294 87 83 207 128 171
is_linear=0
shrinkage=0.01


Tree=164
num_leaves=10
num_cat=0
split_feature=4 1 7 3 4 1 0 2 5
split_gain=21.8653 7.60004 7.55554 6.96901 5.84816 3.56413 3.39897 3.52385 2.21348
threshold=1.0000000180025095e-35 1.2125000000000001 -0.088235294117647037 0.50000000000000011 -1.0000000180025095e-35 -0.26249999999999996 0.90000000000000013 0.14062500000000003 0.09444444444444422
decision_type=2 2 2 2 2 2 2 2 2
left_child=4 2 3 -2 5 8 7 -4 -1
right_child=1 -3 6 -5 -6 -7 -8 -9 -10
leaf_value=-0.01135708038904335 -0.0099323552661594334 0.010782903816546065 -0.00043236209301560926 0.002160406849858275 -0.011383432202012808 0.0031630322293259225 0.010416430192650088 0.0077089797839783817 -0.0016586847947866658
leaf_weight=4.618993975222109 8.3766493797302264 11.404539890587328 13.280005663633352 10.820614017546175 14.825883835554123 6.3107466846704492 8.0097243413329107 8.7547863572835904 4.7743401005864143
leaf_count=53 49 54 66 46 186 32 45 47 30
internal_value=-9.93044e-06 0.00346363 0.00175005 -0.00314035 -0.00689878 -0.00261968 0.00487487 0.00282254 -0.00649708
internal_weight=91.1763 60.6463 49.2418 19.1973 30.53 15.7041 30.0445 22.0348 9.39333
internal_count=608 307 253 95 301 115 158 113 83
is_linear=0
shrinkage=0.01


Tree=165
num_leaves=10
num_cat=0
split_feature=4 4 1 7 5 6 4 2 3
split_gain=21.5615 12.2913 7.68768 6.01054 3.96951 5.47164 3.48834 0.795897 0.485327
threshold=0.79104477611940316 1.0037313432835824 0.18750000000000003 -1.0000000180025095e-35 0.09444444444444422 0.37263843648208478 1.0000000180025095e-35 1.0000000180025095e-35 -1.4999999999999998
decision_type=2 2 2 2 2 2 2 2 2
left_child=2 7 4 -3 8 -6 -4 -2 -1
right_child=1 3 6 -5 5 -7 -8 -9 -10
leaf_value=-0.0075297856346557565 0.0079391950515276897 -0.0064201921763682689 -0.0047046152365290902 0.0039687498251439997 -0.009428579425552485 0.0034720459432425583 0.0045609498181090682 0.01194353702071114 -0.012211195032371459
leaf_weight=3.4756794422864941 10.309460148215296 9.3211493045091647 6.972100347280505 13.51995877176523 7.4344755411148054 5.7603535726666451 9.4529340416192991 12.029142394661902 12.56540694832802
leaf_count=37 54 44 56 59 66 30 39 74 149
internal_value=-9.90405e-06 0.00488246 -0.00485079 -0.000280343 -0.0079178 -0.00381291 0.000623233 0.0101391 -0.0112498
internal_weight=90.8407 45.1797 45.6609 22.8411 29.2359 13.1948 16.425 22.3386 16.0411
internal_count=608 231 377 103 282 96 95 128 186
is_linear=0
shrinkage=0.01


Tree=166
num_leaves=10
num_cat=0
split_feature=4 4 1 7 5 6 4 2 3
split_gain=21.2205 12.1552 7.58878 5.89697 3.95275 5.39197 3.42597 0.800737 0.485893
threshold=0.79104477611940316 1.0037313432835824 0.18750000000000003 -1.0000000180025095e-35 0.09444444444444422 0.37263843648208478 1.0000000180025095e-35 1.0000000180025095e-35 -1.4999999999999998
decision_type=2 2 2 2 2 2 2 2 2
left_child=2 7 4 -3 8 -6 -4 -2 -1
right_child=1 3 6 -5 5 -7 -8 -9 -10
leaf_value=-0.0074944752232126259 0.0078956450818068718 -0.0063582025505082287 -0.0046703211259508139 0.0039368322818242336 -0.0093822262022172937 0.00343458925899072 0.0045211496775008683 0.011921455047257699 -0.012189119481116424
leaf_weight=3.4576961770653716 10.26344369351864 9.3188923448324221 6.9538893848657635 13.494215726852415 7.3971753567457181 5.7660047486424446 9.4417248070240003 11.931583799421785 12.462976802140476
leaf_count=37 54 44 56 59 66 30 39 74 149
internal_value=-9.94564e-06 0.00485258 -0.00482217 -0.000277967 -0.00788064 -0.00378438 0.000618082 0.0101036 -0.0112227
internal_weight=90.4876 45.0081 45.4795 22.8131 29.0839 13.1632 16.3956 22.195 15.9207
internal_count=608 231 377 103 282 96 95 128 186
is_linear=0
shrinkage=0.01


Tree=167
num_leaves=11
num_cat=0
split_feature=4 4 1 7 6 5 7 2 2 5
split_gain=20.8848 12.0206 7.49872 5.78558 3.91387 4.68511 1.92661 1.24382 0.805564 0.262428
threshold=0.79104477611940316 1.0037313432835824 0.26250000000000007 -1.0000000180025095e-35 0.37263843648208478 0.09444444444444422 0.44117647058823534 0.43750000000000006 1.0000000180025095e-35 -1.0000000180025095e-35
decision_type=2 2 2 2 2 2 2 2 2 2
left_child=2 8 4 -3 7 -6 -4 9 -2 -1
right_child=1 3 6 -5 5 -7 -8 -9 -10 -11
leaf_value=-0.010272496967566901 0.007852268680550117 -0.0062969023690964418 0.0044954984163981925 0.0039051340999329567 -0.0089761268993677739 0.0033975855045328203 -0.0027971988077052181 -0.0050815784493616787 0.011899614739875875 -0.013558259845429708
leaf_weight=8.86037278175354 10.217720314860346 9.3165010064840335 7.8098267465829831 13.468651972711084 6.3173537924885732 5.7715762034058571 6.5920926630496979 3.7715722620487204 11.834617577493189 6.1762684695422694
leaf_count=112 54 44 41 59 57 30 42 36 74 59
internal_value=-9.98706e-06 0.00482287 -0.00479368 -0.00027561 -0.00756419 -0.00308918 0.00116119 -0.0104089 0.0100682 -0.0117028
internal_weight=90.1366 44.8375 45.2991 22.7852 30.8971 12.0889 14.4019 18.8082 22.0523 15.0366
internal_count=608 231 377 103 294 87 83 207 128 171
is_linear=0
shrinkage=0.01


Tree=168
num_leaves=10
num_cat=0
split_feature=4 1 4 4 4 1 17 5 5
split_gain=20.607 7.49202 7.27253 11.6805 5.88272 3.51146 3.28247 2.17798 0.345946
threshold=1.0000000180025095e-35 1.2125000000000001 1.2910447761194033 0.98880597014925387 -1.0000000180025095e-35 -0.26249999999999996 1.0000000180025095e-35 0.09444444444444422 0.038888888888888661
decision_type=2 2 2 2 2 2 2 2 2
left_child=4 2 3 6 5 7 -2 -1 -5
right_child=1 -3 -4 8 -6 -7 -8 -9 -10
leaf_value=-0.011286071279599541 -0.0055656996358668708 0.010707582113935991 -0.0043590140859962566 0.0081505055031335389 -0.011341854805876166 0.0032736025820365535 0.0030860012704147671 -0.0015783394069961145 0.011379211727462084
leaf_weight=4.4803424030542356 9.4783458933234215 11.212551556527613 14.1176161468029 7.6264817193150547 14.441651355475187 6.2753776758909234 8.0001672133803368 4.741452194750309 9.4498404562473279
leaf_count=53 53 54 64 44 186 32 34 30 58
internal_value=-1.00948e-05 0.00337562 0.00166808 0.00413597 -0.00677105 -0.00246616 -0.00161066 -0.00636525 0.00999308
internal_weight=89.8238 59.885 48.6725 34.5548 29.9388 15.4972 17.4785 9.22179 17.0763
internal_count=608 307 253 189 301 115 87 83 102
is_linear=0
shrinkage=0.01


Tree=169
num_leaves=10
num_cat=0
split_feature=4 1 7 3 4 4 0 2 6
split_gain=20.2937 7.40579 7.19385 6.60904 5.85413 3.48972 3.37178 3.44722 1.54175
threshold=1.0000000180025095e-35 1.2125000000000001 -0.088235294117647037 0.50000000000000011 -1.0000000180025095e-35 -0.33582089552238797 0.90000000000000013 0.14062500000000003 0.32312703583061897
decision_type=2 2 2 2 2 2 2 2 2
left_child=4 2 3 -2 5 8 7 -4 -1
right_child=1 -3 6 -5 -6 -7 -8 -9 -10
leaf_value=-0.0095503624726779868 -0.0097802028501014892 0.010666997794775888 -0.00053897889112204634 0.0020564491053649742 -0.011325598323878121 0.0039993084109341912 0.010323734584559081 0.0075752843257449907 -0.0017045418489127753
leaf_weight=5.3213094398379308 8.2952077612280863 11.143387004733084 13.158332131803041 10.703428663313387 14.318517465144396 5.389656476676465 7.8260903730988494 8.5822513028979284 4.7526882141828537
leaf_count=50 49 54 66 46 186 32 45 47 33
internal_value=-1.00024e-05 0.00335226 0.00165541 -0.00313583 -0.00673949 -0.00244751 0.00473432 0.0026842 -0.00590201
internal_weight=89.4909 59.7087 48.5653 18.9986 29.7822 15.4637 29.5667 21.7406 10.074
internal_count=608 307 253 95 301 115 158 113 83
is_linear=0
shrinkage=0.01


Tree=170
num_leaves=10
num_cat=0
split_feature=4 4 1 7 5 6 4 2 3
split_gain=19.9817 11.8349 7.31687 5.57599 3.92025 5.2063 3.23706 0.809555 0.495478
threshold=0.79104477611940316 1.0037313432835824 0.18750000000000003 -1.0000000180025095e-35 0.09444444444444422 0.37263843648208478 1.0000000180025095e-35 1.0000000180025095e-35 -1.4999999999999998
decision_type=2 2 2 2 2 2 2 2 2
left_child=2 7 4 -3 8 -6 -4 -2 -1
right_child=1 3 6 -5 5 -7 -8 -9 -10
leaf_value=-0.0073554508881811332 0.0077739685413377941 -0.0062284094609179564 -0.0045452398666512824 0.0038083642884627999 -0.0092470108916912173 0.0033961055439577477 0.0044311540416286082 0.011858133999140975 -0.012133874890124142
leaf_weight=3.3829833567142478 10.103166393935682 9.2956342697143572 6.8640480563044575 13.372359640896319 7.2716705314815027 5.7621392086148262 9.3975605368614179 11.600154273211954 12.121326159685852
leaf_count=37 54 44 56 59 66 30 39 74 149
internal_value=-9.9434e-06 0.00474123 -0.00471576 -0.000316769 -0.00775779 -0.00367429 0.000637583 0.0100013 -0.0111451
internal_weight=89.171 44.3713 44.7997 22.668 28.5381 13.0338 16.2616 21.7033 15.5043
internal_count=608 231 377 103 282 96 95 128 186
is_linear=0
shrinkage=0.01


Tree=171
num_leaves=10
num_cat=0
split_feature=4 4 1 7 5 6 4 2 3
split_gain=19.6652 11.7032 7.22244 5.47064 3.90317 5.1303 3.17906 0.814365 0.496084
threshold=0.79104477611940316 1.0037313432835824 0.18750000000000003 -1.0000000180025095e-35 0.09444444444444422 0.37263843648208478 1.0000000180025095e-35 1.0000000180025095e-35 -1.4999999999999998
decision_type=2 2 2 2 2 2 2 2 2
left_child=2 7 4 -3 8 -6 -4 -2 -1
right_child=1 3 6 -5 5 -7 -8 -9 -10
leaf_value=-0.0073205593909207167 0.0077310451993457532 -0.0061685697347682025 -0.0045118105878497105 0.0037775384799831157 -0.0092014515064245336 0.0033595851961460217 0.0043924355183825791 0.011837022491503042 -0.012112648078359742
leaf_weight=3.3656798824667922 10.058447338640692 9.2929343432188052 6.8465856090188053 13.347607903182505 7.2352760732173902 5.7675882279872894 9.3865314275026304 11.505288772284983 12.021816637367012
leaf_count=37 54 44 56 59 66 30 39 74 149
internal_value=-9.98422e-06 0.00471208 -0.00468777 -0.00031407 -0.00772123 -0.00364672 0.000632292 0.00996631 -0.0111185
internal_weight=88.8278 44.2043 44.6235 22.6405 28.3904 13.0029 16.2331 21.5637 15.3875
internal_count=608 231 377 103 282 96 95 128 186
is_linear=0
shrinkage=0.01


Tree=172
num_leaves=10
num_cat=0
split_feature=4 4 1 7 5 6 4 2 3
split_gain=19.3535 11.573 7.12921 5.36732 3.88607 5.05543 3.12208 0.819158 0.496709
threshold=0.79104477611940316 1.0037313432835824 0.18750000000000003 -1.0000000180025095e-35 0.09444444444444422 0.37263843648208478 1.0000000180025095e-35 1.0000000180025095e-35 -1.4999999999999998
decision_type=2 2 2 2 2 2 2 2 2
left_child=2 7 4 -3 8 -6 -4 -2 -1
right_child=1 3 6 -5 5 -7 -8 -9 -10
leaf_value=-0.0072857561126232744 0.0076882884183800716 -0.0061093838173448684 -0.0044785712742935815 0.0037469258510801824 -0.0091561013871806138 0.0033235036140122865 0.0043540390763127578 0.011816137571898319 -0.012091627783742785
leaf_weight=3.3485039323568335 10.014021046459677 9.2901148200035113 6.8292554169893291 13.323032788932322 7.1990785449743253 5.7729603871703148 9.3755515888333303 11.411017276346682 11.922957818955185
leaf_count=37 54 44 56 59 66 30 39 74 149
internal_value=-1.00248e-05 0.00468308 -0.0046599 -0.000311393 -0.00768481 -0.00361935 0.000627039 0.00993147 -0.0110921
internal_weight=88.4865 44.0382 44.4483 22.6131 28.2435 12.972 16.2048 21.425 15.2715
internal_count=608 231 377 103 282 96 95 128 186
is_linear=0
shrinkage=0.01


Tree=173
num_leaves=11
num_cat=0
split_feature=4 4 1 7 6 5 7 2 2 5
split_gain=19.0466 11.4442 7.04632 5.26597 3.8378 4.36625 1.89632 1.28057 0.823934 0.254358
threshold=0.79104477611940316 1.0037313432835824 0.26250000000000007 -1.0000000180025095e-35 0.37263843648208478 0.09444444444444422 0.44117647058823534 0.43750000000000006 1.0000000180025095e-35 -1.0000000180025095e-35
decision_type=2 2 2 2 2 2 2 2 2 2
left_child=2 8 4 -3 7 -6 -4 9 -2 -1
right_child=1 3 6 -5 5 -7 -8 -9 -10 -11
leaf_value=-0.010146582801257754 0.0076456963419939345 -0.0060508411085371987 0.004481149101129984 0.0037165252270310607 -0.0087423852842109882 0.0032878546354737021 -0.0027990080102419353 -0.0047964222731558641 0.011795476425790064 -0.013445688728089747
leaf_weight=8.4775737784802914 9.9698873311281222 9.2871797233819979 7.7314664423465711 13.298634216189383 6.1225299574434739 5.7782569006085396 6.496074914932251 3.6705245189368716 11.317339740693567 5.9977924004197165
leaf_count=112 54 44 41 59 57 30 42 36 74 59
internal_value=-1.00651e-05 0.00465422 -0.00463216 -0.000308738 -0.00736997 -0.00292255 0.00116081 -0.0102548 0.00989676 -0.0115964
internal_weight=88.1473 43.873 44.2742 22.5858 30.0467 11.9008 14.2275 18.1459 21.2872 14.4754
internal_count=608 231 377 103 294 87 83 207 128 171
is_linear=0
shrinkage=0.01


Tree=174
num_leaves=9
num_cat=0
split_feature=4 1 0 4 4 4 1 5
split_gain=18.82 7.30029 6.93471 7.4554 12.3652 5.90889 3.46122 2.13446
threshold=1.0000000180025095e-35 1.2125000000000001 0.90000000000000013 1.1716417910447763 0.98880597014925387 -1.0000000180025095e-35 -0.26249999999999996 0.09444444444444422
decision_type=2 2 2 2 2 2 2 2
left_child=5 2 3 4 -2 6 7 -1
right_child=1 -3 -4 -5 -6 -7 -8 -9
leaf_value=-0.011196413953477478 -0.0032519892243997352 0.010584351260063171 0.010216790480249227 -0.0061954194780296512 0.010333322396135488 -0.01127812967522107 0.0034534412326056815 -0.0014652154045673108
leaf_weight=4.2987959682941419 14.687518388032913 10.917989842593668 7.6436223164200774 13.358459547162054 12.165226325392723 13.860282592475414 6.2190775498747835 4.6942624896764755
leaf_count=53 76 54 45 63 69 186 32 30
internal_value=-1.01717e-05 0.00324435 0.00155117 -0.000117315 0.00291813 -0.00657809 -0.00225003 -0.00618883
internal_weight=87.8452 58.7728 47.8548 40.2112 26.8527 29.0724 15.2121 8.99306
internal_count=608 307 253 208 145 301 115 83
is_linear=0
shrinkage=0.01


Tree=175
num_leaves=9
num_cat=0
split_feature=4 1 0 4 4 4 1 5
split_gain=18.5338 7.21551 6.84298 7.31062 12.1949 5.87898 3.40616 2.12297
threshold=1.0000000180025095e-35 1.2125000000000001 0.90000000000000013 1.1716417910447763 0.98880597014925387 -1.0000000180025095e-35 -0.26249999999999996 0.09444444444444422
decision_type=2 2 2 2 2 2 2 2
left_child=5 2 3 4 -2 6 7 -1
right_child=1 -3 -4 -5 -6 -7 -8 -9
leaf_value=-0.011178669539076659 -0.0032192602585141357 0.010544500659705729 0.010176051551139358 -0.0061291182549214149 0.010294652246995077 -0.011262619249608107 0.0034154097340586792 -0.0014518392340501657
leaf_weight=4.2629020623862726 14.689479500055313 10.850376814603804 7.5981095507740966 13.368962138891218 12.089569248259068 13.741310592740774 6.2265211716294298 4.6910755336284637
leaf_count=53 76 54 45 63 69 186 32 30
internal_value=-1.00791e-05 0.0032221 0.00153951 -0.000116196 0.00289728 -0.00654711 -0.00223289 -0.00615501
internal_weight=87.5183 58.5965 47.7461 40.148 26.779 28.9218 15.1805 8.95398
internal_count=608 307 253 208 145 301 115 83
is_linear=0
shrinkage=0.01


Tree=176
num_leaves=9
num_cat=0
split_feature=4 1 0 4 4 4 4 6
split_gain=18.252 7.13177 6.75244 7.16877 12.0271 5.8492 3.38906 1.50491
threshold=1.0000000180025095e-35 1.2125000000000001 0.90000000000000013 1.1716417910447763 0.98880597014925387 -1.0000000180025095e-35 -0.33582089552238797 0.32312703583061897
decision_type=2 2 2 2 2 2 2 2
left_child=5 2 3 4 -2 6 7 -1
right_child=1 -3 -4 -5 -6 -7 -8 -9
leaf_value=-0.0093660417520289099 -0.0031868734492885536 0.010504890048633921 0.010135457386511268 -0.0060636581100814461 0.01025613350621629 -0.011247283462651079 0.0041507156527988941 -0.0015230821194863443
leaf_weight=5.1389774754643422 14.691380329430103 10.783092118799685 7.5528835207223883 13.37918199598789 12.014377042651176 13.623174984008074 5.3336479812860498 4.6764045357704163
leaf_count=50 76 54 45 63 69 186 32 33
internal_value=-9.98737e-06 0.00319999 0.00152794 -0.000115086 0.00287656 -0.00651624 -0.00221587 -0.00568242
internal_weight=87.1931 58.4209 47.6378 40.0849 26.7058 28.7722 15.149 9.81538
internal_count=608 307 253 208 145 301 115 83
is_linear=0
shrinkage=0.01


Tree=177
num_leaves=10
num_cat=0
split_feature=4 1 7 3 4 1 0 0 5
split_gain=17.9713 7.04905 6.67948 6.15272 5.82215 3.34845 3.19176 3.52951 2.11185
threshold=1.0000000180025095e-35 1.2125000000000001 -0.088235294117647037 0.50000000000000011 -1.0000000180025095e-35 -0.26249999999999996 0.90000000000000013 1.0000000180025095e-35 0.09444444444444422
decision_type=2 2 2 2 2 2 2 2 2
left_child=4 2 3 -2 5 8 7 -4 -1
right_child=1 -3 6 -5 -6 -7 -8 -9 -10
leaf_value=-0.011156447041945506 -0.0095822787697727677 0.010465513524467115 0.0070013246594205752 0.0019288764143825172 -0.011232119843192017 0.0033943256929415237 0.010095004658438121 -0.0011451154414676798 -0.0014231505544503979
leaf_weight=4.2142876051366311 8.1750519722700137 10.716139070689676 9.5842313915491157 10.518273457884787 13.50587385892868 6.2275109440088281 7.5079443231225005 11.74444083124399 4.682196706533432
leaf_count=53 49 54 45 46 186 32 45 68 30
internal_value=-9.86156e-06 0.00317803 0.00151646 -0.00312944 -0.00648395 -0.00219786 0.00452857 0.00253115 -0.0061066
internal_weight=86.876 58.2461 47.5299 18.6933 28.6299 15.124 28.8366 21.3287 8.89648
internal_count=608 307 253 95 301 115 158 113 83
is_linear=0
shrinkage=0.01


Tree=178
num_leaves=11
num_cat=0
split_feature=4 4 1 7 6 5 7 2 2 5
split_gain=17.7227 11.0843 6.83971 4.98526 3.8308 4.22204 1.84732 1.30011 0.834692 0.254284
threshold=0.79104477611940316 1.0037313432835824 0.26250000000000007 -1.0000000180025095e-35 0.37263843648208478 0.09444444444444422 0.44117647058823534 0.43750000000000006 1.0000000180025095e-35 -1.0000000180025095e-35
decision_type=2 2 2 2 2 2 2 2 2 2
left_child=2 8 4 -3 7 -6 -4 9 -2 -1
right_child=1 3 6 -5 5 -7 -8 -9 -10 -11
leaf_value=-0.010070237982205353 0.0075032549461571335 -0.0059451987535884907 0.0045075120733782453 0.003592847669395216 -0.0085960733425549281 0.0033132651318434994 -0.0027227351000725054 -0.0046379273238390658 0.011728071425945636 -0.013405989006406256
leaf_weight=8.1838746257126331 9.7565521374344844 9.2427275776863116 7.6625493094325048 13.154363639652727 5.9846943914890272 5.7487408518791199 6.396278440952301 3.6031699813902369 10.951990336179732 5.8887774683535143
leaf_count=112 54 44 41 59 57 30 42 36 74 59
internal_value=-9.84987e-06 0.00452837 -0.0045103 -0.000352199 -0.00724543 -0.00278246 0.001222 -0.0101757 0.00978323 -0.0115508
internal_weight=86.5737 43.1056 43.4681 22.3971 29.4093 11.7334 14.0588 17.6758 20.7085 14.0727
internal_count=608 231 377 103 294 87 83 207 128 171
is_linear=0
shrinkage=0.01


Tree=179
num_leaves=9
num_cat=0
split_feature=4 1 0 4 4 4 4 6
split_gain=17.487 6.95348 6.56804 6.97294 11.1328 5.81048 3.30781 1.48585
threshold=1.0000000180025095e-35 1.2125000000000001 0.90000000000000013 1.2014925373134331 0.98880597014925387 -1.0000000180025095e-35 -0.33582089552238797 0.32312703583061897
decision_type=2 2 2 2 2 2 2 2
left_child=5 2 3 4 -2 6 7 -1
right_child=1 -3 -4 -5 -6 -7 -8 -9
leaf_value=-0.0092911708348101928 -0.0031503441232607282 0.010416343871885851 0.010051523198366295 -0.0061800925797643597 0.0096786801566006459 -0.011212873963678731 0.0041397023332662656 -0.0014619597095249378
leaf_weight=5.0651641301810724 14.648939266800882 10.611988864839075 7.4346537962555876 12.806889459490774 12.409980244934557 13.326471082866192 5.3255882933735856 4.6506663635373116
leaf_count=50 76 54 45 60 72 186 32 33
internal_value=-9.95729e-06 0.00314009 0.00148912 -0.000128858 0.00274738 -0.00642916 -0.0021448 -0.00559664
internal_weight=86.2803 57.9125 47.3005 39.8658 27.0589 28.3679 15.0414 9.71583
internal_count=608 307 253 208 148 301 115 83
is_linear=0
shrinkage=0.01


Tree=180
num_leaves=9
num_cat=0
split_feature=4 5 4 1 4 4 6 4
split_gain=17.2174 7.09591 5.78322 4.92717 5.40626 6.67671 3.45826 2.04458
threshold=1.0000000180025095e-35 -0.46111111111111108 -1.0000000180025095e-35 1.2125000000000001 1.2910447761194033 0.98880597014925387 0.779153094462541 -0.41791044776119396
decision_type=2 2 2 2 2 2 2 2
left_child=2 -2 6 4 5 -3 7 -1
right_child=1 3 -4 -5 -6 -7 -8 -9
leaf_value=-0.0094520897386165311 -0.0056778681240132909 0.00060260358058487039 -0.011198098735018121 0.010885994202951371 -0.0025819504172456182 0.010354907362549353 0.0045937669762309147 -0.00036983999638462022
leaf_weight=5.6107636578381053 7.8356485888361922 14.386689797043802 13.211323067545891 9.6643002033233625 12.222413688898085 13.634814672172068 5.0117179229855546 4.3944270089268676
leaf_count=57 47 69 186 49 54 88 25 33
internal_value=-9.84274e-06 0.00311828 -0.00639716 0.00450787 0.00295303 0.00536787 -0.00212734 -0.00550617
internal_weight=85.9721 57.7439 28.2282 49.9082 40.2439 28.0215 15.0169 10.0052
internal_count=608 307 301 260 211 157 115 90
is_linear=0
shrinkage=0.01


Tree=181
num_leaves=9
num_cat=0
split_feature=4 5 4 1 4 4 6 4
split_gain=16.9505 6.97087 5.75478 4.88243 5.3181 6.61552 3.3986 2.02459
threshold=1.0000000180025095e-35 -0.46111111111111108 -1.0000000180025095e-35 1.2125000000000001 1.2910447761194033 0.98880597014925387 0.779153094462541 -0.41791044776119396
decision_type=2 2 2 2 2 2 2 2
left_child=2 -2 6 4 5 -3 7 -1
right_child=1 3 -4 -5 -6 -7 -8 -9
leaf_value=-0.0094163856106300788 -0.0056179381891687738 0.0005966721778519978 -0.011183487082073187 0.010849379482667771 -0.0025550840857651923 0.010320932627647996 0.0045423141214004483 -0.00036629137285789672
leaf_weight=5.5762698985636225 7.8410829529166213 14.385409079492094 13.097001906484365 9.6006032675504667 12.228442072868345 13.543687850236891 5.0188994407653817 4.393605910241603
leaf_count=57 47 69 186 49 54 88 25 33
internal_value=-9.8075e-06 0.00309521 -0.00636607 0.00447678 0.0029301 0.00533227 -0.00211046 -0.00547136
internal_weight=85.685 57.5992 28.0858 49.7581 40.1575 27.9291 14.9888 9.96988
internal_count=608 307 301 260 211 157 115 90
is_linear=0
shrinkage=0.01


Tree=182
num_leaves=9
num_cat=0
split_feature=4 5 4 1 4 4 6 4
split_gain=16.6877 6.84804 5.72642 4.83813 5.23132 6.55477 3.33998 2.00477
threshold=1.0000000180025095e-35 -0.46111111111111108 -1.0000000180025095e-35 1.2125000000000001 1.2910447761194033 0.98880597014925387 0.779153094462541 -0.41791044776119396
decision_type=2 2 2 2 2 2 2 2
left_child=2 -2 6 4 5 -3 7 -1
right_child=1 3 -4 -5 -6 -7 -8 -9
leaf_value=-0.0093808178015816167 -0.0055587034492161694 0.00059079873114060012 -0.011169036437483135 0.010813006882278058 -0.0025285160569181592 0.010287052883173688 0.0044915440341085945 -0.00036277587733562653
leaf_weight=5.5419898591935626 7.846431501209735 14.384139873087408 12.983505673706532 9.5372230857610685 12.23438151180744 13.45319367200136 5.0259686708450326 4.3927926421165457
leaf_count=57 47 69 186 49 54 88 25 33
internal_value=-9.77244e-06 0.0030723 -0.00633509 0.00444587 0.00290732 0.00529684 -0.00209371 -0.00543673
internal_weight=85.3996 57.4554 27.9443 49.6089 40.0717 27.8373 14.9608 9.93478
internal_count=608 307 301 260 211 157 115 90
is_linear=0
shrinkage=0.01


Tree=183
num_leaves=9
num_cat=0
split_feature=4 5 4 1 4 4 6 4
split_gain=16.4289 6.7274 5.69815 4.79426 5.14591 6.49445 3.2824 1.98513
threshold=1.0000000180025095e-35 -0.46111111111111108 -1.0000000180025095e-35 1.2125000000000001 1.2910447761194033 0.98880597014925387 0.779153094462541 -0.41791044776119396
decision_type=2 2 2 2 2 2 2 2
left_child=2 -2 6 4 5 -3 7 -1
right_child=1 3 -4 -5 -6 -7 -8 -9
leaf_value=-0.0093453822510822047 -0.0055001536109506848 0.00058498254845917494 -0.011154744393994219 0.010776870704071495 -0.0025022428921485087 0.01025326577277434 0.004441444535685235 -0.00035929366230074409
leaf_weight=5.507923897355794 7.8516958206892005 14.382881693542005 12.870832167565823 9.4741623401641828 12.240232989192007 13.363330654799936 5.0329278632998475 4.3919872045516959
leaf_count=57 47 69 186 49 54 88 25 33
internal_value=-9.73757e-06 0.00304954 -0.00630422 0.00441513 0.00288469 0.00526159 -0.00207709 -0.00540226
internal_weight=85.116 57.3123 27.8037 49.4606 39.9864 27.7462 14.9328 9.89991
internal_count=608 307 301 260 211 157 115 90
is_linear=0
shrinkage=0.01


Tree=184
num_leaves=10
num_cat=0
split_feature=4 1 7 3 4 1 0 0 5
split_gain=16.174 6.61408 6.48365 5.82393 5.66996 3.25824 3.0925 3.5302 2.06826
threshold=1.0000000180025095e-35 1.2125000000000001 -0.088235294117647037 0.50000000000000011 -1.0000000180025095e-35 -0.26249999999999996 0.90000000000000013 1.0000000180025095e-35 0.09444444444444422
decision_type=2 2 2 2 2 2 2 2 2
left_child=4 2 3 -2 5 8 7 -4 -1
right_child=1 -3 6 -5 -6 -7 -8 -9 -10
leaf_value=-0.011092727973281612 -0.00947599964475959 0.010240839927333338 0.0069482357335240641 0.0017832586054180436 -0.011140608622844432 0.0034510229645399542 0.0099916021180617518 -0.001243484477636332 -0.0013544892900461795
leaf_weight=4.0665524080395681 8.101854160428049 10.303821139037607 9.4817267283797317 10.384969249367712 12.758979097008705 6.1949937269091615 7.2878433614969245 11.609816804528235 4.643494226038456
leaf_count=53 49 54 45 46 186 32 45 68 30
internal_value=-9.7029e-06 0.00302692 0.00142247 -0.00317555 -0.00627345 -0.00206059 0.00441834 0.00245452 -0.00597539
internal_weight=84.8341 57.17 46.8662 18.4868 27.664 14.905 28.3794 21.0915 8.71005
internal_count=608 307 253 95 301 115 158 113 83
is_linear=0
shrinkage=0.01


Tree=185
num_leaves=11
num_cat=0
split_feature=4 4 1 7 6 5 7 2 2 5
split_gain=15.9834 10.6719 6.6908 4.72256 3.74982 4.03018 1.77321 1.33767 0.846593 0.264421
threshold=0.79104477611940316 1.0037313432835824 0.26250000000000007 -1.0000000180025095e-35 0.37263843648208478 0.09444444444444422 0.44117647058823534 0.43750000000000006 1.0000000180025095e-35 -1.0000000180025095e-35
decision_type=2 2 2 2 2 2 2 2 2 2
left_child=2 8 4 -3 7 -6 -4 9 -2 -1
right_child=1 3 6 -5 5 -7 -8 -9 -10 -11
leaf_value=-0.0099468242050842377 0.0073168719538313724 -0.0058852919860638148 0.0046056854731893453 0.0034410164959631233 -0.0084461365392303166 0.0032758751849859265 -0.0025419102311799724 -0.0043822441536980131 0.011635915286482983 -0.013378915733131829
leaf_weight=7.8008723966777334 9.5041307657957095 9.1891483068466204 7.5510189086198789 12.968456521630285 5.831056069582699 5.7226105481386185 6.2650581151247025 3.4997417964041224 10.473768420517443 5.7377335205674216
leaf_count=112 54 44 41 59 57 30 42 36 74 59
internal_value=-9.69443e-06 0.00434722 -0.00433865 -0.000435832 -0.00709209 -0.00266185 0.00136955 -0.0100632 0.00962788 -0.0114888
internal_weight=84.5436 42.1355 42.4081 22.1576 28.592 11.5537 13.8161 17.0383 19.9779 13.5386
internal_count=608 231 377 103 294 87 83 207 128 171
is_linear=0
shrinkage=0.01


Tree=186
num_leaves=9
num_cat=0
split_feature=4 5 4 1 4 4 1 5
split_gain=15.7378 6.54749 5.65747 4.69384 5.01978 6.38594 3.19677 2.05144
threshold=1.0000000180025095e-35 -0.46111111111111108 -1.0000000180025095e-35 1.2125000000000001 1.2910447761194033 0.98880597014925387 -0.26249999999999996 0.09444444444444422
decision_type=2 2 2 2 2 2 2 2
left_child=2 -2 6 4 5 -3 7 -1
right_child=1 3 -4 -5 -6 -7 -8 -9
leaf_value=-0.011062630155216212 -0.0054604770704230381 0.00056786578824348814 -0.011122917008518864 0.010698325663973446 -0.002486740602399928 0.010200873318384616 0.0034424604325335949 -0.0013197859728152237
leaf_weight=4.0044685453176481 7.8158709332346907 14.340272754430773 12.589343972504139 9.318929009139536 12.218252778053282 13.153716385364531 6.1905496045947084 4.6301451325416565
leaf_count=53 47 69 186 49 54 88 32 30
internal_value=-9.80175e-06 0.00299067 -0.00621987 0.0043462 0.00283248 0.00519677 -0.00200963 -0.00591314
internal_weight=84.2615 56.847 27.4145 49.0312 39.7122 27.494 14.8252 8.63461
internal_count=608 307 301 260 211 157 115 83
is_linear=0
shrinkage=0.01


Tree=187
num_leaves=9
num_cat=0
split_feature=4 1 0 4 4 4 6 4
split_gain=15.4947 6.46194 6.33474 6.37493 11.0735 5.62805 3.1718 1.95429
threshold=1.0000000180025095e-35 1.2125000000000001 0.90000000000000013 1.1716417910447763 0.98880597014925387 -1.0000000180025095e-35 0.779153094462541 -0.41791044776119396
decision_type=2 2 2 2 2 2 2 2
left_child=5 2 3 4 -2 6 7 -1
right_child=1 -3 -4 -5 -6 -7 -8 -9
leaf_value=-0.0092627268022454374 -0.003092550165328362 0.010160021990063247 0.0099439787903028726 -0.0057954190010120858 0.010003761112129932 -0.01110913083094797 0.0044002779192080016 -0.00029398453463231651
leaf_weight=5.4026681147515765 14.586789168417454 10.144255258142946 7.1929485350847235 13.348652318120001 11.434212744235992 12.479591529816389 5.0307087525725374 4.3624044358730307
leaf_count=57 76 54 45 63 69 186 25 33
internal_value=-9.81524e-06 0.00296845 0.00138325 -0.000202046 0.00267853 -0.00618999 -0.00199419 -0.00529967
internal_weight=83.9822 56.7069 46.5626 39.3697 26.021 27.2754 14.7958 9.76507
internal_count=608 307 253 208 145 301 115 90
is_linear=0
shrinkage=0.01


Tree=188
num_leaves=10
num_cat=0
split_feature=4 4 1 7 5 6 0 2 3
split_gain=15.2609 10.4229 6.58227 4.58695 3.72735 4.56688 2.16548 0.853176 0.547825
threshold=0.79104477611940316 1.0037313432835824 0.18750000000000003 -1.0000000180025095e-35 0.09444444444444422 0.37263843648208478 1.0000000180025095e-35 1.0000000180025095e-35 -1.4999999999999998
decision_type=2 2 2 2 2 2 2 2 2
left_child=2 7 4 -3 8 -6 -4 -2 -1
right_child=1 3 6 -5 5 -7 -8 -9 -10
leaf_value=-0.0067610682171508705 0.0072236095549327983 -0.0058234092143050718 0.0044187858520375201 0.0033843527194844991 -0.0087939341443084417 0.0032514957707468033 -0.00298323116148847 0.011590792584176921 -0.011967534886360385
leaf_weight=3.0701995454728594 9.386025473475458 9.1682937294244784 8.1467075571417791 12.898489244282244 6.7973640970885736 5.7150241509079933 7.4949887543916693 10.248220667243002 10.754192404448988
leaf_count=37 54 44 48 59 66 30 47 74 149
internal_value=-9.67593e-06 0.00426989 -0.004261 -0.000450295 -0.00730343 -0.00331003 0.000875562 0.00955027 -0.0108681
internal_weight=83.6795 41.701 41.9785 22.0668 26.3368 12.5124 15.6417 19.6342 13.8244
internal_count=608 231 377 103 282 96 95 128 186
is_linear=0
shrinkage=0.01


Tree=189
num_leaves=9
num_cat=0
split_feature=4 1 0 4 4 4 1 5
split_gain=15.064 6.37714 6.24236 6.19657 10.8366 5.61501 3.12955 2.02459
threshold=1.0000000180025095e-35 1.2125000000000001 0.90000000000000013 1.1716417910447763 0.98880597014925387 -1.0000000180025095e-35 -0.26249999999999996 0.09444444444444422
decision_type=2 2 2 2 2 2 2 2
left_child=5 2 3 4 -2 6 7 -1
right_child=1 -3 -4 -5 -6 -7 -8 -9
leaf_value=-0.01102485244096983 -0.0030596077183994452 0.010113683933276966 0.0098983882942240975 -0.0057273642891998338 0.0099443222720004016 -0.011091631555710453 0.0034438489813076231 -0.0012873105634287091
leaf_weight=3.9234009347856027 14.563337057828903 10.046713925898073 7.1241832599043837 13.342820435762404 11.295949794352055 12.307157889008522 6.1820016652345666 4.6141179874539375
leaf_count=53 76 54 45 63 69 186 32 30
internal_value=-9.69893e-06 0.00293233 0.00135649 -0.000217062 0.00263724 -0.00613445 -0.00194282 -0.00583801
internal_weight=83.3997 56.373 46.3263 39.2021 25.8593 27.0267 14.7195 8.53752
internal_count=608 307 253 208 145 301 115 83
is_linear=0
shrinkage=0.01


Tree=190
num_leaves=10
num_cat=0
split_feature=4 1 7 4 3 6 0 0 4
split_gain=14.8339 6.30301 6.20701 5.58548 5.53377 3.07917 2.97296 3.54341 1.92998
threshold=1.0000000180025095e-35 1.2125000000000001 -0.088235294117647037 -1.0000000180025095e-35 0.50000000000000011 0.779153094462541 0.90000000000000013 1.0000000180025095e-35 -0.41791044776119396
decision_type=2 2 2 2 2 2 2 2 2
left_child=3 2 4 5 -2 8 7 -4 -1
right_child=1 -3 6 -5 -6 -7 -8 -9 -10
leaf_value=-0.0091928988215602189 -0.0093446650088039526 0.010076380536748067 0.0069029241058999888 -0.011078185643078451 0.0016913215940029223 0.0043614738872832948 0.0098583358073343185 -0.0013474639089622129 -0.00023909915250600291
leaf_weight=5.3201211653649798 8.0182268768548983 9.9837546423077566 9.3877742588520103 12.199535146355629 10.261307239532469 5.0298737511038789 7.0822132900357238 11.474589630961416 4.3407733589410773
leaf_count=57 49 54 45 186 46 25 45 68 33
internal_value=-9.60933e-06 0.00291206 0.00134625 -0.00610483 -0.00317406 -0.00192786 0.00430392 0.00238032 -0.0052135
internal_weight=83.0982 56.2079 46.2241 26.8903 18.2795 14.6908 27.9446 20.8624 9.66089
internal_count=608 307 253 301 95 115 158 113 90
is_linear=0
shrinkage=0.01


Tree=191
num_leaves=11
num_cat=0
split_feature=4 4 1 7 0 6 5 2 2 5
split_gain=14.6253 10.2365 6.44771 4.40668 3.88472 3.69324 3.81553 1.36884 0.861472 0.264979
threshold=0.79104477611940316 1.0037313432835824 0.26250000000000007 -1.0000000180025095e-35 1.0000000180025095e-35 0.37263843648208478 0.09444444444444422 0.43750000000000006 1.0000000180025095e-35 -1.0000000180025095e-35
decision_type=2 2 2 2 2 2 2 2 2 2
left_child=2 8 5 -3 -4 7 -7 9 -2 -1
right_child=1 3 4 -5 -6 6 -8 -9 -10 -11
leaf_value=-0.009845718619794764 0.0071415197498480914 -0.0057471511737812358 0.006272829403958337 0.0032986735151653173 -0.0043591234354417663 -0.0082683200484861968 0.0032204362381824565 -0.0041567934134855182 0.011558211588781439 -0.013328113535886537
leaf_weight=7.4774823784828195 9.2756693288683909 9.1399402171373385 7.4307289868593198 12.811021640896795 6.2274691238999367 5.6758444942533952 5.7064367458224297 3.4168742671608916 10.056229509413241 5.6020287908613726
leaf_count=112 54 44 42 59 41 57 30 36 74 59
internal_value=-9.55369e-06 0.00420054 -0.00419394 -0.000476809 0.00142873 -0.00694383 -0.00253062 -0.0099553 0.00948669 -0.0114271
internal_weight=82.8197 41.2829 41.5369 21.951 13.6582 27.8787 11.3823 16.4964 19.3319 13.0795
internal_count=608 231 377 103 83 294 87 207 128 171
is_linear=0
shrinkage=0.01


Tree=192
num_leaves=9
num_cat=0
split_feature=4 5 4 1 4 4 6 4
split_gain=14.4344 6.36282 5.57457 4.48225 4.67811 6.0835 3.16447 1.94278
threshold=1.0000000180025095e-35 -0.46111111111111108 -1.0000000180025095e-35 1.2125000000000001 1.2910447761194033 0.98880597014925387 0.79609120521172672 -0.41791044776119396
decision_type=2 2 2 2 2 2 2 2
left_child=2 -2 6 4 5 -3 7 -1
right_child=1 3 -4 -5 -6 -7 -8 -9
leaf_value=-0.0091676919674044174 -0.0055050974306404656 0.00057311671094193643 -0.011062050238636791 0.010546883951555895 -0.0023775794146881088 0.010072533764222749 0.0045631733303991805 -0.00018272397088718665
leaf_weight=5.340527079999446 7.7139984220266333 14.269406467676164 12.039150804281235 9.0201728343963605 12.193079203367232 12.700730733573435 4.9522643610835084 4.3227708972990504
leaf_count=58 47 69 186 49 54 88 24 33
internal_value=-9.66474e-06 0.0028772 -0.00605182 0.00422781 0.00274922 0.00506725 -0.00187766 -0.0051914
internal_weight=82.5521 55.8974 26.6547 48.1834 39.1632 26.9701 14.6156 9.6633
internal_count=608 307 301 260 211 157 115 91
is_linear=0
shrinkage=0.01


Tree=193
num_leaves=9
num_cat=0
split_feature=4 5 4 1 4 4 6 4
split_gain=14.2099 6.25004 5.54575 4.44173 4.60135 6.02692 3.10933 1.92336
threshold=1.0000000180025095e-35 -0.46111111111111108 -1.0000000180025095e-35 1.2125000000000001 1.2910447761194033 0.98880597014925387 0.79609120521172672 -0.41791044776119396
decision_type=2 2 2 2 2 2 2 2
left_child=2 -2 6 4 5 -3 7 -1
right_child=1 3 -4 -5 -6 -7 -8 -9
leaf_value=-0.00913311062093735 -0.0054473445725942496 0.00056747377755467319 -0.011048922251782691 0.01051231506504061 -0.0023529816967915742 0.010039357952195953 0.0045125560905855495 -0.00018095455871796517
leaf_weight=5.3076843544840804 7.7188600674271575 14.268187738955023 11.933568697422743 8.9599674195051175 12.198357611894606 12.616029895842074 4.9588240012526521 4.3223722651600829
leaf_count=58 47 69 186 49 54 88 24 33
internal_value=-9.62838e-06 0.00285574 -0.00602195 0.00419832 0.00272765 0.0050331 -0.0018627 -0.00515816
internal_weight=82.2839 55.7614 26.5224 48.0425 39.0826 26.8842 14.5889 9.63006
internal_count=608 307 301 260 211 157 115 91
is_linear=0
shrinkage=0.01


Tree=194
num_leaves=9
num_cat=0
split_feature=4 5 4 1 4 4 6 4
split_gain=13.9888 6.13927 5.51702 4.40158 4.52581 5.97073 3.05516 1.9041
threshold=1.0000000180025095e-35 -0.46111111111111108 -1.0000000180025095e-35 1.2125000000000001 1.2910447761194033 0.98880597014925387 0.79609120521172672 -0.41791044776119396
decision_type=2 2 2 2 2 2 2 2
left_child=2 -2 6 4 5 -3 7 -1
right_child=1 3 -4 -5 -6 -7 -8 -9
leaf_value=-0.0090986385856969207 -0.0053902509310432226 0.00056188592066795542 -0.011035932827470951 0.010477938840428681 -0.0023286531766003715 0.010006250853382451 0.0044626002695166405 -0.00017920205086419558
leaf_weight=5.2750584557652465 7.7236471250653258 14.266979880630972 11.828781254589558 8.9000984355807287 12.203559324145315 12.531946979463099 4.9652780815958986 4.3219774924218646
leaf_count=58 47 69 186 49 54 88 24 33
internal_value=-9.59222e-06 0.00283442 -0.00599217 0.004169 0.00270623 0.00499912 -0.00184786 -0.00512509
internal_weight=82.0173 55.6262 26.3911 47.9026 39.0025 26.7989 14.5623 9.59704
internal_count=608 307 301 260 211 157 115 91
is_linear=0
shrinkage=0.01


Tree=195
num_leaves=10
num_cat=0
split_feature=4 1 7 4 3 1 0 0 5
split_gain=13.7711 6.04062 6.06073 5.48839 5.29736 3.04749 2.93658 3.50358 1.97979
threshold=1.0000000180025095e-35 1.2125000000000001 -0.088235294117647037 -1.0000000180025095e-35 0.50000000000000011 -0.26249999999999996 0.90000000000000013 1.0000000180025095e-35 0.09444444444444422
decision_type=2 2 2 2 2 2 2 2 2
left_child=3 2 4 5 -2 8 7 -4 -1
right_child=1 -3 6 -5 -6 -7 -8 -9 -10
leaf_value=-0.010971416596280851 -0.0092567103523659554 0.0099329925855537911 0.0068307512919638328 -0.011023080060566659 0.0015850231004436921 0.0034764626275032118 0.00980527029698193 -0.0014048644712871955 -0.0012446089464913262
leaf_weight=3.7966024726629239 7.9583414345979717 9.7152481302618963 9.3084920644760185 11.724785499274731 10.170169092714785 6.1564246043562898 6.9464589655399314 11.393166489899157 4.5828369110822678
leaf_count=53 49 54 45 186 46 32 45 68 30
internal_value=-9.55631e-06 0.00281323 0.00128383 -0.00596248 -0.00319912 -0.00183312 0.00422418 0.00231331 -0.0057291
internal_weight=81.7525 55.4919 45.7766 26.2606 18.1285 14.5359 27.6481 20.7017 8.37944
internal_count=608 307 253 301 95 115 158 113 83
is_linear=0
shrinkage=0.01


Tree=196
num_leaves=11
num_cat=0
split_feature=4 4 1 7 0 6 5 2 2 5
split_gain=13.5894 9.96929 6.32354 4.22096 3.83578 3.63152 3.66947 1.39048 0.988341 0.272352
threshold=0.79104477611940316 1.0037313432835824 0.26250000000000007 -1.0000000180025095e-35 1.0000000180025095e-35 0.37263843648208478 0.09444444444444422 0.43750000000000006 -0.18749999999999997 -1.0000000180025095e-35
decision_type=2 2 2 2 2 2 2 2 2 2
left_child=2 8 5 -3 -4 7 -7 9 -2 -1
right_child=1 3 4 -5 -6 6 -8 -9 -10 -11
leaf_value=-0.0097554055647923847 0.0059121720679304038 -0.0056971634161643659 0.0063480168865766226 0.0031862309908428856 -0.0042751795762214556 -0.0081558041018570566 0.00317236412090413 -0.003987678706404642 0.010982562253147553 -0.013310328397765553
leaf_weight=7.2242063954472551 6.1047189012169865 9.0984598994255084 7.3533818498253805 12.682408735156057 6.1551396399736404 5.5657292827963811 5.6920696422457695 3.3514644950628272 12.755536139011381 5.4968830756843134
leaf_count=112 34 44 42 59 41 57 30 36 94 59
internal_value=-9.5525e-06 0.00407924 -0.00407857 -0.000533682 0.00151173 -0.00683711 -0.00245065 -0.00987539 0.00938121 -0.0113834
internal_weight=81.48 40.6411 40.8389 21.7809 13.5085 27.3304 11.2578 16.0726 18.8603 12.7211
internal_count=608 231 377 103 83 294 87 207 128 171
is_linear=0
shrinkage=0.01


Tree=197
num_leaves=9
num_cat=0
split_feature=4 5 4 1 4 4 1 1
split_gain=13.4013 5.98082 5.47574 4.30778 4.41437 5.86786 2.99019 0.869427
threshold=1.0000000180025095e-35 -0.46111111111111108 -1.0000000180025095e-35 1.2125000000000001 1.2910447761194033 0.98880597014925387 -0.26249999999999996 -0.5874999999999998
decision_type=2 2 2 2 2 2 2 2
left_child=2 -2 6 4 5 -3 7 -1
right_child=1 3 -4 -5 -6 -7 -8 -9
leaf_value=-0.0088190377428087503 -0.0053548451822340868 0.00054865849982975857 -0.011007859018186518 0.01040297191289914 -0.0023131417700658053 0.0099560948250896498 0.0034675370355236991 -0.0023096497905154933
leaf_weight=4.2040636464953414 7.6875917986035338 14.228770062327387 11.570826087146997 8.7536361888051015 12.181299045681952 12.336308896541594 6.1519789397716531 4.1044644489884368
leaf_count=46 47 69 186 49 54 88 32 37
internal_value=-9.6818e-06 0.00277952 -0.00591093 0.0041045 0.00265843 0.00493824 -0.00178494 -0.00566907
internal_weight=81.2189 55.1876 26.0313 47.5 38.7464 26.5651 14.4605 8.30853
internal_count=608 307 301 260 211 157 115 83
is_linear=0
shrinkage=0.01


Tree=198
num_leaves=10
num_cat=0
split_feature=4 1 7 4 3 6 0 0 4
split_gain=13.1914 5.8996 5.91154 5.44808 5.13103 2.96036 2.91232 3.45324 1.87664
threshold=1.0000000180025095e-35 1.2125000000000001 -0.088235294117647037 -1.0000000180025095e-35 0.50000000000000011 0.79609120521172672 0.90000000000000013 1.0000000180025095e-35 -0.41791044776119396
decision_type=2 2 2 2 2 2 2 2 2
left_child=3 2 4 5 -2 8 7 -4 -1
right_child=1 -3 6 -5 -6 -7 -8 -9 -10
leaf_value=-0.0090223909991414882 -0.0091697775383726057 0.0098551840581913002 0.0067622407487376145 -0.010995301811044932 0.0015297537710046221 0.0044300198992366559 0.009761205829137554 -0.0014345842787917512 -0.00011880756907325743
leaf_weight=5.1805296726524821 7.9117026925087002 9.5646476522088033 9.2513544857502037 11.468825429677963 10.119029164314268 4.9624391347169885 6.8593609109520903 11.349245861172674 4.2958541065454474
leaf_count=58 49 54 45 186 46 24 45 68 33
internal_value=-9.67618e-06 0.0027587 0.00124828 -0.00588063 -0.00318977 -0.00177033 0.00416339 0.00226135 -0.00502959
internal_weight=80.963 55.0553 45.4907 25.9076 18.0307 14.4388 27.46 20.6006 9.47638
internal_count=608 307 253 301 95 115 158 113 91
is_linear=0
shrinkage=0.01


Tree=199
num_leaves=10
num_cat=0
split_feature=4 4 1 7 5 6 0 2 5
split_gain=13.0162 9.80894 6.20763 4.06898 3.60739 4.23276 2.07412 0.992727 0.660178
threshold=0.79104477611940316 1.0037313432835824 0.18750000000000003 -1.0000000180025095e-35 0.09444444444444422 0.37263843648208478 1.0000000180025095e-35 -0.18749999999999997 -0.98333333333333317
decision_type=2 2 2 2 2 2 2 2 2
left_child=2 7 4 -3 8 -6 -4 -2 -1
right_child=1 3 6 -5 5 -7 -8 -9 -10
leaf_value=-0.0060161693898382052 0.0058369208051237921 -0.0056377730843849899 0.0045105173351692694 0.0031033656555359457 -0.0085588492182716944 0.0031616029381424933 -0.0028121111272917001 0.010943297254357444 -0.01192022270559427
leaf_weight=2.7334047667682162 6.0552601516246822 9.0719140022993106 7.9716352596878988 12.600441195070742 6.5304733365774137 5.6810828894376755 7.3344898670911789 12.531147606670855 10.186636917293074
leaf_count=39 34 44 48 59 66 30 47 94 147
internal_value=-9.61957e-06 0.00401051 -0.00401198 -0.00056471 -0.00706008 -0.00312485 0.00100613 0.00931983 -0.0107269
internal_weight=80.6965 40.2588 40.4377 21.6724 25.1316 12.2116 15.3061 18.5864 12.92
internal_count=608 231 377 103 282 96 95 128 186
is_linear=0
shrinkage=0.01


Tree=200
num_leaves=9
num_cat=0
split_feature=4 1 7 4 3 7 0 0
split_gain=12.8237 5.82152 5.75889 5.43514 5.00178 2.9284 2.8909 3.40011
threshold=1.0000000180025095e-35 1.2125000000000001 -0.088235294117647037 -1.0000000180025095e-35 0.50000000000000011 -0.14705882352941174 0.90000000000000013 1.0000000180025095e-35
decision_type=2 2 2 2 2 2 2 2
left_child=3 2 4 5 -2 -1 7 -4
right_child=1 -3 6 -5 -6 -7 -8 -9
leaf_value=-0.0058030847722775501 -0.0090848635303405496 0.0098103566548342954 0.0066946311104884018 -0.010979951167681006 0.0015004795673769211 0.0032070780435912807 0.0097161249288583249 -0.0014542695818126009
leaf_weight=7.8469442017376423 7.8734603151679066 9.4726492762565595 9.2050391957163864 11.313223175704479 10.087657757103441 6.5175163410604 6.7946905717253676 11.321688264608381
leaf_count=74 49 54 45 186 46 41 45 68
internal_value=-9.65556e-06 0.00272414 0.00122342 -0.00582715 -0.00316433 -0.00172104 0.00410895 0.00221478
internal_weight=80.4329 54.7552 45.2825 25.6777 17.9611 14.3645 27.3214 20.5267
internal_count=608 307 253 301 95 115 158 113
is_linear=0
shrinkage=0.01


Tree=201
num_leaves=10
num_cat=0
split_feature=4 4 1 7 5 6 0 2 5
split_gain=12.6583 9.70018 6.08324 3.93421 3.58168 4.16707 2.04243 0.996871 0.66488
threshold=0.79104477611940316 1.0037313432835824 0.18750000000000003 -1.0000000180025095e-35 0.09444444444444422 0.37263843648208478 1.0000000180025095e-35 -0.18749999999999997 -0.98333333333333317
decision_type=2 2 2 2 2 2 2 2 2
left_child=2 7 4 -3 8 -6 -4 -2 -1
right_child=1 3 6 -5 5 -7 -8 -9 -10
leaf_value=-0.0059482901272613067 0.0057853510464831361 -0.0055739304571565083 0.0044806971686770607 0.0030348400152365534 -0.0085075246757786056 0.0031434640324522313 -0.0027956039235023434 0.010918712310991306 -0.011898666788489736
leaf_weight=2.7062466628849497 6.0221821218729046 9.0529499799013156 7.951130133122204 12.541394270956514 6.4803161993622762 5.6785780787467957 7.3133692592382431 12.386639364063738 10.044961616396906
leaf_count=39 34 44 48 59 66 30 47 94 147
internal_value=-9.56438e-06 0.00396736 -0.00396954 -0.000583253 -0.00700602 -0.0030849 0.000999045 0.00927974 -0.0106919
internal_weight=80.1778 40.0032 40.1746 21.5943 24.9101 12.1589 15.2645 18.4088 12.7512
internal_count=608 231 377 103 282 96 95 128 186
is_linear=0
shrinkage=0.01


Tree=202
num_leaves=10
num_cat=0
split_feature=4 1 7 4 3 1 0 0 1
split_gain=12.4631 5.7445 5.61044 5.42451 4.876 2.91233 2.86933 3.34769 0.870425
threshold=1.0000000180025095e-35 1.2125000000000001 -0.088235294117647037 -1.0000000180025095e-35 0.50000000000000011 -0.26249999999999996 0.90000000000000013 1.0000000180025095e-35 -0.5874999999999998
decision_type=2 2 2 2 2 2 2 2 2
left_child=3 2 4 5 -2 8 7 -4 -1
right_child=1 -3 6 -5 -6 -7 -8 -9 -10
leaf_value=-0.0087399238861100032 -0.009001127558674684 0.0097658687982247611 0.0066277109547930547 -0.010964923414391838 0.0014715308627140157 0.0035057237929650704 0.0096712393685335161 -0.001473319562137252 -0.0021777133411452813
leaf_weight=4.1184989102184764 7.8352272100746658 9.3817508146166784 9.1591984033584648 11.159895602613688 10.056422300636767 6.1306083351373681 6.7309277802705756 11.294516548514364 4.0501589253544799
leaf_count=46 49 54 45 186 46 32 45 68 37
internal_value=-9.60071e-06 0.00268998 0.00119892 -0.00577203 -0.00313926 -0.00167123 0.00405514 0.00216893 -0.00555195
internal_weight=79.9172 54.458 45.0763 25.4592 17.8916 14.2993 27.1846 20.4537 8.16866
internal_count=608 307 253 301 95 115 158 113 83
is_linear=0
shrinkage=0.01


Tree=203
num_leaves=11
num_cat=0
split_feature=4 4 1 7 0 6 5 2 2 5
split_gain=12.3115 9.59246 5.9649 3.80367 3.67979 3.58978 3.44798 1.42911 1.00091 0.275962
threshold=0.79104477611940316 1.0037313432835824 0.26250000000000007 -1.0000000180025095e-35 1.0000000180025095e-35 0.37263843648208478 0.09444444444444422 0.43750000000000006 -0.18749999999999997 -1.0000000180025095e-35
decision_type=2 2 2 2 2 2 2 2 2 2
left_child=2 8 5 -3 -4 7 -7 9 -2 -1
right_child=1 3 4 -5 -6 6 -8 -9 -10 -11
leaf_value=-0.0096416262124980941 0.005734254030611498 -0.005511018675853332 0.0062714017111098665 0.0029671326773013608 -0.0041927410969463987 -0.007938550719547046 0.0031400304845023582 -0.0037245222173112641 0.010894433040382581 -0.013271712993158163
leaf_weight=6.8951234892010662 5.9895121529698399 9.0337978452444094 7.2816347777843458 12.48309902846813 6.0762319415807724 5.3896734528243524 5.6713352054357529 3.2608913592994204 12.244066961109636 5.3357163481414362
leaf_count=112 34 44 42 59 41 57 30 36 94 59
internal_value=-9.5756e-06 0.00392466 -0.00392804 -0.000601419 0.00151568 -0.00666203 -0.00228097 -0.00975539 0.0092399 -0.01132
internal_weight=79.6611 39.7505 39.9106 21.5169 13.3579 26.5527 11.061 15.4917 18.2336 12.2308
internal_count=608 231 377 103 83 294 87 207 128 171
is_linear=0
shrinkage=0.01


Tree=204
num_leaves=10
num_cat=0
split_feature=4 1 7 4 3 4 0 0 6
split_gain=12.1268 5.66429 5.47031 5.4122 4.74976 2.85968 2.85068 3.29458 1.70887
threshold=1.0000000180025095e-35 1.2125000000000001 -0.088235294117647037 -1.0000000180025095e-35 0.50000000000000011 -0.33582089552238797 0.90000000000000013 1.0000000180025095e-35 0.39739413680781771
decision_type=2 2 2 2 2 2 2 2 2
left_child=3 2 4 5 -2 8 7 -4 -1
right_child=1 -3 6 -5 -6 -7 -8 -9 -10
leaf_value=-0.0089483583322699026 -0.0089169833798186052 0.0097209481098156168 0.0065624749109487934 -0.010950816616910662 0.0014409453487476756 0.004198808954113749 0.009631844999891637 -0.0014887633724556479 -0.00022932614440484975
leaf_weight=4.8996192067861539 7.7953896187245872 9.2911217734217626 9.1139831691980415 11.013974457979202 10.025111891329287 5.2388625964522371 6.6693329215049735 11.269298598170279 4.0939452461898327
leaf_count=54 49 54 45 186 46 32 45 68 29
internal_value=-9.70451e-06 0.00265771 0.00117688 -0.00572035 -0.0031145 -0.00162452 0.00400483 0.00212565 -0.00502555
internal_weight=79.4106 54.1642 44.8731 25.2464 17.8205 14.2324 27.0526 20.3833 8.99356
internal_count=608 307 253 301 95 115 158 113 83
is_linear=0
shrinkage=0.01


Tree=205
num_leaves=11
num_cat=0
split_feature=4 4 1 7 5 6 0 2 5 1
split_gain=11.974 9.48578 5.86367 3.67722 3.54508 4.02476 1.96532 1.00486 0.676853 0.000101087
threshold=0.79104477611940316 1.0037313432835824 0.18750000000000003 -1.0000000180025095e-35 0.09444444444444422 0.37263843648208478 1.0000000180025095e-35 -0.18749999999999997 -0.98333333333333317 0.6625000000000002
decision_type=2 2 2 2 2 2 2 2 2 2
left_child=2 7 4 -3 8 -6 -4 -2 -1 -9
right_child=1 3 6 -5 5 -7 -8 9 -10 -11
leaf_value=-0.0058088641960174327 0.0056836210936755298 -0.0054490154768137176 0.0044180936119755775 0.0029002219156412374 -0.0083956361577366568 0.0031042411603969715 -0.0027396281946613604 0.011604551102614866 -0.011865132765189057 0.0096228178292175302
leaf_weight=2.649230644106864 5.9572437927126911 9.0144726783037203 7.9085063599050027 12.425543561577795 6.3709434941411001 5.669659711420536 7.269896924495697 7.0972601920366269 9.787364888936283 5.0061370357871056
leaf_count=39 34 44 48 59 66 30 47 52 147 42
internal_value=-9.65338e-06 0.0038824 -0.00388651 -0.000619222 -0.00690486 -0.00299963 0.000994316 0.00920031 -0.0106317 0.0108704
internal_weight=79.1563 39.5007 39.6556 21.44 24.4772 12.0406 15.1784 18.0606 12.4366 12.1034
internal_count=608 231 377 103 282 96 95 128 186 94
is_linear=0
shrinkage=0.01


Tree=206
num_leaves=9
num_cat=0
split_feature=5 4 4 0 4 1 2 5
split_gain=11.8707 10.0368 5.11685 4.14099 4.75069 4.45317 1.40927 1.04516
threshold=-0.63888888888888873 1.0000000180025095e-35 -1.0000000180025095e-35 0.90000000000000013 1.8507462686567167 0.26250000000000007 -1.0000000180025095e-35 -0.90555555555555545
decision_type=2 2 2 2 2 2 2 2
left_child=7 2 6 4 5 -3 -2 -1
right_child=1 3 -4 -5 -6 -7 -8 -9
leaf_value=-0.0059479001082734829 -0.0039454512100801859 0.00061313075250119648 -0.010936362854619122 0.010508419004282376 -0.0036330030148866285 0.0081017347925195944 0.0030358896687271006 -0.012338018977922971
leaf_weight=4.926012922078371 5.5165853425860405 15.3737636692822 7.543967653065919 7.9592816755175582 9.2290203720331174 16.36352513730526 5.8605138063430804 6.1301513165235502
leaf_count=62 42 88 126 54 43 90 39 64
internal_value=-9.5585e-06 0.00156015 -0.00460866 0.00395036 0.00265371 0.00448752 -0.00035414 -0.00956977
internal_weight=78.9028 67.8467 18.9211 48.9256 40.9663 31.7373 11.3771 11.0562
internal_count=608 482 207 275 221 178 81 126
is_linear=0
shrinkage=0.01


Tree=207
num_leaves=9
num_cat=0
split_feature=5 4 4 0 4 1 2 5
split_gain=11.6792 9.86743 5.08107 4.10581 4.66533 4.39463 1.38245 1.03124
threshold=-0.63888888888888873 1.0000000180025095e-35 -1.0000000180025095e-35 0.90000000000000013 1.8507462686567167 0.26250000000000007 -1.0000000180025095e-35 -0.90555555555555545
decision_type=2 2 2 2 2 2 2 2
left_child=7 2 6 4 5 -3 -2 -1
right_child=1 3 -4 -5 -6 -7 -8 -9
leaf_value=-0.0059075945608914561 -0.0039133172869579317 0.00060711321037350404 -0.010923766106056202 0.010475501555707853 -0.0035941687394125984 0.0080538114375959518 0.0030020666121406882 -0.012266332166115137
leaf_weight=4.910784188657999 5.5071344822645187 15.371881280094387 7.4775882661342612 7.9050358906388274 9.2364935502409917 16.297213926911354 5.868363097310068 6.1050281114876253
leaf_count=62 42 88 126 54 43 90 39 64
internal_value=-9.67773e-06 0.0015488 -0.00457978 0.00392048 0.00263126 0.00445254 -0.000350754 -0.00951029
internal_weight=78.6795 67.6637 18.8531 48.8106 40.9056 31.6691 11.3755 11.0158
internal_count=608 482 207 275 221 178 81 126
is_linear=0
shrinkage=0.01


Tree=208
num_leaves=11
num_cat=0
split_feature=4 4 1 7 5 6 0 2 5 1
split_gain=11.5677 9.30533 5.66398 3.54028 3.50474 3.98795 1.95764 1.00802 0.683632 0.0014726
threshold=0.79104477611940316 1.0037313432835824 0.18750000000000003 -1.0000000180025095e-35 0.09444444444444422 0.37263843648208478 1.0000000180025095e-35 -0.18749999999999997 -0.98333333333333317 0.6625000000000002
decision_type=2 2 2 2 2 2 2 2 2 2
left_child=2 7 4 -3 8 -6 -4 -2 -1 -9
right_child=1 3 6 -5 5 -7 -8 9 -10 -11
leaf_value=-0.0057126561015932451 0.0056194201764533571 -0.0053625317983561037 0.004390483668244489 0.0028406887601879318 -0.0083482333927626766 0.0031266167804789437 -0.0027768227404486485 0.011576952916684945 -0.01183422289454536 0.0095725956791271813
leaf_weight=2.6141561642289153 5.9214781001210239 9.0042800158262271 7.8678694367408735 12.365935675799845 6.3218473196029645 5.6555946171283722 7.2109637670218945 6.9867049455642682 9.5979778654873389 4.9109750017523766
leaf_count=39 34 44 48 59 66 30 47 52 147 42
internal_value=-9.79545e-06 0.00382896 -0.00384082 -0.000624593 -0.00682962 -0.00294893 0.000967238 0.00914372 -0.0105809 0.0108363
internal_weight=78.4578 39.1894 39.2684 21.3702 24.1896 11.9774 15.0788 17.8192 12.2121 11.8977
internal_count=608 231 377 103 282 96 95 128 186 94
is_linear=0
shrinkage=0.01


Tree=209
num_leaves=9
num_cat=0
split_feature=5 4 4 0 4 1 2 5
split_gain=11.4332 9.58681 5.05329 4.06953 4.54067 4.32191 1.3615 1.01979
threshold=-0.63888888888888873 1.0000000180025095e-35 -1.0000000180025095e-35 0.90000000000000013 1.8507462686567167 0.26250000000000007 -1.0000000180025095e-35 -0.90555555555555545
decision_type=2 2 2 2 2 2 2 2
left_child=7 2 6 4 5 -3 -2 -1
right_child=1 3 -4 -5 -6 -7 -8 -9
leaf_value=-0.0058532243689888219 -0.0038639728918938927 0.00058395745316279838 -0.010909342436719704 0.010439694245213967 -0.0035423068774361683 0.0079887473435130245 0.0030088405940790746 -0.012199721869857192
leaf_weight=4.8761527724564075 5.4822855889797211 15.317600775510074 7.3787345401942721 7.8246773406863204 9.2387408763170225 16.175418756902218 5.8603670001029986 6.0544705465435964
leaf_count=62 42 88 126 54 43 90 39 64
internal_value=-9.69878e-06 0.00153537 -0.00452804 0.00387768 0.00259462 0.00440045 -0.000317759 -0.00944728
internal_weight=78.2084 67.2778 18.7214 48.5564 40.7318 31.493 11.3427 10.9306
internal_count=608 482 207 275 221 178 81 126
is_linear=0
shrinkage=0.01


Tree=210
num_leaves=12
num_cat=0
split_feature=4 4 1 6 7 5 2 5 2 5 1
split_gain=11.2773 9.16317 5.53702 3.56781 3.44082 3.23296 1.45841 1.43373 1.01087 0.277974 0.0022
threshold=0.79104477611940316 1.0037313432835824 0.26250000000000007 0.37263843648208478 -1.0000000180025095e-35 0.09444444444444422 0.43750000000000006 0.061111111111111192 -0.18749999999999997 -1.0000000180025095e-35 0.6625000000000002
decision_type=2 2 2 2 2 2 2 2 2 2 2
left_child=2 8 3 6 -3 -5 9 -4 -2 -1 -10
right_child=1 4 7 5 -6 -7 -8 -9 10 -11 -12
leaf_value=-0.0095302729469641193 0.0055687718321409977 -0.0052949743459554371 -0.0018632993111377639 -0.0077007442738368315 0.0027994127666122197 0.0031207482809813094 -0.0034933900756000842 0.0046885540213565556 0.011554036047888006 -0.013226146781558647 0.0095359511038410304
leaf_weight=6.586200445890424 5.8947812914848354 8.9967951774597186 6.5113249793648702 5.2235633023083192 12.327499277889727 5.6508336737751961 3.1831393279135218 6.6701250895857811 6.9034064710140211 5.1956111900508448 4.8461571708321571
leaf_count=112 34 44 46 57 59 30 36 37 52 59 42
internal_value=-9.81582e-06 0.00379051 -0.00380505 -0.00648743 -0.000624412 -0.00210021 -0.00964033 0.00146243 0.00909966 -0.0112577 0.0108092
internal_weight=77.9894 38.9686 39.0208 25.8393 21.3243 10.8744 14.965 13.1815 17.6443 11.7818 11.7496
internal_count=608 231 377 294 103 87 207 83 128 171 94
is_linear=0
shrinkage=0.01


Tree=211
num_leaves=9
num_cat=0
split_feature=5 4 4 0 4 1 2 5
split_gain=11.1803 9.32082 5.02967 4.0268 4.42175 4.25125 1.3405 1.01222
threshold=-0.63888888888888873 1.0000000180025095e-35 -1.0000000180025095e-35 0.90000000000000013 1.8507462686567167 0.16250000000000001 -1.0000000180025095e-35 -0.90555555555555545
decision_type=2 2 2 2 2 2 2 2
left_child=7 2 6 4 5 -3 -2 -1
right_child=1 3 -4 -5 -6 -7 -8 -9
leaf_value=-0.0057862064063621864 -0.0038139901092002115 -0.00015130988330616158 -0.010896089443169291 0.010401678677037972 -0.0034912118955766481 0.0073558008827884994 0.0030154829065052453 -0.012132107994175372
leaf_weight=4.8367295302450657 5.4573471173644066 12.572080451995136 7.2873656861484042 7.7400463819503775 9.2408075481653196 18.744680978357792 5.8530568704009074 6.0077070742845518
leaf_count=62 42 74 126 54 43 104 39 64
internal_value=-9.79969e-06 0.00152102 -0.00447849 0.00383571 0.00256015 0.00435119 -0.00028433 -0.0093805
internal_weight=77.7398 66.8954 18.5978 48.2976 40.5576 31.3168 11.3104 10.8444
internal_count=608 482 207 275 221 178 81 126
is_linear=0
shrinkage=0.01


Tree=212
num_leaves=9
num_cat=0
split_feature=5 4 4 1 4 4 2 5
split_gain=10.9993 9.16301 4.99392 4.02234 4.96295 6.05434 1.3149 0.998692
threshold=-0.63888888888888873 1.0000000180025095e-35 -1.0000000180025095e-35 1.2125000000000001 1.2910447761194033 0.98880597014925387 -1.0000000180025095e-35 -0.90555555555555545
decision_type=2 2 2 2 2 2 2 2
left_child=7 2 6 4 5 -3 -2 -1
right_child=1 3 -4 -5 -6 -7 -8 -9
leaf_value=-0.0057465836752165133 -0.0037827516488801722 0.00050023156854792105 -0.010883873803703634 0.01015531939469877 -0.0026337581351768809 0.00994459537755326 0.0029819414272542672 -0.012060933400850555
leaf_weight=4.8221413046121597 5.4482620432972908 14.598036255687477 7.2230240255594245 8.1804810985922796 12.803683578968046 12.60479401797056 5.8607904985547083 5.9834407046437246
leaf_count=62 42 73 126 49 58 95 39 64
internal_value=-9.93373e-06 0.00150984 -0.00445017 0.00380645 0.00248616 0.0048968 -0.000281616 -0.0093216
internal_weight=77.5247 66.7191 18.5321 48.187 40.0065 27.2028 11.3091 10.8056
internal_count=608 482 207 275 226 168 81 126
is_linear=0
shrinkage=0.01


Tree=213
num_leaves=12
num_cat=0
split_feature=4 4 1 6 7 5 2 5 2 5 1
split_gain=10.8242 8.96529 5.39993 3.56824 3.32927 3.17147 1.45615 1.37661 1.01358 0.279142 0.00260722
threshold=0.79104477611940316 1.0037313432835824 0.26250000000000007 0.37263843648208478 -1.0000000180025095e-35 0.09444444444444422 0.43750000000000006 0.061111111111111192 -0.18749999999999997 -1.0000000180025095e-35 0.6625000000000002
decision_type=2 2 2 2 2 2 2 2 2 2 2
left_child=2 8 3 6 -3 -5 9 -4 -2 -1 -10
right_child=1 4 7 5 -6 -7 -8 -9 10 -11 -12
leaf_value=-0.0094789836475354435 0.0054950472014177196 -0.0052273818448902963 -0.0018006676455553498 -0.0076108742584571178 0.0027469548053031924 0.0031456978750952565 -0.003437147676887829 0.0046399350146910318 0.011518010955108881 -0.013203505935824025 0.0094847902527339309
leaf_weight=6.464350346475837 5.8514514118433025 8.9796870946884173 6.4702423512935621 5.1604193523526174 12.269488684833048 5.6383752077817917 3.1609701476991168 6.6267711147665977 6.7746769934892637 5.1375685036182448 4.7514867857098579
leaf_count=112 34 44 46 57 59 30 36 37 52 59 42
internal_value=-9.9945e-06 0.00372912 -0.00374601 -0.00641311 -0.00063162 -0.00201721 -0.00959343 0.00146859 0.0090345 -0.011227 0.0107686
internal_weight=77.2855 38.6268 38.6587 25.5617 21.2492 10.7988 14.7629 13.097 17.3776 11.6019 11.5262
internal_count=608 231 377 294 103 87 207 83 128 171 94
is_linear=0
shrinkage=0.01


Tree=214
num_leaves=9
num_cat=0
split_feature=5 4 4 0 4 1 2 5
split_gain=10.7566 8.91188 4.97005 3.99096 4.27437 4.17572 1.29467 0.991346
threshold=-0.63888888888888873 1.0000000180025095e-35 -1.0000000180025095e-35 0.90000000000000013 1.8507462686567167 0.26250000000000007 -1.0000000180025095e-35 -0.90555555555555545
decision_type=2 2 2 2 2 2 2 2
left_child=7 2 6 4 5 -3 -2 -1
right_child=1 3 -4 -5 -6 -7 -8 -9
leaf_value=-0.0056801542544913895 -0.0037337552412286929 0.00051152324878580365 -0.010870988792712205 0.010356736801015561 -0.0034491225897874504 0.0078401446117068729 0.0029883594568882294 -0.01199387551693425
leaf_weight=4.7835327833890915 5.4237633235752583 15.176470045000316 7.1337827146053305 7.6243623569607726 9.233585484325884 15.873574331402777 5.853464465588333 5.9376299902796728
leaf_count=62 42 88 126 54 43 90 39 64
internal_value=-9.97602e-06 0.00149632 -0.00440125 0.0037672 0.00249747 0.00427124 -0.000249032 -0.00925536
internal_weight=77.0402 66.319 18.411 47.908 40.2836 31.05 11.2772 10.7212
internal_count=608 482 207 275 221 178 81 126
is_linear=0
shrinkage=0.01


Tree=215
num_leaves=9
num_cat=0
split_feature=5 4 4 1 4 4 2 5
split_gain=10.5821 8.76099 4.93441 3.987 4.80303 6.20973 1.26991 0.978071
threshold=-0.63888888888888873 1.0000000180025095e-35 -1.0000000180025095e-35 1.2125000000000001 1.2014925373134331 0.98880597014925387 -1.0000000180025095e-35 -0.90555555555555545
decision_type=2 2 2 2 2 2 2 2
left_child=7 2 6 4 5 -3 -2 -1
right_child=1 3 -4 -5 -6 -7 -8 -9
leaf_value=-0.0056409763177449222 -0.0037030714318827709 0.0004543816617363838 -0.010859005857122791 0.010105967022335212 -0.0025061515223259541 0.01014713623298789 0.0029551709010453881 -0.011923044688294762
leaf_weight=4.769354160875082 5.41489128023386 14.546210967004301 7.0706649720668784 8.068631559610365 13.154073923826216 12.029306441545485 5.8610950782895106 5.9138880111277086
leaf_count=62 42 73 126 49 60 93 39 64
internal_value=-1.00892e-05 0.00148533 -0.00437327 0.00373851 0.00242322 0.00486336 -0.000246658 -0.00919684
internal_weight=76.8281 66.1449 18.3467 47.7982 39.7296 26.5755 11.276 10.6832
internal_count=608 482 207 275 226 166 81 126
is_linear=0
shrinkage=0.01


Tree=216
num_leaves=9
num_cat=0
split_feature=5 4 4 0 4 1 4 5
split_gain=10.4109 8.61578 4.89898 3.96415 4.1677 4.12594 1.25572 0.96495
threshold=-0.63888888888888873 1.0000000180025095e-35 -1.0000000180025095e-35 0.90000000000000013 1.8507462686567167 0.16250000000000001 -0.41791044776119396 -0.90555555555555545
decision_type=2 2 2 2 2 2 2 2
left_child=7 2 6 4 5 -3 -2 -1
right_child=1 3 -4 -5 -6 -7 -8 -9
leaf_value=-0.005601953033558653 -0.0035157962520447794 -0.00023539788942570896 -0.010847133906344784 0.010318144213188819 -0.0034215383956629781 0.0072027464194777168 0.0031008775740760668 -0.011852378783192105
leaf_weight=4.7553188689053059 5.6975718550384045 12.477973092347385 7.0080428980290881 7.5419694781303397 9.2312122136354429 18.412320241332054 5.5771469250321406 5.890370734035967
leaf_count=62 48 74 126 54 43 104 33 64
internal_value=-1.01404e-05 0.00147505 -0.00434542 0.0037121 0.00244774 0.00420708 -0.000244309 -0.00913849
internal_weight=76.5919 65.9462 18.2828 47.6635 40.1215 30.8903 11.2747 10.6457
internal_count=608 482 207 275 221 178 81 126
is_linear=0
shrinkage=0.01


Tree=217
num_leaves=11
num_cat=0
split_feature=4 4 1 5 6 7 0 2 4 1
split_gain=10.3028 8.73636 5.22132 3.41469 3.85703 3.19269 1.99442 1.01597 0.764279 0.00356602
threshold=0.79104477611940316 1.0037313432835824 0.18750000000000003 0.09444444444444422 0.37263843648208478 -1.0000000180025095e-35 1.0000000180025095e-35 -0.18749999999999997 -0.65671641791044766 0.6625000000000002
decision_type=2 2 2 2 2 2 2 2 2 2
left_child=2 7 3 8 -5 -3 -4 -2 -1 -9
right_child=1 5 6 4 -6 -7 -8 9 -10 -11
leaf_value=-0.0049361698307405491 0.0054108709475767357 -0.0051442491563796575 0.0044460908119706363 -0.0081870933140843621 0.0031840410009014385 0.0026804089358196006 -0.0028578580198737624 0.0114791853960978 -0.011718478519897045 0.0094219600666140078
leaf_weight=2.2742011100053778 5.8008204922080067 8.958034276962282 7.7390241213142854 6.1623911634087545 5.6179159134626389 12.193590506911276 7.0534212477505207 6.6238277927041036 9.3264856860041636 4.6321182548999786
leaf_count=31 34 44 48 66 30 59 47 52 155 42
internal_value=-1.02657e-05 0.00365595 -0.0036798 -0.00661166 -0.00278315 -0.000642066 0.000967575 0.00895848 -0.0104424 0.010723
internal_weight=76.3818 38.2084 38.1734 23.381 11.7803 21.1516 14.7924 17.0568 11.6007 11.2559
internal_count=608 231 377 282 96 103 95 128 186 94
is_linear=0
shrinkage=0.01


Tree=218
num_leaves=9
num_cat=0
split_feature=5 4 4 1 4 4 2 5
split_gain=10.1828 8.37632 4.86609 3.95411 4.644 6.12754 1.255 0.956545
threshold=-0.63888888888888873 1.0000000180025095e-35 -1.0000000180025095e-35 1.2125000000000001 1.2014925373134331 0.98880597014925387 -1.0000000180025095e-35 -0.90555555555555545
decision_type=2 2 2 2 2 2 2 2
left_child=7 2 6 4 5 -3 -2 -1
right_child=1 3 -4 -5 -6 -7 -8 -9
leaf_value=-0.00554044822372321 -0.0036637740089402195 0.00040925995228502599 -0.010833797848625764 0.010058020349566968 -0.0024820824713389458 0.010089882514198532 0.0029642932449618744 -0.011787123299312693
leaf_weight=4.7159923538565636 5.3938103318214417 14.501390535384418 6.9156535603106013 7.9606195241212836 13.140221700072287 11.820737414062021 5.851894252002241 5.8442538604140264
leaf_count=62 42 73 126 49 60 93 39 64
internal_value=-1.01561e-05 0.00146114 -0.00429821 0.00367118 0.00236061 0.00477837 -0.000219019 -0.00907563
internal_weight=76.1446 65.5843 18.1614 47.423 39.4623 26.3221 11.2457 10.5602
internal_count=608 482 207 275 226 166 81 126
is_linear=0
shrinkage=0.01


Tree=219
num_leaves=9
num_cat=0
split_feature=5 4 4 0 4 1 4 0
split_gain=10.0176 8.23727 4.8309 3.93624 4.02643 4.05175 1.23812 0.946089
threshold=-0.63888888888888873 1.0000000180025095e-35 -1.0000000180025095e-35 0.90000000000000013 1.8507462686567167 0.26250000000000007 -0.41791044776119396 -1.0000000180025095e-35
decision_type=2 2 2 2 2 2 2 2
left_child=7 2 6 4 5 -3 -2 -1
right_child=1 3 -4 -5 -6 -7 -8 -9
leaf_value=-0.011798880568911128 -0.0034744188569304979 0.00041868665279035539 -0.010822154792922881 0.0102772723012679 -0.0033811273014525503 0.007685324489502118 0.0031042467535611451 -0.0055923235777196809
leaf_weight=5.6729350239038467 5.6743861958384514 15.055070988833906 6.8542779833078376 7.4367349147796622 9.2236553579568845 15.57503481954336 5.5701665058732051 4.8506820164620859
leaf_count=69 48 88 126 54 43 90 33 57
internal_value=-1.02053e-05 0.00145099 -0.00427068 0.00364515 0.00238497 0.00412667 -0.000216936 -0.00901764
internal_weight=75.9129 65.3893 18.0988 47.2905 39.8538 30.6301 11.2446 10.5236
internal_count=608 482 207 275 221 178 81 126
is_linear=0
shrinkage=0.01


Tree=220
num_leaves=12
num_cat=0
split_feature=4 4 1 6 7 5 2 5 2 5 1
split_gain=9.88732 8.54316 5.10011 3.57711 3.086 3.02538 1.47742 1.28031 1.01942 0.285628 0.00413749
threshold=0.79104477611940316 1.0037313432835824 0.26250000000000007 0.37263843648208478 -1.0000000180025095e-35 0.09444444444444422 0.43750000000000006 0.061111111111111192 -0.18749999999999997 -1.0000000180025095e-35 0.6625000000000002
decision_type=2 2 2 2 2 2 2 2 2 2 2
left_child=2 8 3 6 -3 -5 9 -4 -2 -1 -10
right_child=1 4 7 5 -6 -7 -8 -9 10 -11 -12
leaf_value=-0.0093719146703378307 0.00533617482200605 -0.0050764882660075525 -0.0016983647486500664 -0.0074032949765797567 0.0026287795985476758 0.0031941620268272609 -0.0032493007727212525 0.0045620920478743861 0.011445454004732134 -0.013179009585654556 0.0093708472275817745
leaf_weight=6.1889893077313873 5.7576150149107006 8.9382389783859271 6.3720337450504285 5.0131811797618848 12.136683747172354 5.6067004948854446 3.094364818185567 6.5183683559298515 6.5013889595866186 5.0306521169841334 4.5399371609091759
leaf_count=112 34 44 46 57 59 30 36 37 52 59 42
internal_value=-1.03227e-05 0.00359664 -0.00362197 -0.00625402 -0.000647699 -0.00183083 -0.00950022 0.00147815 0.00889365 -0.0111803 0.0106842
internal_weight=75.6982 37.8739 37.8243 24.9339 21.0749 10.6199 14.314 12.8904 16.7989 11.2196 11.0413
internal_count=608 231 377 294 103 87 207 83 128 171 94
is_linear=0
shrinkage=0.01


Tree=221
num_leaves=9
num_cat=0
split_feature=5 4 4 1 4 4 4 5
split_gain=9.80229 8.00848 4.80645 3.91866 4.48921 6.04401 1.21486 0.951517
threshold=-0.63888888888888873 1.0000000180025095e-35 -1.0000000180025095e-35 1.2125000000000001 1.2014925373134331 0.98880597014925387 -0.41791044776119396 -0.90555555555555545
decision_type=2 2 2 2 2 2 2 2
left_child=7 2 6 4 5 -3 -2 -1
right_child=1 3 -4 -5 -6 -7 -8 -9
leaf_value=-0.0054130941704208973 -0.0034231464574608207 0.0003652762188796202 -0.010810061540721288 0.010010009029918662 -0.0024569434182387102 0.010032773414881005 0.0031028115561435067 -0.011675272047342143
leaf_weight=4.6557846292853355 5.6479213796555996 14.450045730918648 6.7699446380138388 7.8526480942964545 13.125872343778608 11.617130815982817 5.5633569583296794 5.7797341980040056
leaf_count=62 48 73 126 49 60 93 33 64
internal_value=-1.0299e-05 0.00143739 -0.00422362 0.00360544 0.00230002 0.00469558 -0.000185978 -0.00895931
internal_weight=75.4624 65.0269 17.9812 47.0457 39.193 26.0672 11.2113 10.4355
internal_count=608 482 207 275 226 166 81 126
is_linear=0
shrinkage=0.01


Tree=222
num_leaves=9
num_cat=0
split_feature=5 4 4 0 4 1 4 0
split_gain=9.64298 7.87567 4.77102 3.90129 3.89236 3.98505 1.19163 0.954489
threshold=-0.63888888888888873 1.0000000180025095e-35 -1.0000000180025095e-35 0.90000000000000013 1.8507462686567167 0.16250000000000001 -0.41791044776119396 -1.0000000180025095e-35
decision_type=2 2 2 2 2 2 2 2
left_child=7 2 6 4 5 -3 -2 -1
right_child=1 3 -4 -5 -6 -7 -8 -9
leaf_value=-0.011719487988327115 -0.0033952715542348651 -0.0003303653261456991 -0.010798629751138263 0.010234256828191761 -0.0033412695404899566 0.0070338925923601669 0.0030688602027547783 -0.0054593282827181877
leaf_weight=5.5864444486796856 5.6382171958684921 12.341864857822658 6.7097479104995719 7.328447811305522 9.2159718126058561 18.029197350144386 5.5697303265333193 4.8133590966463071
leaf_count=69 48 74 126 54 43 104 33 57
internal_value=-1.03416e-05 0.00142742 -0.00419694 0.0035798 0.00232523 0.00405002 -0.000184224 -0.00890168
internal_weight=75.233 64.8332 17.9177 46.9155 39.587 30.3711 11.2079 10.3998
internal_count=608 482 207 275 221 178 81 126
is_linear=0
shrinkage=0.01


Tree=223
num_leaves=9
num_cat=0
split_feature=5 4 4 1 4 4 4 0
split_gain=9.49164 7.74196 4.73582 3.88835 4.37364 6.01428 1.16884 0.953516
threshold=-0.63888888888888873 1.0000000180025095e-35 -1.0000000180025095e-35 1.2125000000000001 1.2014925373134331 0.98880597014925387 -0.41791044776119396 -1.0000000180025095e-35
decision_type=2 2 2 2 2 2 2 2
left_child=7 2 6 4 5 -3 -2 -1
right_child=1 3 -4 -5 -6 -7 -8 -9
leaf_value=-0.011679491539347454 -0.0033675887581686935 0.00031669860817011602 -0.010787300238850335 0.0099682928178996492 -0.0024381267611789039 0.0099926066556322857 0.0030353273011758932 -0.0054133514906981916
leaf_weight=5.5500447563827038 5.6285903640091419 14.425648014992477 6.6500312685966483 7.7709862217307082 13.124619573354719 11.49097119271755 5.5760228261351603 4.8065812364220601
leaf_count=69 48 73 126 49 60 93 33 57
internal_value=-1.0476e-05 0.00141683 -0.00417037 0.00355219 0.00225289 0.00462874 -0.000182487 -0.00885091
internal_weight=75.0235 64.6669 17.8546 46.8122 39.0412 25.9166 11.2046 10.3566
internal_count=608 482 207 275 226 166 81 126
is_linear=0
shrinkage=0.01


Tree=224
num_leaves=9
num_cat=0
split_feature=5 4 4 0 4 1 4 0
split_gain=9.34323 7.61344 4.70085 3.87378 3.79481 3.92433 1.14649 0.952464
threshold=-0.63888888888888873 1.0000000180025095e-35 -1.0000000180025095e-35 0.90000000000000013 1.8507462686567167 0.16250000000000001 -0.41791044776119396 -1.0000000180025095e-35
decision_type=2 2 2 2 2 2 2 2
left_child=7 2 6 4 5 -3 -2 -1
right_child=1 3 -4 -5 -6 -7 -8 -9
leaf_value=-0.011639563198358573 -0.0033400970190534261 -0.00035819827287669786 -0.010776071442127239 0.010196300616623973 -0.0033148266711836225 0.0069642086049484086 0.0030022058200895592 -0.0053676792103718104
leaf_weight=5.5139172188937664 5.61904052272439 12.31762493774295 6.590792089700698 7.2503664419054976 9.2131780982017499 17.902392156422138 5.5822356492280978 4.7998890876770002
leaf_count=69 48 74 126 54 43 104 33 57
internal_value=-1.05292e-05 0.00140697 -0.00414392 0.00352687 0.00227791 0.00398827 -0.000180768 -0.0088003
internal_weight=74.7894 64.4756 17.7921 46.6836 39.4332 30.22 11.2013 10.3138
internal_count=608 482 207 275 221 178 81 126
is_linear=0
shrinkage=0.01


Tree=225
num_leaves=12
num_cat=0
split_feature=4 4 1 6 7 5 2 6 2 5 1
split_gain=9.25848 8.2669 4.9461 3.56318 2.93784 2.07913 1.49176 1.44291 1.02349 0.292349 0.00476849
threshold=0.79104477611940316 1.0037313432835824 0.26250000000000007 0.37263843648208478 -1.0000000180025095e-35 0.23888888888888918 0.43750000000000006 0.12899022801302931 -0.18749999999999997 -1.0000000180025095e-35 0.6625000000000002
decision_type=2 2 2 2 2 2 2 2 2 2 2
left_child=2 8 3 6 -3 -5 9 -4 -2 -1 -10
right_child=1 4 7 5 -6 -7 -8 -9 10 -11 -12
leaf_value=-0.0092920676257930018 0.0052254876457042011 -0.0049903030180031352 -0.001851859751482707 -0.0057925809624160239 0.002548772726587684 0.0030550567049283045 -0.0031186180351315401 0.0048342562376140078 0.011396668793083828 -0.013168356955696689 0.0092956750086228401
leaf_weight=5.9978124611079666 5.6887013241648701 8.902890473604204 6.342101648449896 5.6616122834384424 12.041354663670061 4.8404324352741241 3.04682708159089 6.3892377689480782 6.3138198852539045 4.9611619673669383 4.3970520049333572
leaf_count=112 34 44 48 61 59 26 36 35 52 59 42
internal_value=-1.06618e-05 0.00350302 -0.00353416 -0.00615265 -0.000664391 -0.00172432 -0.00943741 0.0015151 0.00879708 -0.0111501 0.0106281
internal_weight=74.583 37.3438 37.2392 24.5078 20.9442 10.502 14.0058 12.7313 16.3996 10.959 10.7109
internal_count=608 231 377 294 103 87 207 83 128 171 94
is_linear=0
shrinkage=0.01


Tree=226
num_leaves=9
num_cat=0
split_feature=5 4 4 1 4 4 4 5
split_gain=9.15778 7.39247 4.68129 3.85645 4.22708 5.93257 1.12819 0.950784
threshold=-0.63888888888888873 1.0000000180025095e-35 -1.0000000180025095e-35 1.2125000000000001 1.2014925373134331 0.98880597014925387 -0.41791044776119396 -0.90555555555555545
decision_type=2 2 2 2 2 2 2 2
left_child=7 2 6 4 5 -3 -2 -1
right_child=1 3 -4 -5 -6 -7 -8 -9
leaf_value=-0.0051694258791103054 -0.003288493163249734 0.0002731879218975412 -0.010764290946186058 0.0099228405756655765 -0.0024142110588189765 0.0099363257166375368 0.0030124641495965204 -0.011480949597550296
leaf_weight=4.552282128483057 5.5927945673465729 14.375081811100246 6.5090974532067767 7.6688523143529883 13.110710904002188 11.293780505657194 5.57404373586178 5.6776302084326726
leaf_count=62 48 73 126 49 60 93 33 64
internal_value=-1.06112e-05 0.00139499 -0.00409374 0.00348803 0.00219327 0.00454683 -0.000144483 -0.00874957
internal_weight=74.3543 64.1244 17.6759 46.4484 38.7796 25.6689 11.1668 10.2299
internal_count=608 482 207 275 226 166 81 126
is_linear=0
shrinkage=0.01


Tree=227
num_leaves=9
num_cat=0
split_feature=5 4 4 0 4 1 4 0
split_gain=9.00826 7.26957 4.6464 3.83845 3.66767 3.85888 1.10658 0.961104
threshold=-0.63888888888888873 1.0000000180025095e-35 -1.0000000180025095e-35 0.90000000000000013 1.8507462686567167 0.26250000000000007 -0.41791044776119396 -1.0000000180025095e-35
decision_type=2 2 2 2 2 2 2 2
left_child=7 2 6 4 5 -3 -2 -1
right_child=1 3 -4 -5 -6 -7 -8 -9
leaf_value=-0.011569494694458544 -0.0032615390476060371 0.00028501662397458486 -0.010753260816648538 0.0101536835150778 -0.0032757289570037726 0.0074520658574410191 0.0029796337598121344 -0.0052430277793563745
leaf_weight=5.430933453142643 5.5834979638457298 14.852033458650114 6.4510100707411757 7.1457494348287574 9.2053073793649656 15.1188782826066 5.5801762714982051 4.764861121773718
leaf_count=69 48 88 126 54 43 90 33 57
internal_value=-1.06488e-05 0.00138524 -0.00406763 0.00346308 0.00221997 0.00391321 -0.000143124 -0.00869255
internal_weight=74.1324 63.9367 17.6147 46.322 39.1762 29.9709 11.1637 10.1958
internal_count=608 482 207 275 221 178 81 126
is_linear=0
shrinkage=0.01


Tree=228
num_leaves=10
num_cat=0
split_feature=4 4 1 5 6 3 0 2 3
split_gain=8.88892 8.08456 4.83157 3.30631 3.704 2.87257 2.06498 1.0263 0.688348
threshold=0.79104477611940316 1.0037313432835824 0.18750000000000003 0.09444444444444422 0.37263843648208478 1.0714285714285716 1.0000000180025095e-35 -0.18749999999999997 -1.4999999999999998
decision_type=2 2 2 2 2 2 2 2 2
left_child=2 7 3 8 -5 -3 -4 -2 -1
right_child=1 5 6 4 -6 -7 -8 -9 -10
leaf_value=-0.0053553141741560497 0.0051540205415251082 -0.0036974368173234374 0.0046040425752618529 -0.0080090765840970315 0.0032356380710954788 0.0038321907962341373 -0.0029173082319833015 0.010591289567035755 -0.011676924683424817
leaf_weight=2.4886183328926554 5.6477784216403988 12.486424699425699 7.5716685354709607 5.9842500276863557 5.5691976919770241 8.3827158510684949 6.8704509846866131 10.508198603987692 8.4195635095238703
leaf_count=37 34 66 48 66 30 37 47 94 149
internal_value=-1.07612e-05 0.00344641 -0.00347925 -0.00637059 -0.00260745 -0.000669084 0.00103051 0.00873394 -0.0102964
internal_weight=73.9289 37.0251 36.9037 22.4616 11.5534 20.8691 14.4421 16.156 10.9082
internal_count=608 231 377 282 96 103 95 128 186
is_linear=0
shrinkage=0.01


Tree=229
num_leaves=9
num_cat=0
split_feature=5 4 4 1 4 4 1 0
split_gain=8.81441 7.06151 4.61634 3.8215 4.09132 5.85316 1.2404 0.964137
threshold=-0.63888888888888873 1.0000000180025095e-35 -1.0000000180025095e-35 1.2125000000000001 1.2014925373134331 0.98880597014925387 -0.31249999999999994 -1.0000000180025095e-35
decision_type=2 2 2 2 2 2 2 2
left_child=7 2 6 4 5 -3 -2 -1
right_child=1 3 -4 -5 -6 -7 -8 -9
leaf_value=-0.011533255063499219 -0.0032733005830043629 0.00023182616568791171 -0.010741209054184941 0.0098741840789132347 -0.0023930669707085549 0.0098810385805653492 0.0033506065507259136 -0.0051757836429540969
leaf_weight=5.3761956430971622 5.8312415443360806 14.332294043153526 6.3669031001627436 7.5676254332065573 13.105738326907156 11.10516047477722 5.3018397539854067 4.7361873723566514
leaf_count=69 53 73 126 49 60 93 28 57
internal_value=-1.07465e-05 0.00137176 -0.00402146 0.00342287 0.00213394 0.00446655 -0.000117091 -0.00863554
internal_weight=73.7232 63.6108 17.5 46.1108 38.5432 25.4375 11.1331 10.1124
internal_count=608 482 207 275 226 166 81 126
is_linear=0
shrinkage=0.01


Tree=230
num_leaves=9
num_cat=0
split_feature=5 4 4 0 4 1 1 0
split_gain=8.67614 6.94416 4.58143 3.82082 3.55427 3.78537 1.21664 0.962609
threshold=-0.63888888888888873 1.0000000180025095e-35 -1.0000000180025095e-35 0.90000000000000013 1.8507462686567167 0.16250000000000001 -0.31249999999999994 -1.0000000180025095e-35
decision_type=2 2 2 2 2 2 2 2
left_child=7 2 6 4 5 -3 -2 -1
right_child=1 3 -4 -5 -6 -7 -8 -9
leaf_value=-0.0114936232515507 -0.0032468491751009593 -0.00044600628366177255 -0.010730374417689545 0.010118515559035824 -0.0032493390850749171 0.0067969511985882282 0.0033142984097795738 -0.0051317406924158262
leaf_weight=5.3413062952458858 5.8208272568881512 12.189645078033211 6.3099846728146067 7.0555381774902335 9.1994718909263593 17.541880279779434 5.3073894307017344 4.7299569100141508
leaf_count=69 53 74 126 54 43 104 28 57
internal_value=-1.0792e-05 0.00136218 -0.00399607 0.0033983 0.00215758 0.00383587 -0.000115987 -0.0085856
internal_weight=73.496 63.4247 17.4382 45.9865 38.931 29.7315 11.1282 10.0713
internal_count=608 482 207 275 221 178 81 126
is_linear=0
shrinkage=0.01


Tree=231
num_leaves=9
num_cat=0
split_feature=5 4 4 1 4 4 1 0
split_gain=8.53927 6.82602 4.54675 3.79086 3.98489 5.82169 1.19334 0.961004
threshold=-0.63888888888888873 1.0000000180025095e-35 -1.0000000180025095e-35 1.2125000000000001 1.2014925373134331 0.98880597014925387 -0.31249999999999994 -1.0000000180025095e-35
decision_type=2 2 2 2 2 2 2 2
left_child=7 2 6 4 5 -3 -2 -1
right_child=1 3 -4 -5 -6 -7 -8 -9
leaf_value=-0.011454045408436165 -0.0032205752077279731 0.00018615469674155747 -0.010719632728332516 0.0098335150317194649 -0.0023744905941810515 0.0098414940441720958 0.0032784331658271323 -0.0050879989606971536
leaf_weight=5.3066841401159763 5.8104990012943745 14.308383721858265 6.2535276710987082 7.4896599054336539 13.104136973619459 10.986267246305941 5.312862768769266 4.7238050773739797
leaf_count=69 53 73 126 49 60 93 28 57
internal_value=-1.09181e-05 0.00135201 -0.00397079 0.00337188 0.00208927 0.00440201 -0.000114894 -0.00853581
internal_weight=73.2958 63.2653 17.3769 45.8884 38.3988 25.2947 11.1234 10.0305
internal_count=608 482 207 275 226 166 81 126
is_linear=0
shrinkage=0.01


Tree=232
num_leaves=9
num_cat=0
split_feature=5 4 4 0 4 1 1 0
split_gain=8.40505 6.71247 4.5123 3.79248 3.46497 3.73562 1.46876 0.95932
threshold=-0.63888888888888873 1.0000000180025095e-35 -1.0000000180025095e-35 0.90000000000000013 1.8507462686567167 0.26250000000000007 -0.26249999999999996 -1.0000000180025095e-35
decision_type=2 2 2 2 2 2 2 2
left_child=7 2 6 4 5 -3 -2 -1
right_child=1 3 -4 -5 -6 -7 -8 -9
leaf_value=-0.011414519487417726 -0.0034541164395935887 0.00020373173253402142 -0.010708982331602055 0.010081080873916156 -0.0032238059096636579 0.0072998269855773868 0.0037709179045792487 -0.0050445578469881999
leaf_weight=5.2723281569778919 5.9841231070458889 14.742659106850626 6.1975295953452578 6.9815049841999999 9.1963342651724798 14.845167405903338 5.134394049644472 4.7177309580147249
leaf_count=69 55 88 126 54 43 90 26 57
internal_value=-1.09618e-05 0.00134254 -0.00394561 0.00334762 0.00211272 0.00377667 -0.000113812 -0.00848616
internal_weight=73.0718 63.0817 17.316 45.7657 38.7842 29.5878 11.1185 9.99006
internal_count=608 482 207 275 221 178 81 126
is_linear=0
shrinkage=0.01


Tree=233
num_leaves=12
num_cat=0
split_feature=4 4 1 6 3 5 2 6 2 5 1
split_gain=8.32237 7.82447 4.66358 3.55674 2.81586 1.95683 1.52628 1.40047 1.03087 0.300861 0.000122242
threshold=0.79104477611940316 1.0037313432835824 0.26250000000000007 0.37263843648208478 1.0714285714285716 0.23888888888888918 0.43750000000000006 0.12899022801302931 -0.18749999999999997 -1.0000000180025095e-35 0.61250000000000016
decision_type=2 2 2 2 2 2 2 2 2 2 2
left_child=2 8 3 6 -3 -5 9 -4 -2 -1 -10
right_child=1 4 7 5 -6 -7 -8 -9 10 -11 -12
leaf_value=-0.0091715320943915653 0.0050448145649480492 -0.0036913537831657979 -0.0018147150700510745 -0.0055574016511397116 0.0037834552880499383 0.003098083558651266 -0.0028774331482420445 0.0048306664291154142 0.011322069319328854 -0.013149952828826033 0.0092399679493314832
leaf_weight=5.7070890180766556 5.5810411423444739 12.415205851197245 6.2097750045359117 5.5034061521291715 8.3398051187396032 4.8035704866051674 2.9674488343298426 6.2972889393568039 5.8789364770054799 4.8522651940584227 4.3166380897164345
leaf_count=112 34 66 48 61 37 26 36 35 51 59 43
internal_value=-1.10647e-05 0.00335494 -0.00339466 -0.00598138 -0.000684077 -0.0015325 -0.00933516 0.001543 0.00863933 -0.0111059 0.0105389
internal_weight=72.8725 36.5316 36.3408 23.8338 20.755 10.307 13.5268 12.5071 15.7766 10.5594 10.1956
internal_count=608 231 377 294 103 87 207 83 128 171 94
is_linear=0
shrinkage=0.01


Tree=234
num_leaves=9
num_cat=0
split_feature=5 4 4 0 4 1 1 0
split_gain=8.23348 6.51488 4.49211 3.76009 3.38365 3.66838 1.4358 0.957962
threshold=-0.63888888888888873 1.0000000180025095e-35 -1.0000000180025095e-35 0.90000000000000013 1.8507462686567167 0.16250000000000001 -0.26249999999999996 -1.0000000180025095e-35
decision_type=2 2 2 2 2 2 2 2
left_child=7 2 6 4 5 -3 -2 -1
right_child=1 3 -4 -5 -6 -7 -8 -9
leaf_value=-0.011377295138032126 -0.0033948995704827407 -0.00048680947362980773 -0.010697961457002962 0.010048492474451252 -0.0031889675393727578 0.0066728669445804125 0.0037588026730783299 -0.0049908066454090278
leaf_weight=5.2186235077679157 5.9521317780017853 12.127220865339043 6.1210919208824626 6.9147381186485282 9.199615076184271 17.313719429075718 5.1303587853908557 4.6938856244087201
leaf_count=69 55 74 126 54 43 104 26 57
internal_value=-1.09648e-05 0.00133058 -0.00389743 0.00330911 0.00208027 0.00373201 -7.92751e-05 -0.00843314
internal_weight=72.6714 62.7589 17.2036 45.5553 38.6406 29.4409 11.0825 9.91251
internal_count=608 482 207 275 221 178 81 126
is_linear=0
shrinkage=0.01


Tree=235
num_leaves=12
num_cat=0
split_feature=4 4 1 6 3 5 2 6 2 5 1
split_gain=8.11677 7.70567 4.55304 3.53118 2.76178 1.91606 1.52405 1.36913 1.03285 0.298905 0.000737099
threshold=0.79104477611940316 1.0037313432835824 0.26250000000000007 0.37263843648208478 1.0714285714285716 0.23888888888888918 0.43750000000000006 0.12899022801302931 -0.18749999999999997 -1.0000000180025095e-35 0.61250000000000016
decision_type=2 2 2 2 2 2 2 2 2 2 2
left_child=2 8 3 6 -3 -5 9 -4 -2 -1 -10
right_child=1 4 7 5 -6 -7 -8 -9 10 -11 -12
leaf_value=-0.0091360663829166879 0.0049986291795694549 -0.0036602230331129861 -0.0018049953189020207 -0.005497840811706978 0.0037477966583815011 0.0030820659524746518 -0.002832931359365905 0.0047783360745627121 0.011302919857606954 -0.013123856101153748 0.0092071587258154061
leaf_weight=5.6338696889579269 5.5572532787919036 12.404779717326166 6.1849870793521387 5.4672727771103364 8.3242096155881864 4.7987477406859398 2.9529946446418753 6.2729359716176987 5.808827839791773 4.8073073644191071 4.2625554352998734
leaf_count=112 34 66 48 61 37 26 36 35 51 59 43
internal_value=-1.10862e-05 0.00331986 -0.00336403 -0.00593204 -0.000681649 -0.00149621 -0.00929562 0.00152156 0.00859784 -0.0110792 0.0105152
internal_weight=72.4757 36.3576 36.1181 23.6602 20.729 10.266 13.3942 12.4579 15.6286 10.4412 10.0714
internal_count=608 231 377 294 103 87 207 83 128 171 94
is_linear=0
shrinkage=0.01


Tree=236
num_leaves=9
num_cat=0
split_feature=5 4 4 1 7 5 1 5
split_gain=8.06554 6.32284 4.47162 3.76504 3.87259 2.60788 1.40355 0.960174
threshold=-0.63888888888888873 1.0000000180025095e-35 -1.0000000180025095e-35 1.2125000000000001 -0.088235294117647037 -1.0000000180025095e-35 -0.26249999999999996 -0.90555555555555545
decision_type=2 2 2 2 2 2 2 2
left_child=7 2 6 4 -3 -6 -2 -1
right_child=1 3 -4 -5 5 -7 -8 -9
leaf_value=-0.0047066629246284965 -0.0033363010354828045 -0.0020305772937277253 -0.010687090710234303 0.0097737964181571699 0.0093183819716960836 0.0021797312031332037 0.0037466522503725114 -0.011154682740157691
leaf_weight=4.3480269052088261 5.9205980040132999 14.653592027723784 6.0457572489976874 7.3515145778655997 7.5300588682293883 15.813231542706495 5.1262826994061488 5.4879388473927957
leaf_count=62 55 79 126 49 44 103 26 64
internal_value=-1.09859e-05 0.00131868 -0.00384966 0.00327091 0.0019904 0.00451244 -4.53457e-05 -0.00838037
internal_weight=72.277 62.441 17.0926 45.3484 37.9969 23.3433 11.0469 9.83597
internal_count=608 482 207 275 226 147 81 126
is_linear=0
shrinkage=0.01


Tree=237
num_leaves=9
num_cat=0
split_feature=5 4 4 1 7 5 1 0
split_gain=7.93242 6.21562 4.4371 3.72942 3.80442 2.57584 1.37655 0.968995
threshold=-0.63888888888888873 1.0000000180025095e-35 -1.0000000180025095e-35 1.2125000000000001 -0.088235294117647037 -1.0000000180025095e-35 -0.26249999999999996 -1.0000000180025095e-35
decision_type=2 2 2 2 2 2 2 2
left_child=7 2 6 4 -3 -6 -2 -1
right_child=1 3 -4 -5 5 -7 -8 -9
leaf_value=-0.011310907908284793 -0.0033095476649626599 -0.0020102565971559074 -0.010676702387589939 0.0097421046363559728 0.0092666165672610386 0.0021604142711530781 0.0037059113668777392 -0.0048626800268666221
leaf_weight=5.1420148797333241 5.9096370227634907 14.654705870896573 5.991492521017789 7.3022478595376006 7.4971264377236357 15.796056982129818 5.1318827942013758 4.6627416610717756
leaf_count=69 55 79 126 49 44 103 26 57
internal_value=-1.10063e-05 0.00130896 -0.00382521 0.00324573 0.00197333 0.00447745 -4.49029e-05 -0.00832445
internal_weight=72.0879 62.2831 17.033 45.2501 37.9479 23.2932 11.0415 9.80476
internal_count=608 482 207 275 226 147 81 126
is_linear=0
shrinkage=0.01


Tree=238
num_leaves=9
num_cat=0
split_feature=5 4 4 0 4 4 1 0
split_gain=7.80693 6.11017 4.40282 3.71642 3.33784 3.6338 1.35008 0.96684
threshold=-0.63888888888888873 1.0000000180025095e-35 -1.0000000180025095e-35 0.90000000000000013 1.8507462686567167 0.94776119402985082 -0.26249999999999996 -1.0000000180025095e-35
decision_type=2 2 2 2 2 2 2 2
left_child=7 2 6 4 5 -3 -2 -1
right_child=1 3 -4 -5 -6 -7 -8 -9
leaf_value=-0.011271603400788236 -0.0032829711794635274 -0.00052420627026925819 -0.010666399835305712 0.0099817034332934269 -0.0032399324128229655 0.0066195715450604719 0.0036656749210432736 -0.0048208352085354891
leaf_weight=5.1088609658181667 5.8987668380141258 12.166092552244665 5.9376731086522332 6.798328422009944 9.1661084964871389 17.021988324820995 5.137400761246683 4.6570785306394082
leaf_count=69 55 64 126 54 43 114 26 57
internal_value=-1.10421e-05 0.00129929 -0.00380087 0.00322072 0.00199949 0.0036503 -4.4465e-05 -0.00827547
internal_weight=71.8923 62.1264 16.9738 45.1525 38.3542 29.1881 11.0362 9.76594
internal_count=608 482 207 275 221 178 81 126
is_linear=0
shrinkage=0.01


Tree=239
num_leaves=9
num_cat=0
split_feature=5 4 4 1 4 4 1 0
split_gain=7.68321 6.00648 4.36878 3.70547 3.7804 5.71232 1.32412 0.964609
threshold=-0.63888888888888873 1.0000000180025095e-35 -1.0000000180025095e-35 1.2125000000000001 1.2014925373134331 0.98880597014925387 -0.26249999999999996 -1.0000000180025095e-35
decision_type=2 2 2 2 2 2 2 2
left_child=7 2 6 4 5 -3 -2 -1
right_child=1 3 -4 -5 -6 -7 -8 -9
leaf_value=-0.011232338981293333 -0.003256570405879255 5.4372315375131027e-05 -0.010656181209025483 0.009705375093598409 -0.0024147963382930393 0.0097350170379063138 0.0036259347750631213 -0.0047792866333657607
leaf_weight=5.0759673528373241 5.8879867717623711 14.174668215215208 5.8842967115342608 7.2322462871670714 13.050154000520704 10.595629852265118 5.1428381726145762 4.6514866538345796
leaf_count=69 55 73 126 49 60 93 26 57
internal_value=-1.11603e-05 0.00128965 -0.00377663 0.00319595 0.00192886 0.00421781 -4.40319e-05 -0.00822664
internal_weight=71.6953 61.9678 16.9151 45.0527 37.8205 24.7703 11.0308 9.72745
internal_count=608 482 207 275 226 166 81 126
is_linear=0
shrinkage=0.01


Tree=240
num_leaves=9
num_cat=0
split_feature=5 7 4 4 3 6 1 0
split_gain=7.56178 5.99254 4.3079 4.39062 3.99507 3.57076 4.10627 0.962303
threshold=-0.63888888888888873 -0.32352941176470584 0.98880597014925387 1.0895522388059702 0.50000000000000011 0.97328990228013046 0.28750000000000003 -1.0000000180025095e-35
decision_type=2 2 2 2 2 2 2 2
left_child=7 4 5 -4 -2 6 -3 -1
right_child=1 2 3 -5 -6 -7 -8 -9
leaf_value=-0.011193112847036245 -0.011085120132592472 -0.0065742475841311498 0.011011348907594488 0.0023679316698167869 0.0010568681824460505 0.0061403318127121751 0.0025927645875220983 -0.0047380333549071948
leaf_weight=5.0433327499777079 5.7469354588538391 10.350847234949475 9.4519684165716189 15.469124831259249 5.0208337847143412 6.6528114117681971 9.0995065905153734 4.6459650509059411
leaf_count=69 61 127 97 73 31 35 58 57
internal_value=-1.1197e-05 0.00128054 0.00271215 0.00567708 -0.00546588 -0.000129366 -0.0022943 -0.00817796
internal_weight=71.4813 61.792 51.0243 24.9211 10.7678 26.1032 19.4504 9.6893
internal_count=608 482 390 170 92 220 185 126
is_linear=0
shrinkage=0.01


Tree=241
num_leaves=11
num_cat=0
split_feature=4 4 2 1 6 0 3 2 2 1
split_gain=7.44556 7.52889 4.4099 3.89791 3.40249 3.0001 2.67473 1.99508 1.03353 0.00155087
threshold=0.79104477611940316 1.0037313432835824 -0.71874999999999989 0.18750000000000003 0.37263843648208478 1.0000000180025095e-35 1.0714285714285716 0.43750000000000006 -0.18749999999999997 0.61250000000000016
decision_type=2 2 2 2 2 2 2 2 2 2
left_child=2 8 -1 4 7 -5 -3 -4 -2 -10
right_child=1 6 3 5 -6 -7 -8 -9 9 -11
leaf_value=-0.011641698021577709 0.004895596599746436 -0.0036929900585007799 -0.011952775750167089 0.0073364943266654914 -0.00021445364909245581 -0.0023034993415625388 0.0036281382830085853 -0.0015781285855554392 0.011262342808660999 0.0091349326348884128
leaf_weight=5.2302913907915345 5.4809681549668303 12.299071416258814 6.490210605785256 6.2296766862273198 8.4082521945238096 6.5152876600623131 8.2544345185160619 2.6258459091186523 5.6338622197508794 4.1176642738282681
leaf_count=72 34 66 116 39 71 46 37 33 51 43
internal_value=-1.12575e-05 0.00320315 -0.0032515 -0.00176818 -0.00481708 0.00242891 -0.000749442 -0.00901395 0.00850657 0.0104659
internal_weight=71.2856 35.786 35.4996 30.2693 17.5243 12.745 20.5535 9.11606 15.2325 9.75153
internal_count=608 231 377 305 220 85 103 149 128 94
is_linear=0
shrinkage=0.01


Tree=242
num_leaves=9
num_cat=0
split_feature=5 7 4 4 3 6 1 0
split_gain=7.40396 5.86637 4.19841 4.3441 3.91327 3.47848 3.9919 0.960867
threshold=-0.63888888888888873 -0.32352941176470584 0.98880597014925387 1.0895522388059702 0.50000000000000011 0.97328990228013046 0.28750000000000003 -1.0000000180025095e-35
decision_type=2 2 2 2 2 2 2 2
left_child=7 4 5 -4 -2 6 -3 -1
right_child=1 2 3 -5 -6 -7 -8 -9
leaf_value=-0.011152782075702672 -0.01101918740755763 -0.0065035845353021539 0.010990288634013041 0.0023492385758164887 0.001033820704594547 0.0060676707605321423 0.0025500933154800833 -0.004682579406774111
leaf_weight=4.9949546381831169 5.6984303742647153 10.280967501923447 9.3022314086556452 15.455375202000139 5.001320619136095 6.6504306048154822 9.0956817865371686 4.6239914968609792
leaf_count=69 61 127 97 73 31 35 58 57
internal_value=-1.11127e-05 0.00126902 0.00268789 0.00562711 -0.00542792 -0.000118814 -0.00226238 -0.00812263
internal_weight=71.1034 61.4844 50.7847 24.7576 10.6998 26.0271 19.3766 9.61895
internal_count=608 482 390 170 92 220 185 126
is_linear=0
shrinkage=0.01


Tree=243
num_leaves=9
num_cat=0
split_feature=5 7 4 4 3 6 1 5
split_gain=7.2864 5.76656 4.13652 4.32879 3.86212 3.4118 3.92439 0.958572
threshold=-0.63888888888888873 -0.32352941176470584 0.98880597014925387 1.0895522388059702 0.50000000000000011 0.97328990228013046 0.28750000000000003 -0.90555555555555545
decision_type=2 2 2 2 2 2 2 2
left_child=7 4 5 -4 -2 6 -3 -1
right_child=1 2 3 -5 -6 -7 -8 -9
leaf_value=-0.0043546103016012137 -0.010964086836666024 -0.0064580438687354717 0.010978472428601581 0.0023278131057279327 0.0010238135287541721 0.006007846385126918 0.0025253816411299752 -0.010867482796242754
leaf_weight=4.21904631331563 5.6704406067728979 10.250789210200315 9.2196425348520297 15.44263646751642 5.0006841104477644 6.6504826620221129 9.0938268564641458 5.3625285010784847
leaf_count=62 61 127 97 73 31 35 58 64
internal_value=-1.11736e-05 0.00125965 0.00266806 0.00559301 -0.00538899 -0.000117726 -0.0022437 -0.00807428
internal_weight=70.9101 61.3285 50.6574 24.6623 10.6711 25.9951 19.3446 9.58157
internal_count=608 482 390 170 92 220 185 126
is_linear=0
shrinkage=0.01


Tree=244
num_leaves=8
num_cat=0
split_feature=1 5 7 6 3 4 0
split_gain=7.19585 6.75751 6.90635 5.35702 3.91547 3.39603 0.740112
threshold=1.2125000000000001 -0.63888888888888873 -0.32352941176470584 0.96286644951140088 0.50000000000000011 0.98880597014925387 -1.0000000180025095e-35
decision_type=2 2 2 2 2 2 2
left_child=1 6 4 5 -3 -4 -1
right_child=-2 2 3 -5 -6 -7 -8
leaf_value=-0.012333559077073597 0.0082814245356351394 -0.013421555620588133 -0.0032026606838394811 0.0079134156878477805 -0.00059969195429871141 0.0032041766946762393 -0.0061570871975606799
leaf_weight=4.398500369861722 9.018688563257454 5.1311923172324878 17.63314657472074 10.645186498761175 4.3902275543659925 15.409593444317577 4.0996223576366884
leaf_count=66 63 59 174 59 28 106 53
internal_value=-1.12157e-05 -0.00123464 9.43523e-05 0.00177979 -0.00757721 -0.000214158 -0.0094602
internal_weight=70.7262 61.7075 53.2093 43.6879 9.52142 33.0427 8.49812
internal_count=608 545 426 339 87 280 119
is_linear=0
shrinkage=0.01


Tree=245
num_leaves=8
num_cat=0
split_feature=1 5 7 6 3 4 0
split_gain=7.08422 6.66351 6.79398 5.25996 3.88393 3.33252 0.743652
threshold=1.2125000000000001 -0.63888888888888873 -0.32352941176470584 0.96286644951140088 0.50000000000000011 0.98880597014925387 -1.0000000180025095e-35
decision_type=2 2 2 2 2 2 2
left_child=1 6 4 5 -3 -4 -1
right_child=-2 2 3 -5 -6 -7 -8
leaf_value=-0.012311544557059637 0.008236126655968911 -0.01338424329877828 -0.0031732351462726033 0.0078471149469502566 -0.00059380730098846615 0.0031770221245685805 -0.0061096447333766684
leaf_weight=4.3626602832227945 8.9783602803945524 5.0945047549903375 17.619688425213099 10.628705162554978 4.3903877884149551 15.386858373880385 4.0909624360501748
leaf_count=66 63 59 174 59 28 106 53
internal_value=-1.13968e-05 -0.00122541 9.34194e-05 0.00176431 -0.00753174 -0.000212243 -0.00941677
internal_weight=70.5521 61.5738 53.1201 43.6353 9.48489 33.0065 8.45362
internal_count=608 545 426 339 87 280 119
is_linear=0
shrinkage=0.01


Tree=246
num_leaves=8
num_cat=0
split_feature=1 5 7 6 3 4 0
split_gain=6.97421 6.57073 6.68345 5.16465 3.8527 3.27017 0.747136
threshold=1.2125000000000001 -0.63888888888888873 -0.32352941176470584 0.96286644951140088 0.50000000000000011 0.98880597014925387 -1.0000000180025095e-35
decision_type=2 2 2 2 2 2 2
left_child=1 6 4 5 -3 -4 -1
right_child=-2 2 3 -5 -6 -7 -8
leaf_value=-0.012289674920532382 0.008190924841612433 -0.013347302745427111 -0.0031440593325052632 0.0077813440549832063 -0.00058798057435851907 0.0031500642277051002 -0.0060624567340763604
leaf_weight=4.3270757980644703 8.938381437212227 5.0579784605652076 17.606357032433152 10.612285472452639 4.3905463442206383 15.364321298897265 4.0823982730507833
leaf_count=66 63 59 174 59 28 106 53
internal_value=-1.15769e-05 -0.00121624 9.2493e-05 0.00174896 -0.00748654 -0.000210344 -0.00937343
internal_weight=70.3793 61.441 53.0315 43.583 9.44852 32.9707 8.40947
internal_count=608 545 426 339 87 280 119
is_linear=0
shrinkage=0.01


Tree=247
num_leaves=9
num_cat=0
split_feature=5 4 4 0 4 1 1 0
split_gain=6.87398 5.48396 4.35465 3.66587 3.22705 3.4605 1.26725 0.972099
threshold=-0.63888888888888873 1.0000000180025095e-35 -1.0000000180025095e-35 0.90000000000000013 1.8507462686567167 0.26250000000000007 -0.26249999999999996 -1.0000000180025095e-35
decision_type=2 2 2 2 2 2 2 2
left_child=7 2 6 4 5 -3 -2 -1
right_child=1 3 -4 -5 -6 -7 -8 -9
leaf_value=-0.011030073095694709 -0.0031145516861258923 1.9508188981598196e-05 -0.010642596431067739 0.009903629004817404 -0.0033187092849540595 0.0069702340542614092 0.0036629822960279664 -0.0044676139679018512
leaf_weight=4.8326159920543432 5.767600305378437 14.320896729826929 5.722609879449009 6.5608803853392592 9.0857716128230077 14.231172747910021 5.1070287004113215 4.5792269222438318
leaf_count=69 55 88 126 54 43 90 26 57
internal_value=-1.1756e-05 0.00122316 -0.00366344 0.00306228 0.00184664 0.00349619 7.27414e-05 -0.00791772
internal_weight=70.2078 60.796 16.5972 44.1987 37.6378 28.5521 10.8746 9.41184
internal_count=608 482 207 275 221 178 81 126
is_linear=0
shrinkage=0.01


Tree=248
num_leaves=8
num_cat=0
split_feature=1 5 7 6 3 4 0
split_gain=6.84774 6.39189 6.55739 5.07024 3.81267 3.197 0.751718
threshold=1.2125000000000001 -0.63888888888888873 -0.32352941176470584 0.96286644951140088 0.50000000000000011 0.98880597014925387 -1.0000000180025095e-35
decision_type=2 2 2 2 2 2 2
left_child=1 6 4 5 -3 -4 -1
right_child=-2 2 3 -5 -6 -7 -8
leaf_value=-0.012248535800411322 0.0081470093926268201 -0.013315026909945222 -0.003125302288261962 0.0077138582943522393 -0.00059015966144931908 0.0031085041651776747 -0.0059808703185322658
leaf_weight=4.2602003663778305 8.8726742602884752 5.0115151405334455 17.542127342894673 10.572196733206509 4.3836499880999327 15.315872125327585 4.0677052214741689
leaf_count=66 63 59 174 59 28 106 53
internal_value=-1.18502e-05 -0.00120698 8.31568e-05 0.0017254 -0.00744653 -0.000218966 -0.00929443
internal_weight=70.0259 61.1533 52.8254 43.4302 9.39517 32.858 8.32791
internal_count=608 545 426 339 87 280 119
is_linear=0
shrinkage=0.01


Tree=249
num_leaves=8
num_cat=0
split_feature=1 5 7 6 3 4 0
split_gain=6.74119 6.30268 6.45072 4.97835 3.78216 3.13711 0.755047
threshold=1.2125000000000001 -0.63888888888888873 -0.32352941176470584 0.96286644951140088 0.50000000000000011 0.98880597014925387 -1.0000000180025095e-35
decision_type=2 2 2 2 2 2 2
left_child=1 6 4 5 -3 -4 -1
right_child=-2 2 3 -5 -6 -7 -8
leaf_value=-0.012227074875835913 0.0081020008148440063 -0.013278796057838046 -0.0030965207771180875 0.0076491630855039594 -0.00058436924702584905 0.0030820376710701015 -0.0059343851531588479
leaf_weight=4.2253513149917126 8.8334970138967019 4.9753910955041629 17.529121967032552 10.555926155298947 4.38380634970963 15.293889909982679 4.0593978464603406
leaf_count=66 63 59 174 59 28 106 53
internal_value=-1.20278e-05 -0.00119792 8.23125e-05 0.00171036 -0.00740182 -0.000217003 -0.0092513
internal_weight=69.8564 61.0229 52.7381 43.3789 9.3592 32.823 8.28475
internal_count=608 545 426 339 87 280 119
is_linear=0
shrinkage=0.01


Tree=250
num_leaves=8
num_cat=0
split_feature=1 5 7 6 3 4 0
split_gain=6.63619 6.21462 6.3458 4.88812 3.75195 3.08108 0.758318
threshold=1.2125000000000001 -0.63888888888888873 -0.32352941176470584 0.96286644951140088 0.50000000000000011 1.0000000180025095e-35 -1.0000000180025095e-35
decision_type=2 2 2 2 2 2 2
left_child=1 6 4 5 -3 -4 -1
right_child=-2 2 3 -5 -6 -7 -8
leaf_value=-0.01220575077458338 0.0080570876838417533 -0.013242921503456594 -0.0053617401984449439 0.0075849823918148849 -0.00057863558711862334 0.0016001385355791733 -0.0058881571286838741
leaf_weight=4.1907540708780289 8.7946634665131551 4.9394317120313627 8.4980726204812509 10.539720907807348 4.3839609939604998 24.290266249328852 4.0511821806430799
leaf_count=66 63 59 128 59 28 152 53
internal_value=-1.22043e-05 -0.00118893 8.14744e-05 0.00169543 -0.00735737 -0.000215056 -0.00920826
internal_weight=69.6881 60.8934 52.6515 43.3281 9.32339 32.7883 8.24194
internal_count=608 545 426 339 87 280 119
is_linear=0
shrinkage=0.01


Tree=251
num_leaves=8
num_cat=0
split_feature=1 5 7 6 3 4 0
split_gain=6.53296 6.12746 6.24271 4.79939 3.72203 3.04884 0.76153
threshold=1.2125000000000001 -0.63888888888888873 -0.32352941176470584 0.96286644951140088 0.50000000000000011 0.98880597014925387 -1.0000000180025095e-35
decision_type=2 2 2 2 2 2 2
left_child=1 6 4 5 -3 -4 -1
right_child=-2 2 3 -5 -6 -7 -8
leaf_value=-0.012184561665977353 0.0080122704053384348 -0.013207399212850761 -0.0030561124324140349 0.0075213114715325458 -0.00057295874780124902 0.0030421118767597127 -0.0058421863106547694
leaf_weight=4.1564075220376253 8.7561716660857183 4.9036380331963283 17.483060481026769 10.523582022637127 4.38411402143538 15.260788820683954 4.0430571734905225
leaf_count=66 63 59 174 59 28 106 53
internal_value=-1.24476e-05 -0.00118026 8.05702e-05 0.00168091 -0.00731317 -0.00021333 -0.00916529
internal_weight=69.5108 60.7546 52.5552 43.2674 9.28775 32.7438 8.19946
internal_count=608 545 426 339 87 280 119
is_linear=0
shrinkage=0.01


Tree=252
num_leaves=8
num_cat=0
split_feature=1 5 7 6 3 4 0
split_gain=6.43099 6.04168 6.14117 4.71237 3.6924 3.00165 0.764682
threshold=1.2125000000000001 -0.63888888888888873 -0.32352941176470584 0.96286644951140088 0.50000000000000011 1.0000000180025095e-35 -1.0000000180025095e-35
decision_type=2 2 2 2 2 2 2
left_child=1 6 4 5 -3 -4 -1
right_child=-2 2 3 -5 -6 -7 -8
leaf_value=-0.012163505807375517 0.007967548652868384 -0.013172223735613418 -0.0053084871447304149 0.007458146220218155 -0.00056733762539098542 0.0015784621467295574 -0.0057964733895178016
leaf_weight=4.1223105695098639 8.718019984662531 4.8680111896246654 8.4499504584819061 10.507510371506212 4.3842654265463352 24.259733803570271 4.0350217856466752
leaf_count=66 63 59 128 59 28 152 53
internal_value=-1.26216e-05 -0.00117139 7.97446e-05 0.00166622 -0.00726923 -0.000211413 -0.00912239
internal_weight=69.3448 60.6268 52.4695 43.2172 9.25228 32.7097 8.15733
internal_count=608 545 426 339 87 280 119
is_linear=0
shrinkage=0.01


Tree=253
num_leaves=11
num_cat=0
split_feature=4 4 1 5 5 3 6 7 2 1
split_gain=6.3449 7.50271 5.59803 3.54428 4.83874 2.44516 1.83042 1.2856 1.0106 0.00357481
threshold=0.79104477611940316 1.0037313432835824 0.93750000000000011 0.23888888888888918 0.66111111111111109 1.0714285714285716 1.1986970684039091 0.67647058823529427 -0.18749999999999997 0.61250000000000016
decision_type=2 2 2 2 2 2 2 2 2 2
left_child=2 8 3 6 -5 -3 7 -1 -2 -10
right_child=1 5 -4 4 -6 -7 -8 -9 9 -11
leaf_value=-0.01020071675960716 0.0048187500879379097 -0.0038176933881258245 0.0088086654295683377 0.0048171293709021804 -0.0071834312693841917 0.0032573719142041609 0.00023056181202847439 -0.0027630665787743147 0.011222617684579758 0.0090320308187135413
leaf_weight=11.837161164730793 5.3606624081730834 12.029917076230051 3.4786379635334006 7.4448402784764749 5.95811434276402 8.0834901630878431 2.68748003989458 2.9996535889804354 5.4111382551491243 3.8789188489317894
leaf_count=193 34 66 22 59 47 37 22 34 51 43
internal_value=-1.28622e-05 0.00299589 -0.00305281 -0.00441106 -0.00053126 -0.000972208 -0.00735856 -0.00872557 0.0084132 0.0104139
internal_weight=69.17 34.7641 34.4059 30.9272 13.403 20.1134 17.5243 14.8368 14.6507 9.29006
internal_count=608 231 377 355 106 103 249 227 128 94
is_linear=0
shrinkage=0.01


Tree=254
num_leaves=8
num_cat=0
split_feature=1 5 7 6 3 4 7
split_gain=6.28196 5.9139 6.03273 4.62595 3.64147 2.92719 0.771445
threshold=1.2125000000000001 -0.63888888888888873 -0.32352941176470584 0.96286644951140088 0.50000000000000011 1.0000000180025095e-35 -0.32352941176470584
decision_type=2 2 2 2 2 2 2
left_child=1 6 4 5 -3 -4 -1
right_child=-2 2 3 -5 -6 -7 -8
leaf_value=-0.0049659019181154188 0.0078991773940536286 -0.013137992773191982 -0.0052638768085802746 0.0073982578714804469 -0.0005793342115007976 0.0015540301780032212 -0.011539014371520018
leaf_weight=3.1488940380513668 8.6648651398718339 4.8169121518731099 8.3999447971582395 10.471910916268824 4.3708720169961452 24.201220914721489 4.9275193773210031
leaf_count=45 63 59 128 59 28 152 74
internal_value=-1.24986e-05 -0.00115986 7.72983e-05 0.00165001 -0.00723407 -0.000213382 -0.00906832
internal_weight=69.0021 60.3373 52.2609 43.0731 9.18778 32.6012 8.07641
internal_count=608 545 426 339 87 280 119
is_linear=0
shrinkage=0.01


Tree=255
num_leaves=8
num_cat=0
split_feature=1 5 7 6 3 4 0
split_gain=6.18371 5.82533 5.93473 4.54193 3.61266 2.89139 0.782343
threshold=1.2125000000000001 -0.63888888888888873 -0.32352941176470584 0.96286644951140088 0.50000000000000011 0.98880597014925387 -1.0000000180025095e-35
decision_type=2 2 2 2 2 2 2
left_child=1 6 4 5 -3 -4 -1
right_child=-2 2 3 -5 -6 -7 -8
leaf_value=-0.012124584670132553 0.0078546576657725093 -0.013103498702859387 -0.0029881005905891649 0.0073360520643905823 -0.00057365089351899792 0.0029673796444356498 -0.0056537351016435478
leaf_weight=4.0459398441016674 8.6275916099548322 4.7817361075431091 17.382667759433389 10.456028185784815 4.3710232004523277 15.175270084291695 3.9955675359815341
leaf_count=66 63 59 174 59 28 106 53
internal_value=-1.2712e-05 -0.00115123 7.64253e-05 0.00163583 -0.00719057 -0.000211662 -0.00901836
internal_weight=68.8358 60.2082 52.1667 43.014 9.15276 32.5579 8.04151
internal_count=608 545 426 339 87 280 119
is_linear=0
shrinkage=0.01


Tree=256
num_leaves=9
num_cat=0
split_feature=5 4 4 0 4 1 2 0
split_gain=6.09141 4.95521 4.31175 3.59589 3.19998 3.31914 2.1922 0.986859
threshold=-0.63888888888888873 1.0000000180025095e-35 -1.0000000180025095e-35 0.90000000000000013 1.8507462686567167 0.26250000000000007 1.0000000180025095e-35 -1.0000000180025095e-35
decision_type=2 2 2 2 2 2 2 2
left_child=7 2 6 4 5 -3 -2 -1
right_child=1 3 -4 -5 -6 -7 -8 -9
leaf_value=-0.010876232709455275 -0.004129548874002075 -5.4734913280012605e-05 -0.01062355952225787 0.0098017338549714183 -0.0034650354496673598 0.0068105559882260924 0.0048430008145368755 -0.004148471389023585
leaf_weight=4.5500349421054125 5.573546629399063 14.128714900463821 5.5392836313694707 6.3563729561865321 8.9735425859689695 13.937175847589968 5.1361453197896481 4.4793280195444805
leaf_count=69 47 88 126 54 43 90 34 57
internal_value=-1.28857e-05 0.00114965 -0.00354639 0.00291214 0.0017066 0.00336656 0.000178494 -0.00762069
internal_weight=68.6741 59.6448 16.249 43.3958 37.0394 28.0659 10.7097 9.02936
internal_count=608 482 207 275 221 178 81 126
is_linear=0
shrinkage=0.01


Tree=257
num_leaves=8
num_cat=0
split_feature=1 5 7 6 3 4 0
split_gain=6.07396 5.66555 5.81728 4.4563 3.57653 2.82792 0.785916
threshold=1.2125000000000001 -0.63888888888888873 -0.32352941176470584 0.96286644951140088 0.50000000000000011 0.98880597014925387 -1.0000000180025095e-35
decision_type=2 2 2 2 2 2 2
left_child=1 6 4 5 -3 -4 -1
right_child=-2 2 3 -5 -6 -7 -8
leaf_value=-0.012085397591844705 0.007813354999918188 -0.013070069170813972 -0.0029709804145155519 0.0072689105066021621 -0.0005713542008423853 0.0029281650334603954 -0.0055763140687670101
leaf_weight=3.982981339097023 8.565719109028576 4.7378154173493368 17.323107562959194 10.418829850852488 4.3644124139100313 15.129645172506569 3.9823113121092311
leaf_count=66 63 59 174 59 28 106 53
internal_value=-1.29739e-05 -0.00114256 6.741e-05 0.0016125 -0.00714841 -0.000220221 -0.00894062
internal_weight=68.5048 59.9391 51.9738 42.8716 9.10223 32.4528 7.96529
internal_count=608 545 426 339 87 280 119
is_linear=0
shrinkage=0.01


Tree=258
num_leaves=8
num_cat=0
split_feature=1 5 7 6 3 4 0
split_gain=5.97867 5.58587 5.72268 4.37543 3.54834 2.77587 0.788671
threshold=1.2125000000000001 -0.63888888888888873 -0.32352941176470584 0.96286644951140088 0.50000000000000011 1.0000000180025095e-35 -1.0000000180025095e-35
decision_type=2 2 2 2 2 2 2
left_child=1 6 4 5 -3 -4 -1
right_child=-2 2 3 -5 -6 -7 -8
leaf_value=-0.01206493680441794 0.0077690255418781454 -0.013036253546366724 -0.0051698347983476231 0.0072077365241678308 -0.00056574984257129284 0.0015008037163008134 -0.005532143657923482
leaf_weight=3.9501727316528559 8.5292028039693815 4.7030379362404329 8.3030087854713184 10.403112474828957 4.3645597454160452 24.11711535602808 3.9748026598244897
leaf_count=66 63 59 128 59 28 152 53
internal_value=-1.31461e-05 -0.00113393 6.66885e-05 0.00159836 -0.0071054 -0.000218235 -0.00889815
internal_weight=68.345 59.8158 51.8908 42.8232 9.0676 32.4201 7.92498
internal_count=608 545 426 339 87 280 119
is_linear=0
shrinkage=0.01


Tree=259
num_leaves=9
num_cat=0
split_feature=4 4 2 1 9 3 6 5
split_gain=5.89561 10.4191 4.29187 3.00854 3.60364 2.58858 2.13143 0.629708
threshold=0.98880597014925387 1.0037313432835824 -0.71874999999999989 -0.61249999999999993 1.0000000180025095e-35 -1.0714285714285712 0.44169381107491873 -0.15555555555555556
decision_type=2 2 2 2 2 2 2 2
left_child=2 -2 7 -4 5 -5 -3 -1
right_child=1 6 3 4 -6 -7 -8 -9
leaf_value=-0.01335353119773852 0.011098077536039077 -0.0044976800826759325 -0.0087359285265273673 0.0044382283315672292 0.0065634732712168695 -0.0039329681710146471 0.002023965728070468 -0.0067598657390092274
leaf_weight=3.0300509408116341 10.784026429057123 9.4101350530982035 4.3285255208611515 4.7659538276493612 6.5262759514152995 15.328156983479856 10.505649194121359 3.4980177525430909
leaf_count=51 109 50 76 42 47 150 53 30
internal_value=-1.33836e-05 0.00323001 -0.00267178 -0.001104 0.000165011 -0.00193533 -0.00106456 -0.00997566
internal_weight=68.1768 30.6998 37.477 30.9489 26.6204 20.0941 19.9158 6.52807
internal_count=608 212 396 315 239 192 103 81
is_linear=0
shrinkage=0.01


Tree=260
num_leaves=8
num_cat=0
split_feature=1 5 7 6 3 4 0
split_gain=5.86134 5.48824 5.61637 4.30184 3.49465 2.71256 0.784794
threshold=1.2125000000000001 -0.63888888888888873 -0.32352941176470584 0.96286644951140088 0.50000000000000011 0.98880597014925387 -1.0000000180025095e-35
decision_type=2 2 2 2 2 2 2
left_child=1 6 4 5 -3 -4 -1
right_child=-2 2 3 -5 -6 -7 -8
leaf_value=-0.012035805699741777 0.0077166813053128371 -0.012994977363291265 -0.002919507045828862 0.0071523315127036335 -0.00057816854179608109 0.0028707921911926416 -0.0054940314016739258
leaf_weight=3.905004458501935 8.4760483056306821 4.6530193630605918 17.260830029845238 10.373597741127012 4.3515878710895777 15.051991499960421 3.9544734116643658
leaf_count=66 63 59 174 59 28 106 53
internal_value=-1.34394e-05 -0.00112479 6.5352e-05 0.00158283 -0.00706666 -0.000221729 -0.00885471
internal_weight=68.0266 59.5505 51.691 42.6864 9.00461 32.3128 7.85948
internal_count=608 545 426 339 87 280 119
is_linear=0
shrinkage=0.01


Tree=261
num_leaves=8
num_cat=0
split_feature=1 5 7 6 3 4 7
split_gain=5.76917 5.41091 5.52504 4.22373 3.4673 2.67667 0.789437
threshold=1.2125000000000001 -0.63888888888888873 -0.32352941176470584 0.96286644951140088 0.50000000000000011 1.0000000180025095e-35 -0.32352941176470584
decision_type=2 2 2 2 2 2 2
left_child=1 6 4 5 -3 -4 -1
right_child=-2 2 3 -5 -6 -7 -8
leaf_value=-0.0045919303514100904 0.0076725615745363894 -0.012961892496143526 -0.0051035415738461066 0.0070920615720205492 -0.00057249751946906319 0.0014680997754264048 -0.011329821599984129
leaf_weight=3.0271636191755533 8.4402952753007394 4.6186745930463058 8.2388979624956828 10.358065266162155 4.3517354689538479 24.042095057666302 4.7927537243813267
leaf_count=45 63 59 128 59 28 152 74
internal_value=-1.36094e-05 -0.00111627 6.46453e-05 0.00156892 -0.00702411 -0.000219725 -0.00881243
internal_weight=67.8697 59.4294 51.6095 42.6391 8.97041 32.281 7.81992
internal_count=608 545 426 339 87 280 119
is_linear=0
shrinkage=0.01


Tree=262
num_leaves=10
num_cat=0
split_feature=1 4 4 2 6 2 0 4 6
split_gain=5.68465 5.58079 9.90545 3.98845 3.38819 2.37271 1.21598 0.723852 0.167673
threshold=0.93750000000000011 0.85074626865671654 1.0037313432835824 -0.71874999999999989 0.37263843648208478 0.68750000000000011 -1.0000000180025095e-35 1.3134328358208958 0.13680781758957655
decision_type=2 2 2 2 2 2 2 2 2
left_child=1 3 8 -1 5 -5 -6 -2 -3
right_child=7 2 -4 4 6 -7 -8 -9 -10
leaf_value=-0.012279179504623899 0.0079732473820979324 0.011264950334242933 -0.0033122963700238455 -0.0082795195015821499 -0.0019119751555131345 0.0012021555541948835 0.0044088804988768578 0.0031622389837597255 0.0080573899973845897
leaf_weight=5.0303246732801226 7.2865429259836656 4.9593362063169497 13.622683688998221 10.537539744749667 5.9440242946147919 3.4792091622948638 6.047291871160267 5.7862787321209908 5.0177532322704792
leaf_count=73 62 44 69 159 51 36 40 31 43
internal_value=-1.38121e-05 -0.0014331 0.00222683 -0.00421411 -0.00261315 -0.00593415 0.00128577 0.00588398 0.00974775
internal_weight=67.711 54.6382 23.5998 31.0384 26.0081 14.0167 11.9913 13.0728 9.97709
internal_count=608 515 156 359 286 195 91 93 87
is_linear=0
shrinkage=0.01


Tree=263
num_leaves=9
num_cat=0
split_feature=5 4 4 1 4 4 2 0
split_gain=5.63228 4.56618 4.28624 3.20552 3.71992 4.82461 2.12124 0.985028
threshold=-0.63888888888888873 1.0000000180025095e-35 -1.0000000180025095e-35 1.2125000000000001 1.2910447761194033 0.98880597014925387 1.0000000180025095e-35 -1.0000000180025095e-35
decision_type=2 2 2 2 2 2 2 2
left_child=7 2 6 4 5 -3 -2 -1
right_child=1 3 -4 -5 -6 -7 -8 -9
leaf_value=-0.010774638467495115 -0.0040071362350179223 0.00011481497753695839 -0.010607371756710884 0.0092427958228484663 -0.0027746172362955032 0.0092004783151120248 0.0048683662198058392 -0.0039650064846946933
leaf_weight=4.3709308952093124 5.4836574941873533 13.860955033451321 5.3946617394685736 6.4625280536711207 12.455237634479998 10.00881217420101 5.1014515049755573 4.3985205013304931
leaf_count=69 47 73 126 49 58 95 34 57
internal_value=-1.35457e-05 0.00110576 -0.00344133 0.00280802 0.00164098 0.00394701 0.000275907 -0.00744232
internal_weight=67.5368 58.7673 15.9798 42.7875 36.325 23.8698 10.5851 8.76945
internal_count=608 482 207 275 226 168 81 126
is_linear=0
shrinkage=0.01


Tree=264
num_leaves=8
num_cat=0
split_feature=1 7 5 6 4 3 4
split_gain=5.55201 5.30957 5.08531 3.17101 3.60797 0.91111 0.483907
threshold=1.2125000000000001 -0.38235294117647051 -0.63888888888888873 0.96286644951140088 1.0000000180025095e-35 -0.21428571428571425 0.067164179104477625
decision_type=2 2 2 2 2 2 2
left_child=1 5 6 4 -4 -1 -3
right_child=-2 2 3 -5 -6 -7 -8
leaf_value=-0.012356478053981955 0.0075760191525657229 -0.0056667693578389012 -0.005724708516608226 0.005870902743232086 0.0015963726563663807 -0.0052675524055348201 -0.011899398639376125
leaf_weight=3.6980636566877365 8.3351117707788926 2.864524293690919 8.9781702496111375 10.845929529517887 25.943501207977533 3.9723082240670911 2.7158140242099762
leaf_count=52 63 65 139 62 162 46 19
internal_value=-1.35686e-05 -0.00109644 6.92345e-05 0.00117442 -0.000296809 -0.00880032 -0.00885612
internal_weight=67.3534 59.0183 51.3479 45.7676 34.9217 7.67037 5.58034
internal_count=608 545 447 363 301 98 84
is_linear=0
shrinkage=0.01


Tree=265
num_leaves=8
num_cat=0
split_feature=1 7 5 6 4 3 4
split_gain=5.46452 5.23093 5.00105 3.11196 3.54841 0.91297 0.470371
threshold=1.2125000000000001 -0.38235294117647051 -0.63888888888888873 0.96286644951140088 1.0000000180025095e-35 -0.21428571428571425 0.067164179104477625
decision_type=2 2 2 2 2 2 2
left_child=1 5 6 4 -4 -1 -3
right_child=-2 2 3 -5 -6 -7 -8
leaf_value=-0.012330945000078577 0.007532240691005109 -0.0056379810055104578 -0.0056898731965514451 0.0058192207512130093 0.001581313318926312 -0.0052222156171579841 -0.011797768526266923
leaf_weight=3.6690165437757969 8.3004764467477781 2.8509384840726844 8.9435925018042308 10.833782013505695 25.929685156792402 3.9676177315413943 2.712694026529789
leaf_count=52 63 65 139 62 162 46 19
internal_value=-1.38716e-05 -0.00108814 6.83159e-05 0.00116424 -0.000294391 -0.00875284 -0.00879662
internal_weight=67.2078 58.9073 51.2707 45.7071 34.8733 7.63663 5.56363
internal_count=608 545 447 363 301 98 84
is_linear=0
shrinkage=0.01


Tree=266
num_leaves=10
num_cat=0
split_feature=1 4 4 2 6 2 0 4 6
split_gain=5.38884 5.34781 9.70094 3.92421 3.27719 2.35029 1.1821 0.735886 0.170087
threshold=0.93750000000000011 0.85074626865671654 1.0037313432835824 -0.71874999999999989 0.37263843648208478 0.68750000000000011 -1.0000000180025095e-35 1.3134328358208958 0.13680781758957655
decision_type=2 2 2 2 2 2 2 2 2
left_child=1 3 8 -1 5 -5 -6 -2 -3
right_child=7 2 -4 4 6 -7 -8 -9 -10
leaf_value=-0.012218485356810214 0.0078826637706178888 0.011241146439538354 -0.0032768329896306946 -0.0082015673795986614 -0.0018782019014500966 0.0012738321071050958 0.0043672264350565846 0.0030091699638291358 0.0080012672385882562
leaf_weight=4.9374661762267378 7.1966217271983606 4.8839830867946166 13.589365951716898 10.388448879122736 5.9125261157751083 3.4557755049318066 6.0277467966079694 5.7186709493398666 4.9527097195386887
leaf_count=73 62 44 69 159 51 36 40 31 43
internal_value=-1.41709e-05 -0.00140057 0.00219314 -0.00413906 -0.00255071 -0.00584416 0.00128473 0.00576446 0.00970683
internal_weight=67.0633 54.148 23.4261 30.722 25.7845 13.8442 11.9403 12.9153 9.83669
internal_count=608 515 156 359 286 195 91 93 87
is_linear=0
shrinkage=0.01


Tree=267
num_leaves=9
num_cat=0
split_feature=5 4 4 1 4 4 2 0
split_gain=5.35183 4.31798 4.26047 3.10476 3.62204 4.74119 2.06504 0.995866
threshold=-0.63888888888888873 1.0000000180025095e-35 -1.0000000180025095e-35 1.2125000000000001 1.2910447761194033 0.98880597014925387 1.0000000180025095e-35 -1.0000000180025095e-35
decision_type=2 2 2 2 2 2 2 2
left_child=7 2 6 4 5 -3 -2 -1
right_child=1 3 -4 -5 -6 -7 -8 -9
leaf_value=-0.010706984598669382 -0.0039196508880223564 9.4261014086218111e-05 -0.010594091205899818 0.0091469258894305624 -0.0027583552263387261 0.0091461758748534339 0.0048645097965230623 -0.0038165657090486788
leaf_weight=4.2782020624727011 5.4301373325288278 13.81995588168502 5.2934578061103812 6.3251867294311515 12.444723539054392 9.8567614667117578 5.0864854380488396 4.3581834416836482
leaf_count=69 47 73 126 49 58 95 34 57
internal_value=-1.3901e-05 0.0010789 -0.00336801 0.00273926 0.00159507 0.00388525 0.000334711 -0.00731336
internal_weight=66.8931 58.2567 15.8101 42.4466 36.1214 23.6767 10.5166 8.63639
internal_count=608 482 207 275 226 168 81 126
is_linear=0
shrinkage=0.01


Tree=268
num_leaves=11
num_cat=0
split_feature=5 1 13 5 4 6 4 0 7 2
split_gain=5.26592 4.24548 3.67747 3.0343 2.68687 2.52558 2.3169 0.991453 0.667731 0.0948278
threshold=-0.63888888888888873 0.16250000000000001 1.0000000180025095e-35 0.09444444444444422 1.485074626865672 0.37263843648208478 0.79104477611940316 -1.0000000180025095e-35 -1.0000000180025095e-35 -0.18749999999999997
decision_type=2 2 2 2 2 2 2 2 2 2
left_child=7 2 -2 9 6 -5 -3 -1 -8 -4
right_child=1 4 3 5 -6 -7 8 -9 -10 -11
leaf_value=-0.010668802162277287 0.0034353748964528249 0.0025160317839739792 -0.012564342360769419 -0.0066087934852610787 -0.00060072728347633486 0.0025567569032438585 0.011947113079308208 -0.0037827087418187467 0.0064302808988072717 -0.0086413784030015244
leaf_weight=4.2510723024606705 8.3484226912260073 12.040079634636642 2.7168457005172968 5.6001502033323032 10.867808274924753 6.2784949690103531 4.5157953128218633 4.3541347999125701 5.1808105632662773 2.56024091690779
leaf_count=69 59 79 49 67 55 33 26 57 64 50
internal_value=-1.39201e-05 0.00107096 -0.0019809 -0.00462124 0.00345698 -0.00178341 0.00547919 -0.007268 0.00909524 -0.0108572
internal_weight=66.7139 58.1086 25.5042 17.1557 32.6045 11.8786 21.7367 8.60521 9.69661 5.27709
internal_count=608 482 258 199 224 100 169 126 90 99
is_linear=0
shrinkage=0.01


Tree=269
num_leaves=8
num_cat=0
split_feature=1 7 5 6 4 3 4
split_gain=5.24149 5.1136 4.79295 3.02926 3.3735 0.894229 0.453786
threshold=1.2125000000000001 -0.38235294117647051 -0.63888888888888873 0.96286644951140088 1.0000000180025095e-35 -0.21428571428571425 0.067164179104477625
decision_type=2 2 2 2 2 2 2
left_child=1 5 6 4 -4 -1 -3
right_child=-2 2 3 -5 -6 -7 -8
leaf_value=-0.01230233986650728 0.0074308319481385145 -0.0055208907190263971 -0.0055998047535254763 0.0057507451425629474 0.001531159299560213 -0.0052044049833063159 -0.011613100639499843
leaf_weight=3.5895559005439281 8.1833407133817655 2.7938529662787905 8.8215370476245862 10.781012393534182 25.777637980878353 3.9194694049656382 2.6935876533389091
leaf_count=52 63 65 139 62 162 46 19
internal_value=-1.40716e-05 -0.00106863 7.49297e-05 0.00114858 -0.000297877 -0.00871453 -0.00866566
internal_weight=66.56 58.3767 50.8676 45.3802 34.5992 7.50903 5.48744
internal_count=608 545 447 363 301 98 84
is_linear=0
shrinkage=0.01


Tree=270
num_leaves=10
num_cat=0
split_feature=1 4 4 2 6 2 0 4 6
split_gain=5.15935 5.07528 9.48567 3.86826 3.18105 2.31978 1.14623 0.735384 0.174386
threshold=0.93750000000000011 0.85074626865671654 1.0037313432835824 -0.71874999999999989 0.37263843648208478 0.68750000000000011 -1.0000000180025095e-35 1.3134328358208958 0.13680781758957655
decision_type=2 2 2 2 2 2 2 2 2
left_child=1 3 8 -1 5 -5 -6 -2 -3
right_child=7 2 -4 4 6 -7 -8 -9 -10
leaf_value=-0.012160837713217174 0.0078015600668689764 0.011213798657349228 -0.0032534468948508324 -0.0081197172411482041 -0.0018283714118500307 0.001330560455537821 0.0043351865083618435 0.0029087935617424167 0.007926092282465028
leaf_weight=4.8462802525609758 7.1094638332724553 4.7952056191861647 13.560675062239168 10.240804299712183 5.8781410995870829 3.4347950406372538 6.0098366290330869 5.6706178709864616 4.8733273632824421
leaf_count=73 62 44 69 159 51 36 40 31 43
internal_value=-1.43691e-05 -0.00137677 0.0021376 -0.00405951 -0.00248228 -0.00575374 0.00129772 0.00567004 0.00965477
internal_weight=66.4191 53.6391 23.2292 30.4099 25.5636 13.6756 11.888 12.7801 9.66853
internal_count=608 515 156 359 286 195 91 93 87
is_linear=0
shrinkage=0.01


Tree=271
num_leaves=8
num_cat=0
split_feature=1 7 5 6 4 3 4
split_gain=5.09626 5.03103 4.69513 2.96262 3.28243 0.887968 0.444436
threshold=1.2125000000000001 -0.38235294117647051 -0.63888888888888873 0.96286644951140088 1.0000000180025095e-35 -0.21428571428571425 0.067164179104477625
decision_type=2 2 2 2 2 2 2
left_child=1 5 6 4 -4 -1 -3
right_child=-2 2 3 -5 -6 -7 -8
leaf_value=-0.012275558826056774 0.0073535797650513502 -0.0054711555770321722 -0.0055438658329647417 0.0056967345622864545 0.0015110160478398727 -0.0051719038516749296 -0.011521715971042989
leaf_weight=3.5463967435061932 8.1262281872332078 2.7696916982531539 8.7583319619297963 10.758960980921982 25.714585993438959 3.8970381300896397 2.6817602142691612
leaf_count=52 63 65 139 62 162 46 19
internal_value=-1.40965e-05 -0.00105497 7.88898e-05 0.00114175 -0.000292227 -0.00867428 -0.00860157
internal_weight=66.253 58.1268 50.6833 45.2319 34.4729 7.44343 5.45145
internal_count=608 545 447 363 301 98 84
is_linear=0
shrinkage=0.01


Tree=272
num_leaves=8
num_cat=0
split_feature=1 7 5 6 4 3 5
split_gain=5.01548 4.95641 4.61711 2.90741 3.228 0.889768 0.441145
threshold=1.2125000000000001 -0.38235294117647051 -0.63888888888888873 0.96286644951140088 1.0000000180025095e-35 -0.21428571428571425 -0.88333333333333319
decision_type=2 2 2 2 2 2 2
left_child=1 5 6 4 -4 -1 -3
right_child=-2 2 3 -5 -6 -7 -8
leaf_value=-0.012250875870701379 0.0073102981731243757 -0.00527567096464426 -0.0055095571836467063 0.0056464652159200959 0.0014967151783121893 -0.0051272609002970303 -0.011312150823555463
leaf_weight=3.5183486826717854 8.0933548100292665 2.6264112256467342 8.7255302555859071 10.747148483991621 25.701702978461981 3.8925531543791285 2.8090444747358552
leaf_count=52 63 44 139 62 162 46 40
internal_value=-1.43935e-05 -0.00104694 7.78919e-05 0.00113179 -0.000289828 -0.0086273 -0.00854333
internal_weight=66.1141 58.0207 50.6098 45.1744 34.4272 7.4109 5.43546
internal_count=608 545 447 363 301 98 84
is_linear=0
shrinkage=0.01


Tree=273
num_leaves=8
num_cat=0
split_feature=1 7 5 6 4 3 5
split_gain=4.93594 4.8828 4.54332 2.85322 3.17444 0.891502 0.435357
threshold=1.2125000000000001 -0.38235294117647051 -0.63888888888888873 0.96286644951140088 1.0000000180025095e-35 -0.21428571428571425 -0.88333333333333319
decision_type=2 2 2 2 2 2 2
left_child=1 5 6 4 -4 -1 -3
right_child=-2 2 3 -5 -6 -7 -8
leaf_value=-0.012226382898595203 0.007267119229402744 -0.0052408060917398238 -0.0054753665122289075 0.0055966146780313713 0.0014825431838225236 -0.0050829414375987911 -0.011248564257466056
leaf_weight=3.4904830399900675 8.0607864670455438 2.6181516796350479 8.6930043343454582 10.735397279262541 25.688937518745661 3.8881224859505883 2.7972987834364167
leaf_count=52 63 44 139 62 162 46 40
internal_value=-1.46889e-05 -0.00103904 7.69082e-05 0.00112191 -0.000287446 -0.00858048 -0.00849174
internal_weight=65.9722 57.9114 50.5328 45.1173 34.3819 7.37861 5.41545
internal_count=608 545 447 363 301 98 84
is_linear=0
shrinkage=0.01


Tree=274
num_leaves=9
num_cat=0
split_feature=4 4 2 1 9 3 3 5
split_gain=4.87692 10.0735 4.00595 2.86282 3.44889 2.63847 2.24422 0.58907
threshold=0.98880597014925387 1.0037313432835824 -0.71874999999999989 -0.61249999999999993 1.0000000180025095e-35 -1.0714285714285712 1.0714285714285716 -0.1277777777777778
decision_type=2 2 2 2 2 2 2 2
left_child=2 -2 7 -4 5 -5 -3 -1
right_child=1 6 3 4 -6 -7 -8 -9
leaf_value=-0.013137684141695258 0.011031006765890554 -0.003987432684681054 -0.0086152944705316075 0.0047363048455507173 0.0065760168480907422 -0.0038548620502658632 0.0028884606237482668 -0.0065570545932190647
leaf_weight=2.8445958234369755 10.11972698569298 11.663297839462759 4.1019782889634397 4.5998531691730085 6.4282438661903134 14.910742498934267 7.8670325726270667 3.29598844051361
leaf_count=52 109 66 76 42 47 150 37 29
internal_value=-1.49809e-05 0.00298625 -0.00247589 -0.000958031 0.000281327 -0.00181557 -0.00121714 -0.00976717
internal_weight=65.8315 29.6501 36.1814 30.0408 25.9388 19.5106 19.5303 6.14058
internal_count=608 212 396 315 239 192 103 81
is_linear=0
shrinkage=0.01


Tree=275
num_leaves=10
num_cat=0
split_feature=1 4 4 2 6 2 0 4 6
split_gain=4.84886 4.82195 9.29436 3.7631 3.0331 2.29597 1.11576 0.737491 0.17375
threshold=0.93750000000000011 0.85074626865671654 1.0037313432835824 -0.71874999999999989 0.37263843648208478 0.68750000000000011 -1.0000000180025095e-35 1.3134328358208958 0.13680781758957655
decision_type=2 2 2 2 2 2 2 2 2
left_child=1 3 8 -1 5 -5 -6 -2 -3
right_child=7 2 -4 4 6 -7 -8 -9 -10
leaf_value=-0.012073351010027827 0.0076809169777569044 0.011186189242081288 -0.0032293484270074146 -0.0080270223119583758 -0.0018220775147491355 0.0014158049410920514 0.0042746673082494652 0.0027568834514010605 0.0078807009608884322
leaf_weight=4.7270685993135002 7.0108409859240037 4.710709862411024 13.516011968255041 10.07512713596225 5.8444148562848568 3.4111748915165654 5.9814161211252195 5.6097939163446426 4.8019288033246994
leaf_count=73 62 44 69 159 51 36 40 31 43
internal_value=-1.4996e-05 -0.00134189 0.00209581 -0.00397552 -0.00242168 -0.00564575 0.0012716 0.00553109 0.00961694
internal_weight=65.6885 53.0679 23.0287 30.0392 25.3121 13.4863 11.8258 12.6206 9.51264
internal_count=608 515 156 359 286 195 91 93 87
is_linear=0
shrinkage=0.01


Tree=276
num_leaves=11
num_cat=0
split_feature=5 1 13 5 4 0 6 3 0 2
split_gain=4.81548 3.94858 3.38184 2.98235 2.65162 2.34584 2.3404 1.94081 1.00455 0.0997331
threshold=-0.63888888888888873 0.16250000000000001 1.0000000180025095e-35 0.09444444444444422 1.485074626865672 1.0000000180025095e-35 0.37263843648208478 0.50000000000000011 -1.0000000180025095e-35 -1.0000000180025095e-35
decision_type=2 2 2 2 2 2 2 2 2 2
left_child=8 2 -2 9 5 -3 -5 -7 -1 -4
right_child=1 4 3 6 -6 7 -8 -9 -10 -11
leaf_value=-0.010567463334971036 0.0032863940271373967 0.0084580118626995521 -0.01226949998665371 -0.0064175549398355425 -0.00070108216468267354 -0.0029971579663185298 0.0024691189553218886 0.0057759395850205588 -0.0035420226893533718 -0.008178390788112307
leaf_weight=4.0834531728178263 8.2105858810246009 11.376214696094396 3.0467781089246273 5.4653554651886207 10.780083216726778 4.529116176068781 6.2556458413600922 5.4589862935245037 4.2611170336604101 2.0595767293125418
leaf_count=69 59 77 62 67 55 40 33 52 57 37
internal_value=-1.47178e-05 0.00102457 -0.00194855 -0.00450716 0.00333926 0.00537171 -0.00169386 0.00180749 -0.00706438 -0.0108082
internal_weight=65.5269 57.1823 25.0379 16.8274 32.1444 21.3643 11.721 9.9881 8.34457 5.10635
internal_count=608 482 258 199 224 169 100 92 126 99
is_linear=0
shrinkage=0.01


Tree=277
num_leaves=8
num_cat=0
split_feature=1 7 5 6 4 3 5
split_gain=4.77133 4.76019 4.37557 2.78827 3.02392 0.873429 0.431404
threshold=1.2125000000000001 -0.38235294117647051 -0.63888888888888873 0.96286644951140088 1.0000000180025095e-35 -0.21428571428571425 -0.88333333333333319
decision_type=2 2 2 2 2 2 2
left_child=1 5 6 4 -4 -1 -3
right_child=-2 2 3 -5 -6 -7 -8
leaf_value=-0.012190197001606356 0.0071811878610258586 -0.0051420651645461227 -0.0053957468207670245 0.0055331559141868223 0.0014304396475702313 -0.0050582444971043359 -0.011157346298954787
leaf_weight=3.4180937930941582 7.9788746349513522 2.5834903996437788 8.5893360376358014 10.688127253204582 25.537203408777714 3.8398431539535514 2.7559405323117963
leaf_count=52 63 44 139 62 162 46 40
internal_value=-1.50101e-05 -0.00102585 7.59342e-05 0.00110163 -0.000298394 -0.00853703 -0.00839489
internal_weight=65.3909 57.412 50.1541 44.8147 34.1265 7.25794 5.33943
internal_count=608 545 447 363 301 98 84
is_linear=0
shrinkage=0.01


Tree=278
num_leaves=8
num_cat=0
split_feature=1 7 5 6 4 3 5
split_gain=4.69538 4.68944 4.30546 2.73627 2.97364 0.875103 0.425742
threshold=1.2125000000000001 -0.38235294117647051 -0.63888888888888873 0.96286644951140088 1.0000000180025095e-35 -0.21428571428571425 -0.88333333333333319
decision_type=2 2 2 2 2 2 2
left_child=1 5 6 4 -4 -1 -3
right_child=-2 2 3 -5 -6 -7 -8
leaf_value=-0.012166241288067732 0.0071382978957003516 -0.0051077497858471503 -0.0053619026138338396 0.0054842230161144638 0.0014168621110151594 -0.0050144381548772234 -0.011094174073041439
leaf_weight=3.3909090962260962 7.9473067410290232 2.5755504537373781 8.5579055417329055 10.676607333123682 25.525121528655291 3.835549594834446 2.7445438038557759
leaf_count=52 63 44 139 62 162 46 40
internal_value=-1.53e-05 -0.00101808 7.49671e-05 0.00109198 -0.000295924 -0.00849057 -0.00834375
internal_weight=65.2535 57.3062 50.0797 44.7596 34.083 7.22646 5.32009
internal_count=608 545 447 363 301 98 84
is_linear=0
shrinkage=0.01


Tree=279
num_leaves=8
num_cat=0
split_feature=1 7 5 6 4 3 5
split_gain=4.62056 4.6197 4.2364 2.68523 2.92415 0.876711 0.420139
threshold=1.2125000000000001 -0.38235294117647051 -0.63888888888888873 0.96286644951140088 1.0000000180025095e-35 -0.21428571428571425 -0.88333333333333319
decision_type=2 2 2 2 2 2 2
left_child=1 5 6 4 -4 -1 -3
right_child=-2 2 3 -5 -6 -7 -8
leaf_value=-0.012142463806747652 0.0070955142099368915 -0.005073569573266593 -0.0053281782234675373 0.0054356984552305409 0.0014034076650088398 -0.0049709519014620928 -0.011031093645671347
leaf_weight=3.3639049399644136 7.9160345718264571 2.5676861088722944 8.526741184294222 10.665149141103027 25.513150572776794 3.8313084207475177 2.7332644667476407
leaf_count=52 63 44 139 62 162 46 40
internal_value=-1.55866e-05 -0.00101035 7.40088e-05 0.0010824 -0.000293473 -0.00844426 -0.00829274
internal_weight=65.1172 57.2012 50.006 44.705 34.0399 7.19521 5.30095
internal_count=608 545 447 363 301 98 84
is_linear=0
shrinkage=0.01


Tree=280
num_leaves=11
num_cat=0
split_feature=1 2 6 5 4 4 4 4 6 1
split_gain=4.57353 4.37557 4.34271 2.90393 3.04838 2.21327 1.88076 1.8347 1.51214 0.379733
threshold=0.26250000000000007 -0.71874999999999989 0.34527687296416948 -0.26111111111111102 1.485074626865672 0.2761194029850747 0.98880597014925387 0.89552238805970164 -0.31661237785016277 -0.26249999999999996
decision_type=2 2 2 2 2 2 2 2 2 2
left_child=1 9 7 -2 6 -4 -5 8 -3 -1
right_child=3 2 5 4 -6 -7 -8 -9 -10 -11
leaf_value=-0.012719096474092854 -0.0028622333481559585 -0.0031847941186516188 -0.00084815134542872567 0.0039777085469203605 -0.00034332023519535119 0.0070826407758733867 0.011072650797615569 0.00011660644290303058 -0.011595792781762402 -0.0072245445493577141
leaf_weight=3.0703617539256811 7.1330358274281052 4.2082363311201316 7.1357004884630424 8.9957544505596179 8.7981820330023748 6.8060327023267746 6.5256175883114329 4.7403140515089026 4.4724497310817277 3.0964525118470183
leaf_count=50 53 71 68 58 45 38 68 39 85 33
internal_value=-1.58697e-05 -0.00258162 -0.000852123 0.00271882 0.00436079 0.00304635 0.00701241 -0.00489443 -0.007601 -0.0101195
internal_weight=64.9821 33.5295 27.3627 31.4526 24.3196 13.9417 15.5214 13.421 8.68069 6.16681
internal_count=608 384 301 224 171 106 126 195 156 83
is_linear=0
shrinkage=0.01


Tree=281
num_leaves=10
num_cat=0
split_feature=1 4 4 2 6 2 0 4 6
split_gain=4.52275 4.52188 9.18521 3.67862 2.85202 2.26859 1.0877 0.732936 0.175343
threshold=0.93750000000000011 0.85074626865671654 1.0037313432835824 -0.71874999999999989 0.37263843648208478 0.68750000000000011 -1.0000000180025095e-35 1.3134328358208958 0.13680781758957655
decision_type=2 2 2 2 2 2 2 2 2
left_child=1 3 8 -1 5 -5 -6 -2 -3
right_child=7 2 -4 4 6 -7 -8 -9 -10
leaf_value=-0.012010107798801538 0.007538615793623785 0.011169343658200029 -0.0032542969680376377 -0.0079156655178723185 -0.0018281262856038633 0.0015346175572854834 0.0042082298620294252 0.0026022444571499972 0.0078318830900573275
leaf_weight=4.5924473181366947 6.9019017554819566 4.6428056061267871 13.452838085591791 9.8513638526201266 5.8084627892822027 3.3720146212726823 5.9503193218260986 5.5457130149006844 4.7208323553204536
leaf_count=73 62 44 69 159 51 36 40 31 43
internal_value=-1.60012e-05 -0.00130527 0.00203457 -0.0038801 -0.00234365 -0.00551237 0.00123619 0.00537761 0.00958725
internal_weight=64.8387 52.3911 22.8165 29.5746 24.9822 13.2234 11.7588 12.4476 9.36364
internal_count=608 515 156 359 286 195 91 93 87
is_linear=0
shrinkage=0.01


Tree=282
num_leaves=8
num_cat=0
split_feature=1 7 5 6 4 13 5
split_gain=4.46368 4.52498 4.11491 2.6078 2.80169 1.00337 0.418907
threshold=1.2125000000000001 -0.38235294117647051 -0.63888888888888873 0.96286644951140088 1.0000000180025095e-35 1.0000000180025095e-35 -0.88333333333333319
decision_type=2 2 2 2 2 2 2
left_child=1 5 6 4 -4 -1 -3
right_child=-2 2 3 -5 -6 -7 -8
leaf_value=-0.0036730146964942586 0.0070061103018600112 -0.0049862880552256784 -0.0052469036134081427 0.0053678695789440593 0.0013708919390730196 -0.011470547689872591 -0.010956514574070928
leaf_weight=2.8824009746313086 7.8445632681250563 2.5432342477142811 8.4379682857543212 10.628587547689675 25.417731493711472 4.2224651742726564 2.7053591236472121
leaf_count=18 63 44 139 62 162 80 40
internal_value=-1.57146e-05 -0.000995447 7.73973e-05 0.00107154 -0.000289078 -0.00840202 -0.00821092
internal_weight=64.6823 56.8377 49.7329 44.4843 33.8557 7.10487 5.24859
internal_count=608 545 447 363 301 98 84
is_linear=0
shrinkage=0.01


Tree=283
num_leaves=11
num_cat=0
split_feature=1 2 6 5 4 4 4 4 6 1
split_gain=4.40014 4.28024 4.21399 2.81027 3.00318 2.16321 1.88344 1.75897 1.52203 0.377708
threshold=0.26250000000000007 -0.71874999999999989 0.34527687296416948 -0.26111111111111102 1.485074626865672 0.2761194029850747 0.98880597014925387 0.89552238805970164 -0.31661237785016277 -0.26249999999999996
decision_type=2 2 2 2 2 2 2 2 2 2
left_child=1 9 7 -2 6 -4 -5 8 -3 -1
right_child=3 2 5 4 -6 -7 -8 -9 -10 -11
leaf_value=-0.012669573534295927 -0.0028223107808152061 -0.0030780783603606573 -0.00084304889898693892 0.0039115458114828347 -0.00037425433297763703 0.0070107530929229321 0.011046136198459421 7.1000204801466819e-05 -0.011567084266313934 -0.0071594970703517677
leaf_weight=3.0177627932280302 7.1163584850728538 4.1698123030364496 7.1229110732674581 8.9629411809146422 8.777869299054144 6.7721331864595413 6.4264921806752673 4.7157654203474513 4.3942911289632356 3.068931456655263
leaf_count=50 53 71 68 58 45 38 68 39 85 33
internal_value=-1.59736e-05 -0.00254442 -0.000832163 0.00267188 0.00429467 0.00300746 0.00694297 -0.00484211 -0.00751707 -0.010052
internal_weight=64.5453 33.2616 27.1749 31.2837 24.1673 13.895 15.3894 13.2799 8.5641 6.08669
internal_count=608 384 301 224 171 106 126 195 156 83
is_linear=0
shrinkage=0.01


Tree=284
num_leaves=8
num_cat=0
split_feature=1 7 5 6 4 3 5
split_gain=4.36515 4.44016 4.01199 2.541 2.71312 1.46942 0.415558
threshold=1.2125000000000001 -0.38235294117647051 -0.63888888888888873 0.96286644951140088 1.0000000180025095e-35 -1.0000000180025095e-35 -0.88333333333333319
decision_type=2 2 2 2 2 2 2
left_child=1 5 6 4 -4 -1 -3
right_child=-2 2 3 -5 -6 -7 -8
leaf_value=-0.012067306651678922 0.0069501671715147088 -0.004916325836500487 -0.0051869771900841712 0.0053035904031893486 0.0013440069130444396 -0.0026886030847919785 -0.010876260084224465
leaf_weight=4.1882591526955366 7.7956726662814608 2.5277480110526085 8.3783057574182731 10.601817596703766 25.371372930705547 2.8533188030123702 2.6880109664052716
leaf_count=73 63 44 139 62 162 25 40
internal_value=-1.61045e-05 -0.000986003 7.59652e-05 0.00105767 -0.000287834 -0.00835782 -0.00813468
internal_weight=64.4045 56.6088 49.5673 44.3515 33.7497 7.04158 5.21576
internal_count=608 545 447 363 301 98 84
is_linear=0
shrinkage=0.01


Tree=285
num_leaves=8
num_cat=0
split_feature=1 7 5 6 4 3 5
split_gain=4.29521 4.37674 3.94732 2.49355 2.66778 1.46631 0.41005
threshold=1.2125000000000001 -0.38235294117647051 -0.63888888888888873 0.96286644951140088 1.0000000180025095e-35 -1.0000000180025095e-35 -0.88333333333333319
decision_type=2 2 2 2 2 2 2
left_child=1 5 6 4 -4 -1 -3
right_child=-2 2 3 -5 -6 -7 -8
leaf_value=-0.0120458724729346 0.006907815274255308 -0.0048829422095015432 -0.0051538536418585809 0.0052565416815529929 0.0013312116134236872 -0.0026630110643358408 -0.010813485133179155
leaf_weight=4.1541036479175091 7.7657967731356612 2.5203005559742451 8.3486232198774797 10.590693384408949 25.360102213919163 2.8528955951333037 2.6772142313420764
leaf_count=73 63 44 139 62 162 25 40
internal_value=-1.63549e-05 -0.000978523 7.49996e-05 0.00104834 -0.000285435 -0.00831687 -0.00808419
internal_weight=64.2697 56.5039 49.4969 44.2994 33.7087 7.007 5.19751
internal_count=608 545 447 363 301 98 84
is_linear=0
shrinkage=0.01


Tree=286
num_leaves=11
num_cat=0
split_feature=1 2 6 5 4 4 4 4 6 1
split_gain=4.24652 4.19101 4.08729 2.68584 2.98358 2.10388 1.88193 1.71517 1.52499 0.371231
threshold=0.26250000000000007 -0.71874999999999989 0.34527687296416948 -0.26111111111111102 1.485074626865672 0.2761194029850747 0.98880597014925387 0.89552238805970164 -0.31661237785016277 -0.26249999999999996
decision_type=2 2 2 2 2 2 2 2 2 2
left_child=1 9 7 -2 6 -4 -5 8 -3 -1
right_child=3 2 5 4 -6 -7 -8 -9 -10 -11
leaf_value=-0.012603376818790857 -0.0027465645094266462 -0.0030004687658578889 -0.00083160908788902654 0.0038487885752467839 -0.00043521148006194009 0.0069306021795468636 0.011010791046715523 6.1114185866688087e-05 -0.011546766966657105 -0.0071089088433459527
leaf_weight=2.9723629467189312 7.0975095666945007 4.1345180068165046 7.0969817191362363 8.9296519719064253 8.745716027915476 6.7376065514981747 6.3442066237330428 4.7090179324150077 4.3217961508780753 3.0467204190790644
leaf_count=50 53 71 68 58 45 38 68 39 85 33
internal_value=-1.66025e-05 -0.00251086 -0.000814225 0.00262968 0.0042231 0.00297129 0.00687589 -0.00478458 -0.00745216 -0.00998383
internal_weight=64.1361 33.019 26.9999 31.1171 24.0196 13.8346 15.2739 13.1653 8.45631 6.01908
internal_count=608 384 301 224 171 106 126 195 156 83
is_linear=0
shrinkage=0.01


Tree=287
num_leaves=10
num_cat=0
split_feature=1 4 4 2 6 2 0 4 6
split_gain=4.20641 4.21839 9.10713 3.57917 2.65088 2.2458 1.0546 0.81438 0.175614
threshold=0.93750000000000011 0.85074626865671654 1.0037313432835824 -0.71874999999999989 0.37263843648208478 0.68750000000000011 -1.0000000180025095e-35 1.3507462686567167 0.13680781758957655
decision_type=2 2 2 2 2 2 2 2 2
left_child=1 3 8 -1 5 -5 -6 -2 -3
right_child=7 2 -4 4 6 -7 -8 -9 -10
leaf_value=-0.011929478605050994 0.0074683817437077981 0.011154733965116461 -0.0032911125792243795 -0.0077890076750029248 -0.0018392506370512869 0.0016794138066473171 0.0041197340198778848 0.0022315489620520386 0.0077923291330990602
leaf_weight=4.4540180470794466 6.9230557382106763 4.5822183452546614 13.396309100091456 9.6308717802166957 5.7799840178340673 3.3314477056264868 5.9169373288750631 5.3485173210501671 4.6343818567693233
leaf_count=73 63 44 69 159 51 36 40 30 43
internal_value=-1.67287e-05 -0.00126735 0.00196817 -0.00377858 -0.00226411 -0.0053613 0.0011845 0.00522242 0.0095658
internal_weight=63.9977 51.7262 22.6129 29.1133 24.6592 12.9623 11.6969 12.2716 9.2166
internal_count=608 515 156 359 286 195 91 93 87
is_linear=0
shrinkage=0.01


Tree=288
num_leaves=9
num_cat=0
split_feature=5 7 3 4 4 5 5 0
split_gain=4.14968 3.54769 2.81327 2.61852 4.45493 3.40931 3.78158 1.05192
threshold=-0.63888888888888873 -0.32352941176470584 0.50000000000000011 0.98880597014925387 1.0895522388059702 0.66111111111111109 0.23888888888888918 -1.0000000180025095e-35
decision_type=2 2 2 2 2 2 2 2
left_child=7 2 -2 5 -5 6 -3 -1
right_child=1 3 -4 4 -6 -7 -8 -9
leaf_value=-0.010425837205493295 -0.010136930736500476 -0.0017566021082051242 0.00081103624519241499 0.010765353620036666 0.0013171744609934972 -0.0070755849533402325 0.0073198748701169781 -0.0031000694677850989
leaf_weight=3.8453049212694168 4.5941985286772233 11.577834721654659 4.6670673117041588 7.5130569711327579 14.584547981619833 5.4530003890395156 7.47410107217729 4.1374123096466056
leaf_count=69 61 120 31 97 73 43 57 57
internal_value=-1.64369e-05 0.000950941 -0.00467015 0.00207562 0.00456353 -0.000177304 0.00182374 -0.00671425
internal_weight=63.8465 55.8638 9.26127 46.6025 22.0976 24.5049 19.0519 7.98272
internal_count=608 482 92 390 170 220 177 126
is_linear=0
shrinkage=0.01


Tree=289
num_leaves=8
num_cat=0
split_feature=1 7 5 6 4 3 5
split_gain=4.14562 4.23601 3.7839 2.4356 2.53779 1.4362 0.408447
threshold=1.2125000000000001 -0.38235294117647051 -0.63888888888888873 0.96286644951140088 1.0000000180025095e-35 -1.0000000180025095e-35 -0.88333333333333319
decision_type=2 2 2 2 2 2 2
left_child=1 5 6 4 -4 -1 -3
right_child=-2 2 3 -5 -6 -7 -8
leaf_value=-0.011998507745785748 0.006820155781047256 -0.0047625662802818734 -0.0050756998946244296 0.0051911984048672198 0.0012785387356119967 -0.0026423930466465241 -0.010709305536588712
leaf_weight=4.059637039899826 7.6888511702418318 2.4871431104838848 8.2620168402791005 10.541131842881439 25.212441768497229 2.8250147346407166 2.6427847016602746
leaf_count=73 63 44 139 62 162 25 40
internal_value=-1.64838e-05 -0.000965134 7.03682e-05 0.00102368 -0.000300233 -0.00825216 -0.00797234
internal_weight=63.719 56.0302 49.1455 44.0156 33.4745 6.88465 5.12993
internal_count=608 545 447 363 301 98 84
is_linear=0
shrinkage=0.01


Tree=290
num_leaves=11
num_cat=0
split_feature=1 2 6 5 4 4 4 4 6 1
split_gain=4.09179 4.08897 3.97844 2.55756 2.92497 2.03613 1.8742 1.61204 1.53401 0.368527
threshold=0.26250000000000007 -0.71874999999999989 0.34527687296416948 -0.26111111111111102 1.485074626865672 0.2761194029850747 0.98880597014925387 0.89552238805970164 -0.31661237785016277 -0.23749999999999996
decision_type=2 2 2 2 2 2 2 2 2 2
left_child=1 9 7 -2 6 -4 -5 8 -3 -1
right_child=3 2 5 4 -6 -7 -8 -9 -10 -11
leaf_value=-0.012520168310991625 -0.0026650460912487038 -0.0028868384402369451 -0.00080858311863440079 0.0037870324490782924 -0.00046063338343202442 0.0068476334370622324 0.010980875043535163 -3.2631939144104721e-05 -0.011514942980821063 -0.00700671311053634
leaf_weight=2.9601057171821594 7.0731605626642731 4.0943914260715228 7.0720758978277427 8.8955535925924796 8.7210179418325406 6.6910546310245991 6.2149230539798728 4.6643779948353759 4.2381446622312104 2.9639424402266732
leaf_count=52 53 71 68 58 45 38 68 39 85 31
internal_value=-1.67296e-05 -0.00247972 -0.000800969 0.00258767 0.00415129 0.00293609 0.00679859 -0.00475055 -0.00735983 -0.00992376
internal_weight=63.5887 32.6841 26.76 30.9047 23.8315 13.7631 15.1105 12.9969 8.33254 5.92405
internal_count=608 384 301 224 171 106 126 195 156 83
is_linear=0
shrinkage=0.01


Tree=291
num_leaves=8
num_cat=0
split_feature=1 7 5 6 4 3 5
split_gain=4.05393 4.15699 3.68894 2.37308 2.45694 1.42194 0.405193
threshold=1.2125000000000001 -0.38235294117647051 -0.63888888888888873 0.96286644951140088 1.0000000180025095e-35 -1.0000000180025095e-35 -0.88333333333333319
decision_type=2 2 2 2 2 2 2
left_child=1 5 6 4 -4 -1 -3
right_child=-2 2 3 -5 -6 -7 -8
leaf_value=-0.011967809899217672 0.0067648830954493379 -0.0046939132438087137 -0.0050166197831427407 0.0051288127007977618 0.001253123428829979 -0.0026250949239479851 -0.01062993183078202
leaf_weight=4.0100029613822699 7.6423726826906195 2.4724713265895844 8.2047363016754371 10.515216905623673 25.168101713061333 2.8141909148544064 2.6263108514249316
leaf_count=73 63 44 139 62 162 25 40
internal_value=-1.68546e-05 -0.000955937 6.90684e-05 0.00101041 -0.00029868 -0.00820857 -0.00789713
internal_weight=63.4534 55.811 48.9868 43.8881 33.3728 6.82419 5.09878
internal_count=608 545 447 363 301 98 84
is_linear=0
shrinkage=0.01


Tree=292
num_leaves=10
num_cat=0
split_feature=1 4 4 2 1 9 4 7 6
split_gain=3.98996 3.9801 8.96005 3.50594 2.57749 2.85926 0.808847 0.61269 0.174889
threshold=0.93750000000000011 0.85074626865671654 1.0037313432835824 -0.71874999999999989 -0.56249999999999989 1.0000000180025095e-35 1.3507462686567167 -0.088235294117647037 0.13680781758957655
decision_type=2 2 2 2 2 2 2 2 2
left_child=1 3 8 -1 7 -6 -2 -5 -3
right_child=6 2 -4 4 5 -7 -8 -9 -10
leaf_value=-0.011861845477518056 0.007367098794848783 0.011132858722440004 -0.0032913000153508838 -0.004900501206126057 -0.0029866155640649022 0.0054100051101101301 0.0021253924794673021 -0.012653160981810171 0.0077504701859817263
leaf_weight=4.3538427539169815 6.8355931527912599 4.5036876238882559 13.347965396940706 2.1710767410695553 14.494848448783161 5.517222309485077 5.3067430257797241 2.2382520567625788 4.5557938143610954
leaf_count=73 63 44 69 47 158 44 30 37 43
internal_value=-1.70963e-05 -0.00124157 0.00191383 -0.00369682 -0.00219872 -0.000656322 0.00511231 -0.00902921 0.00953512
internal_weight=63.325 51.1827 22.4074 28.7752 24.4214 20.0121 12.1423 4.40933 9.05948
internal_count=608 515 156 359 286 202 93 84 87
is_linear=0
shrinkage=0.01


Tree=293
num_leaves=8
num_cat=0
split_feature=1 7 5 6 4 3 5
split_gain=3.93973 4.09955 3.61281 2.34063 2.38844 1.40751 0.401902
threshold=1.2125000000000001 -0.38235294117647051 -0.63888888888888873 0.96286644951140088 1.0000000180025095e-35 -1.0000000180025095e-35 -0.88333333333333319
decision_type=2 2 2 2 2 2 2
left_child=1 5 6 4 -4 -1 -3
right_child=-2 2 3 -5 -6 -7 -8
leaf_value=-0.011948988741369102 0.0066903486415660074 -0.0046404327465332067 -0.004966228881467841 0.0050987896921391119 0.0012316704270600547 -0.0026203685246960163 -0.010569699482052377
leaf_weight=3.9629526622593403 7.5942033156752577 2.4561250023543835 8.1534631010144931 10.493158318102358 25.110717579722404 2.8028799872845402 2.606803322210907
leaf_count=73 63 44 139 62 162 25 40
internal_value=-1.69803e-05 -0.000943708 7.3658e-05 0.00100496 -0.000297843 -0.00817888 -0.00783889
internal_weight=63.1803 55.5861 48.8203 43.7573 33.2642 6.76583 5.06293
internal_count=608 545 447 363 301 98 84
is_linear=0
shrinkage=0.01


Tree=294
num_leaves=11
num_cat=0
split_feature=1 2 6 5 4 4 1 4 6 1
split_gain=3.89953 3.99202 3.88128 2.43556 2.88294 1.96064 1.91896 1.54332 1.54011 0.362081
threshold=0.26250000000000007 -0.71874999999999989 0.34527687296416948 -0.26111111111111102 1.485074626865672 0.2761194029850747 0.71250000000000002 0.89552238805970164 -0.31661237785016277 -0.23749999999999996
decision_type=2 2 2 2 2 2 2 2 2 2
left_child=1 9 7 -2 6 -4 -5 8 -3 -1
right_child=3 2 5 4 -6 -7 -8 -9 -10 -11
leaf_value=-0.012462241186164845 -0.0026010319891015743 -0.0027910626010944112 -0.00076307829807274632 0.010034508321680444 -0.00051547205376353377 0.006771534348572107 0.0028196291916375775 -7.9802336024235583e-05 -0.011493092265996178 -0.0069513425336894122
leaf_weight=2.8975992798805237 7.0460667982697514 4.055445618927477 7.0338073316961509 7.9870058409869689 8.6865516081452352 6.6509438268840313 6.9709403552114964 4.6379637345671645 4.1578110121190583 2.9296182300895444
leaf_count=52 53 71 68 58 45 38 68 39 85 31
internal_value=-1.72209e-05 -0.0024353 -0.000774931 0.00253228 0.00406651 0.00292139 0.00671317 -0.00470316 -0.00728157 -0.00985567
internal_weight=63.0538 32.3632 26.536 30.6906 23.6445 13.6848 14.9579 12.8512 8.21326 5.82722
internal_count=608 384 301 224 171 106 126 195 156 83
is_linear=0
shrinkage=0.01


Tree=295
num_leaves=8
num_cat=0
split_feature=1 7 5 6 4 3 5
split_gain=3.87098 4.02299 3.51915 2.27892 2.31542 1.39206 0.398699
threshold=1.2125000000000001 -0.38235294117647051 -0.63888888888888873 0.96286644951140088 1.0000000180025095e-35 -1.0000000180025095e-35 -0.88333333333333319
decision_type=2 2 2 2 2 2 2
left_child=1 5 6 4 -4 -1 -3
right_child=-2 2 3 -5 -6 -7 -8
leaf_value=-0.01191878479309752 0.0066452685683294791 -0.0045724687099526198 -0.0049127587316515134 0.0050325592500851495 0.0012055084672564574 -0.0026077577529299944 -0.010490756478499277
leaf_weight=3.9150691796094179 7.5620503462851039 2.4418715815991163 8.1013361513614637 10.468010652810333 25.068863123655319 2.7916300743818274 2.5908086057752362
leaf_count=73 63 44 139 62 162 25 40
internal_value=-1.73867e-05 -0.000937539 6.93649e-05 0.000988477 -0.000299064 -0.00813837 -0.00776422
internal_weight=62.9396 55.3776 48.6709 43.6382 33.1702 6.7067 5.03268
internal_count=608 545 447 363 301 98 84
is_linear=0
shrinkage=0.01


Tree=296
num_leaves=10
num_cat=0
split_feature=1 4 4 2 1 9 4 7 6
split_gain=3.81212 3.81987 8.85613 3.43352 2.52399 2.77803 0.806126 0.618394 0.175484
threshold=0.93750000000000011 0.85074626865671654 1.0037313432835824 -0.71874999999999989 -0.56249999999999989 1.0000000180025095e-35 1.3507462686567167 -0.088235294117647037 0.13680781758957655
decision_type=2 2 2 2 2 2 2 2 2
left_child=1 3 8 -1 7 -6 -2 -5 -3
right_child=6 2 -4 4 5 -7 -8 -9 -10
leaf_value=-0.011806651688960295 0.0072754361889800917 0.011117537483466092 -0.0032889555556962456 -0.004800145074091937 -0.0029392683729178495 0.0053595587153741362 0.002026096600368974 -0.012639399625494568 0.007715190806854089
leaf_weight=4.267137628048661 6.7792010419070703 4.4564402922987956 13.315396711230276 2.1353299152106047 14.397388052195312 5.489775087684392 5.2705317661166191 2.2037224359810379 4.4998787865042686
leaf_count=73 63 44 69 47 158 44 30 37 43
internal_value=-1.76228e-05 -0.00121968 0.00187838 -0.00363937 -0.00215819 -0.000633056 0.00501496 -0.0089766 0.00951218
internal_weight=62.8148 50.7651 22.2717 28.4934 24.2262 19.8872 12.0497 4.33905 8.95632
internal_count=608 515 156 359 286 202 93 84 87
is_linear=0
shrinkage=0.01


Tree=297
num_leaves=8
num_cat=0
split_feature=1 7 5 6 4 3 5
split_gain=3.76159 3.9678 3.44645 2.24802 2.25069 1.37791 0.395451
threshold=1.2125000000000001 -0.38235294117647051 -0.63888888888888873 0.96286644951140088 1.0000000180025095e-35 -1.0000000180025095e-35 -0.88333333333333319
decision_type=2 2 2 2 2 2 2
left_child=1 5 6 4 -4 -1 -3
right_child=-2 2 3 -5 -6 -7 -8
leaf_value=-0.011900309523856407 0.0065713116358580292 -0.0045196703341297837 -0.0048629718375003692 0.0050033302770536494 0.0011847279574478682 -0.002603342193186033 -0.01043090442569628
leaf_weight=3.869260597974062 7.5153374001383773 2.4259442593902349 8.0514909550547582 10.446411672979592 25.012446973472834 2.7804385628551236 2.5717714577913275
leaf_count=73 63 44 139 62 162 25 40
internal_value=-1.75034e-05 -0.000925508 7.39116e-05 0.00098321 -0.000298187 -0.00810913 -0.00770648
internal_weight=62.6731 55.1578 48.5081 43.5103 33.0639 6.6497 4.99772
internal_count=608 545 447 363 301 98 84
is_linear=0
shrinkage=0.01


Tree=298
num_leaves=11
num_cat=0
split_feature=1 2 6 5 4 1 4 4 6 1
split_gain=3.71593 3.89788 3.7869 2.31717 2.83508 1.94202 1.88847 1.47756 1.5459 0.355772
threshold=0.26250000000000007 -0.71874999999999989 0.34527687296416948 -0.26111111111111102 1.485074626865672 0.71250000000000002 0.2761194029850747 0.89552238805970164 -0.31661237785016277 -0.23749999999999996
decision_type=2 2 2 2 2 2 2 2 2 2
left_child=1 9 7 -2 5 -5 -4 8 -3 -1
right_child=3 2 6 4 -6 -7 -8 -9 -10 -11
leaf_value=-0.012404946962516077 -0.0025379917267015807 -0.0026968167619319879 -0.00071896101584452258 0.009971307306008894 -0.00056770785433285867 0.0026843883027449127 0.0066967196728874726 -0.00012563908766585988 -0.011471816841963694 -0.0068967838079383925
leaf_weight=2.8368456047028303 7.0192934088408974 4.0177354961633664 6.9964473117142898 7.9259038306772727 8.6531921327114087 6.9013249278068542 6.6115470454096794 4.6120158620178691 4.0796253364533221 2.8961153682321301
leaf_count=52 53 71 68 58 45 68 38 39 85 31
internal_value=-1.77385e-05 -0.00239178 -0.00074956 0.00247666 0.00398016 0.00662032 0.00290657 -0.00465633 -0.00720386 -0.00978833
internal_weight=62.55 32.0503 26.3174 30.4997 23.4804 14.8272 13.608 12.7094 8.09736 5.73296
internal_count=608 384 301 224 171 126 106 195 156 83
is_linear=0
shrinkage=0.01


Tree=299
num_leaves=8
num_cat=0
split_feature=1 7 5 6 4 3 5
split_gain=3.6963 3.89394 3.3568 2.1886 2.18175 1.47758 0.392298
threshold=1.2125000000000001 -0.38235294117647051 -0.63888888888888873 0.96286644951140088 1.0000000180025095e-35 1.0000000180025095e-35 -0.88333333333333319
decision_type=2 2 2 2 2 2 2
left_child=1 5 6 4 -4 -1 -3
right_child=-2 2 3 -5 -6 -7 -8
leaf_value=-0.011868202811474443 0.006526943548349551 -0.0044524079731458419 -0.0048101950894155823 0.0049380639169907979 0.0011593949137410368 -0.0021565181392499849 -0.010352400722088562
leaf_weight=3.9518570508807889 7.4843897260725489 2.4120962768793106 8.000842818990348 10.42171413823962 24.971569493412971 2.6400312092155218 2.5562434997409573
leaf_count=75 63 44 139 62 162 23 40
internal_value=-1.7902e-05 -0.000919499 6.96361e-05 0.000966984 -0.000299306 -0.00806905 -0.00763236
internal_weight=62.4387 54.9544 48.3625 43.3941 32.9724 6.59189 4.96834
internal_count=608 545 447 363 301 98 84
is_linear=0
shrinkage=0.01


Tree=300
num_leaves=10
num_cat=0
split_feature=1 4 4 2 1 4 4 7 6
split_gain=3.64311 3.66704 8.75318 3.363 2.47202 2.7893 0.803138 0.623942 0.175998
threshold=0.93750000000000011 0.85074626865671654 1.0037313432835824 -0.71874999999999989 -0.56249999999999989 -1.0000000180025095e-35 1.3507462686567167 -0.088235294117647037 0.13680781758957655
decision_type=2 2 2 2 2 2 2 2 2
left_child=1 3 8 -1 7 -6 -2 -5 -3
right_child=6 2 -4 4 5 -7 -8 -9 -10
leaf_value=-0.011752057963136404 0.0071850702990081672 0.011102407938117046 -0.0032858837727034003 -0.0047009642028631596 0.0047641036132244855 -0.0032086974199647669 0.0019293771028306007 -0.012625844939640153 0.0076805437669094003
leaf_weight=4.1830250546336201 6.7247973270714265 4.4099766872823256 13.283222019672392 2.1007959488779306 6.4141910783946576 13.350061293691391 5.235474169254303 2.170118976384404 4.4448854215443134
leaf_count=73 63 44 69 47 48 154 30 37 43
internal_value=-1.81269e-05 -0.00119831 0.00184382 -0.00358304 -0.00211852 -0.000610287 0.00491952 -0.00892445 0.00948968
internal_weight=62.3165 50.3563 22.1381 28.2182 24.0352 19.7643 11.9603 4.27091 8.85486
internal_count=608 515 156 359 286 202 93 84 87
is_linear=0
shrinkage=0.01


Tree=301
num_leaves=8
num_cat=0
split_feature=1 7 5 6 4 3 5
split_gain=3.59141 3.84542 3.29451 2.14649 2.13258 1.46248 0.387739
threshold=1.2125000000000001 -0.38235294117647051 -0.63888888888888873 0.96286644951140088 1.0000000180025095e-35 1.0000000180025095e-35 -0.88333333333333319
decision_type=2 2 2 2 2 2 2
left_child=1 5 6 4 -4 -1 -3
right_child=-2 2 3 -5 -6 -7 -8
leaf_value=-0.011850816501441444 0.0064535757353817612 -0.0044116016912550526 -0.0047678882157122463 0.0048992760532611127 0.0011486487932637201 -0.0021558154687226026 -0.010293412683275036
leaf_weight=3.9088024049997321 7.4390893727540961 2.3996189050376415 7.9532343074679366 10.403077829629181 24.921703401952982 2.6292005199939013 2.5385339315980664
leaf_count=75 63 44 139 62 162 23 40
internal_value=-1.80162e-05 -0.000907431 7.48169e-05 0.000963661 -0.000292822 -0.00804327 -0.00757953
internal_weight=62.1933 54.7542 48.2162 43.278 32.8749 6.538 4.93815
internal_count=608 545 447 363 301 98 84
is_linear=0
shrinkage=0.01


Tree=302
num_leaves=12
num_cat=0
split_feature=1 2 6 5 4 1 0 6 6 7 1
split_gain=3.55377 3.80275 3.682 2.20951 2.79338 1.96712 1.88021 1.47835 1.84985 0.663373 0.349557
threshold=0.26250000000000007 -0.71874999999999989 0.34527687296416948 -0.26111111111111102 1.485074626865672 0.71250000000000002 -1.0000000180025095e-35 -0.23192182410423451 -0.45863192182410417 -1.0000000180025095e-35 -0.23749999999999996
decision_type=2 2 2 2 2 2 2 2 2 2 2
left_child=1 10 7 -2 5 -5 -4 8 -3 -9 -1
right_child=3 2 6 4 -6 -7 -8 9 -10 -11 -12
leaf_value=-0.01234824438018237 -0.0024778170688893033 -0.0066477014686574763 -0.00060836792672320627 0.0099172089547926948 -0.00061763836052244826 0.0025560098978447544 0.0068230638937802606 -0.011937110905531494 0.0034434623267970972 -0.0047578121526297588 -0.006843304474651756
leaf_weight=2.7778683453798294 6.9936304576694992 3.4837689157575396 7.2308057192713022 7.8702885061502474 8.6209174841642362 6.8356743566691875 6.3089156243950111 2.7133208736777306 3.5934562310576439 2.7805038914084426 2.8635174613446024
leaf_count=52 53 53 58 58 45 68 48 45 58 39 31
internal_value=-1.82404e-05 -0.0023528 -0.000729652 0.00242624 0.00390083 0.00653593 0.00287899 -0.00460841 -0.00154733 -0.00845358 -0.00972185
internal_weight=62.0727 31.7522 26.1108 30.3205 23.3269 14.706 13.5397 12.571 7.07723 5.49382 5.64139
internal_count=608 384 301 224 171 126 106 195 111 84 83
is_linear=0
shrinkage=0.01


Tree=303
num_leaves=8
num_cat=0
split_feature=1 7 5 6 4 3 5
split_gain=3.52927 3.76579 3.21388 2.08467 2.08563 1.45209 0.38279
threshold=1.2125000000000001 -0.38235294117647051 -0.63888888888888873 0.96286644951140088 1.0000000180025095e-35 1.0000000180025095e-35 -0.88333333333333319
decision_type=2 2 2 2 2 2 2
left_child=1 5 6 4 -4 -1 -3
right_child=-2 2 3 -5 -6 -7 -8
leaf_value=-0.011821069117454919 0.0064099158086057739 -0.0043566504612807715 -0.0047296888643370023 0.0048292287075268987 0.0011322404547631259 -0.0021264250249781887 -0.010211659128851804
leaf_weight=3.8622956387698641 7.4092978611588469 2.3892999291419983 7.9173334185034028 10.382863629609345 24.886978600174189 2.6176858767867088 2.5259005296975365
leaf_count=75 63 44 139 62 162 23 40
internal_value=-1.84799e-05 -0.000901231 6.92105e-05 0.000947069 -0.000292613 -0.00799661 -0.00750913
internal_weight=61.9917 54.5824 48.1024 43.1872 32.8043 6.47998 4.9152
internal_count=608 545 447 363 301 98 84
is_linear=0
shrinkage=0.01


Tree=304
num_leaves=10
num_cat=0
split_feature=1 4 4 2 1 4 4 7 6
split_gain=3.48199 3.55599 8.62986 3.28671 2.42338 2.76461 0.799916 0.627306 0.175069
threshold=0.93750000000000011 0.85074626865671654 1.0037313432835824 -0.71874999999999989 -0.56249999999999989 -1.0000000180025095e-35 1.3507462686567167 -0.088235294117647037 0.13680781758957655
decision_type=2 2 2 2 2 2 2 2 2
left_child=1 3 8 -1 7 -6 -2 -5 -3
right_child=6 2 -4 4 5 -7 -8 -9 -10
leaf_value=-0.011698055146813364 0.0070960055664788108 0.011086580301649329 -0.0032608409331440318 -0.0046166737757862069 0.0047568362676412394 -0.0031959212248212159 0.0018351399569015057 -0.012609152041291998 0.007655072217829623
leaf_weight=4.101406047120693 6.6722912788391096 4.3655646778643149 13.251502253115175 2.0687638912349939 6.3933379445225063 13.280176047235722 5.2015294954180717 2.1433069594204452 4.3945867605507374
leaf_count=73 63 44 69 47 48 154 30 37 43
internal_value=-1.86991e-05 -0.00117656 0.00182606 -0.0035362 -0.00209179 -0.000600513 0.00482597 -0.00888174 0.00947097
internal_weight=61.8725 49.9986 22.0117 27.987 23.8856 19.6735 11.8738 4.21207 8.76015
internal_count=608 515 156 359 286 202 93 84 87
is_linear=0
shrinkage=0.01


Tree=305
num_leaves=8
num_cat=0
split_feature=1 7 5 6 4 3 5
split_gain=3.42882 3.71925 3.1543 2.0446 2.03875 1.43719 0.378311
threshold=1.2125000000000001 -0.38235294117647051 -0.63888888888888873 0.96286644951140088 1.0000000180025095e-35 1.0000000180025095e-35 -0.88333333333333319
decision_type=2 2 2 2 2 2 2
left_child=1 5 6 4 -4 -1 -3
right_child=-2 2 3 -5 -6 -7 -8
leaf_value=-0.011804004543383652 0.0063371495138219722 -0.0043165921272505089 -0.0046879059275695776 0.0047913695462438663 0.0011219102547119395 -0.0021261744026636604 -0.01015312937499052
leaf_weight=3.8203418888151637 7.3653673827648154 2.3771187178790569 7.8709181714802972 10.364522550255058 24.837821457535028 2.6069600842893124 2.5085725970566264
leaf_count=75 63 44 139 62 162 23 40
internal_value=-1.85842e-05 -0.000889373 7.43377e-05 0.000943882 -0.000286171 -0.00797132 -0.00745692
internal_weight=61.7516 54.3863 47.959 43.0733 32.7087 6.4273 4.88569
internal_count=608 545 447 363 301 98 84
is_linear=0
shrinkage=0.01


Tree=306
num_leaves=12
num_cat=0
split_feature=1 2 6 4 4 0 0 6 6 7 1
split_gain=3.3984 3.71165 3.57703 2.13152 2.83116 4.30178 1.84338 1.46682 1.81286 0.656869 0.343477
threshold=0.26250000000000007 -0.71874999999999989 0.34527687296416948 1.485074626865672 0.98880597014925387 1.0000000180025095e-35 -1.0000000180025095e-35 -0.23192182410423451 -0.45863192182410417 -1.0000000180025095e-35 -0.23749999999999996
decision_type=2 2 2 2 2 2 2 2 2 2 2
left_child=1 10 7 4 5 -2 -4 8 -3 -9 -1
right_child=3 2 6 -5 -6 -7 -8 9 -10 -11 -12
leaf_value=-0.012292162384101022 0.0064482512716663252 -0.0065701559443474044 -0.00060984134762591619 -0.0014867826448344856 0.0089229905527003217 -0.005148367866205498 0.0067625890228012056 -0.011906620118564509 0.003463483286034779 -0.0047254105962169796 -0.0067905986889968432
leaf_weight=2.7205226290971041 7.0604433044791275 3.4505104124546078 7.205605523660779 9.6535570621490461 7.7460964955389491 5.6855263784527779 6.2820477411150915 2.6729303039610386 3.5629248507320881 2.762135809287428 2.8316962867975262
leaf_count=52 47 53 58 51 81 45 48 45 58 39 31
internal_value=-1.88027e-05 -0.00231276 -0.000709706 0.00237706 0.00419564 0.0012756 0.00284846 -0.00455687 -0.00149589 -0.00840839 -0.00965608
internal_weight=61.634 31.4884 25.9362 30.1456 20.4921 12.746 13.4877 12.4485 7.01344 5.43507 5.55222
internal_count=608 384 301 224 173 92 106 195 111 84 83
is_linear=0
shrinkage=0.01


Tree=307
num_leaves=9
num_cat=0
split_feature=5 7 3 4 4 5 5 0
split_gain=3.3661 3.02313 2.49375 2.262 4.39074 3.50321 3.68097 1.10866
threshold=-0.63888888888888873 -0.32352941176470584 0.50000000000000011 0.98880597014925387 1.0895522388059702 0.66111111111111109 0.23888888888888918 -1.0000000180025095e-35
decision_type=2 2 2 2 2 2 2 2
left_child=7 2 -2 5 -5 6 -3 -1
right_child=1 3 -4 4 -6 -7 -8 -9
leaf_value=-0.010269807663726203 -0.0098766132931550031 -0.0017349211896096506 0.00071012050889563696 0.010701334130113318 0.0010699248429937164 -0.0072631575969283159 0.0073254451010036619 -0.0025259618285637629
leaf_weight=3.5228378567844629 4.2630932070314866 11.293612701818352 4.5149446185678244 6.9810121431946781 14.353983983397482 5.3564308397471896 7.3052530363202086 3.9546695332974187
leaf_count=69 61 120 31 97 73 43 57 57
internal_value=-1.90348e-05 0.00085427 -0.00448471 0.00189666 0.00425663 -0.000214138 0.00184395 -0.00626166
internal_weight=61.5458 54.0683 8.77804 45.2903 21.335 23.9553 18.5989 7.47751
internal_count=608 482 92 390 170 220 177 126
is_linear=0
shrinkage=0.01


Tree=308
num_leaves=8
num_cat=0
split_feature=1 7 5 6 4 3 5
split_gain=3.34966 3.60864 3.05957 1.99725 1.97962 1.42073 0.37651
threshold=1.2125000000000001 -0.38235294117647051 -0.63888888888888873 0.96286644951140088 1.0000000180025095e-35 1.0000000180025095e-35 -0.88333333333333319
decision_type=2 2 2 2 2 2 2
left_child=1 5 6 4 -4 -1 -3
right_child=-2 2 3 -5 -6 -7 -8
leaf_value=-0.011764206733092527 0.006285190168405546 -0.0042409329343013266 -0.0046457089316065308 0.0047300119779145932 0.0010926974814243183 -0.0020922802849567095 -0.010080828521821621
leaf_weight=3.7515349909663191 7.314292609691619 2.3578050397336483 7.8296604454517356 10.335080292075871 24.759952124208212 2.5920845009386539 2.488103423267602
leaf_count=75 63 44 139 62 162 23 40
internal_value=-1.90587e-05 -0.000881188 6.62192e-05 0.000922344 -0.00029595 -0.00790594 -0.00738259
internal_weight=61.4285 54.1142 47.7706 42.9247 32.5896 6.34362 4.84591
internal_count=608 545 447 363 301 98 84
is_linear=0
shrinkage=0.01


Tree=309
num_leaves=12
num_cat=0
split_feature=1 2 6 4 4 0 6 6 6 7 1
split_gain=3.31112 3.639 3.49705 2.1029 2.77962 4.24812 1.86233 1.45186 1.77497 0.649278 0.338975
threshold=0.26250000000000007 -0.71874999999999989 0.34527687296416948 1.485074626865672 0.98880597014925387 1.0000000180025095e-35 0.85211726384364817 -0.23192182410423451 -0.45863192182410417 -1.0000000180025095e-35 -0.23749999999999996
decision_type=2 2 2 2 2 2 2 2 2 2 2
left_child=1 10 7 4 5 -2 -4 8 -3 -9 -1
right_child=3 2 6 -5 -6 -7 -8 9 -10 -11 -12
leaf_value=-0.012240766170193729 0.0064254439964192599 -0.0065130910299430198 0.0078292636154777846 -0.0014898754030994038 0.0088827814799297255 -0.0051073579615520436 7.2873273327412168e-05 -0.011884314523023937 0.0034444818314392977 -0.0047123758790747726 -0.0067479574198628994
leaf_weight=2.6844172030687332 7.0419626124203258 3.425919400528076 4.6913310103118411 9.6332543790340406 7.6569706276059142 5.6818138286471367 8.7516605015844089 2.6363791134208441 3.5452112797647715 2.7507685180753461 2.8131467066705254
leaf_count=52 47 53 45 51 81 45 61 45 58 39 31
internal_value=-1.92724e-05 -0.00229137 -0.000702862 0.00234982 0.00416313 0.00127579 0.00281752 -0.00452411 -0.00147201 -0.00837482 -0.00960082
internal_weight=61.3128 31.2988 25.8013 30.014 20.3807 12.7238 13.443 12.3583 6.97113 5.38715 5.49756
internal_count=608 384 301 224 173 92 106 195 111 84 83
is_linear=0
shrinkage=0.01


Tree=310
num_leaves=8
num_cat=0
split_feature=1 7 5 6 4 3 5
split_gain=3.27407 3.55163 3.00769 1.95308 1.93802 1.40901 0.375165
threshold=1.2125000000000001 -0.38235294117647051 -0.63888888888888873 0.96286644951140088 1.0000000180025095e-35 1.0000000180025095e-35 -0.88333333333333319
decision_type=2 2 2 2 2 2 2
left_child=1 5 6 4 -4 -1 -3
right_child=-2 2 3 -5 -6 -7 -8
leaf_value=-0.011741856296923189 0.0062324736561308594 -0.0041976552192127424 -0.0046072327506080403 0.0046819019484429149 0.001081376817017597 -0.0020745010736637755 -0.010037697104434766
leaf_weight=3.7109988741576663 7.2713553830981246 2.3472642935812473 7.7928423080593339 10.323014255613087 24.731383543461561 2.5784457139670849 2.4748974721878758
leaf_count=75 63 44 139 62 162 23 40
internal_value=-1.9472e-05 -0.000871939 6.6332e-05 0.000914784 -0.000291565 -0.00787308 -0.007338
internal_weight=61.2302 53.9588 47.6694 42.8472 32.5242 6.28944 4.82216
internal_count=608 545 447 363 301 98 84
is_linear=0
shrinkage=0.01


Tree=311
num_leaves=10
num_cat=0
split_feature=1 4 4 2 1 4 4 7 6
split_gain=3.22755 3.34293 8.45038 3.19816 2.37789 2.74912 0.780803 0.633967 0.171041
threshold=0.93750000000000011 0.85074626865671654 1.0037313432835824 -0.71874999999999989 -0.56249999999999989 -0.074626865671641771 1.3507462686567167 -0.088235294117647037 0.13680781758957655
decision_type=2 2 2 2 2 2 2 2 2
left_child=1 3 8 -1 7 -6 -2 -5 -3
right_child=6 2 -4 4 5 -7 -8 -9 -10
leaf_value=-0.011628559679829339 0.0069439775499701055 0.011060298660844585 -0.0032390900204596418 -0.0044819340580680694 0.0053072551016862916 -0.0029277088196113694 0.00171664602298065 -0.01258579030502339 0.0076252501447507531
leaf_weight=3.9776157187297967 6.5570371747016889 4.2853019461035746 13.183805122971533 2.0166312791407108 5.6032439619302812 13.922951370477671 5.1553149297833443 2.1102217156440046 4.3037038631737232
leaf_count=73 63 44 69 47 44 158 30 37 43
internal_value=-1.9682e-05 -0.00114038 0.00178553 -0.00344411 -0.0020246 -0.0005496 0.00467712 -0.00882548 0.00944666
internal_weight=61.1158 49.4035 21.7728 27.6307 23.653 19.5262 11.7124 4.12685 8.58901
internal_count=608 515 156 359 286 202 93 84 87
is_linear=0
shrinkage=0.01


Tree=312
num_leaves=9
num_cat=0
split_feature=5 7 3 4 4 5 5 0
split_gain=3.21139 2.89215 2.40617 2.16336 4.33674 3.46151 3.62046 1.10902
threshold=-0.63888888888888873 -0.32352941176470584 0.50000000000000011 0.98880597014925387 1.0895522388059702 0.66111111111111109 0.23888888888888918 -1.0000000180025095e-35
decision_type=2 2 2 2 2 2 2 2
left_child=7 2 -2 5 -5 6 -3 -1
right_child=1 3 -4 4 -6 -7 -8 -9
leaf_value=-0.010228714647418815 -0.0097900168245136886 -0.0017197965627869158 0.00068223450234831658 0.010679205067742401 0.0010260870414096231 -0.0072294862701524397 0.007282076788165494 -0.002424018539917602
leaf_weight=3.4472468188032508 4.1790598724037391 11.242477973923092 4.4779146462678909 6.8158049508929279 14.306130170822142 5.3379180263727894 7.2828324865549794 3.910357851535081
leaf_count=69 61 120 31 97 73 43 57 57
internal_value=-1.95472e-05 0.000833808 -0.0044272 0.00185381 0.00417668 -0.000211063 0.0018392 -0.00616887
internal_weight=60.9997 53.6421 8.65697 44.9852 21.1219 23.8632 18.5253 7.3576
internal_count=608 482 92 390 170 220 177 126
is_linear=0
shrinkage=0.01


Tree=313
num_leaves=13
num_cat=0
split_feature=1 2 6 4 0 3 6 6 6 6 7 1
split_gain=3.19693 3.55435 3.42979 2.05749 2.76671 4.26826 1.83571 1.43389 1.72738 0.820096 0.635309 0.334029
threshold=0.26250000000000007 -0.71874999999999989 0.34527687296416948 1.485074626865672 1.0000000180025095e-35 0.50000000000000011 0.85211726384364817 -0.23192182410423451 -0.45863192182410417 0.15244299674267106 -1.0000000180025095e-35 -0.23749999999999996
decision_type=2 2 2 2 2 2 2 2 2 2 2 2
left_child=1 11 7 4 9 -6 -4 8 -3 -2 -9 -1
right_child=3 2 6 -5 5 -7 -8 10 -10 -11 -12 -13
leaf_value=-0.012196217818282194 0.004397771759045762 -0.0064539972526084163 0.0077862442888595113 -0.001485823991821415 -0.0075472715636839072 0.0061171005580471739 6.8073775163393987e-05 -0.011854793094672276 0.0034119024318054027 0.0099520940708712254 -0.0047162126108525335 -0.0067013197651633232
leaf_weight=2.6329425126314163 5.227443449199205 3.3931834492832449 4.6654966678470364 9.6103173792362195 4.0410947799682599 5.002872746437788 8.7261160314083082 2.5971624031662941 3.5161707811057568 5.9602198675274849 2.7302955277264109 2.7818224746733931
leaf_count=52 41 53 45 51 40 51 61 45 58 41 39 31
internal_value=-1.95658e-05 -0.00226268 -0.000692751 0.0023136 0.00411682 -4.28492e-06 0.00279478 -0.00450113 -0.00145619 0.00741879 -0.00835061 -0.00954593
internal_weight=60.8851 31.0432 25.6284 29.8419 20.2316 9.04397 13.3916 12.2368 6.90935 11.1877 5.32746 5.41476
internal_count=608 384 301 224 173 91 106 195 111 82 84 83
is_linear=0
shrinkage=0.01


Tree=314
num_leaves=8
num_cat=0
split_feature=1 7 5 6 4 3 5
split_gain=3.17043 3.45441 2.90725 1.91691 1.87561 1.384 0.373713
threshold=1.2125000000000001 -0.38235294117647051 -0.63888888888888873 0.96286644951140088 1.0000000180025095e-35 1.0000000180025095e-35 -0.88333333333333319
decision_type=2 2 2 2 2 2 2
left_child=1 5 6 4 -4 -1 -3
right_child=-2 2 3 -5 -6 -7 -8
leaf_value=-0.011706851925993024 0.0061587279263035609 -0.0041111148241398986 -0.0045645682647418055 0.0046348455774808993 0.0010504984116486596 -0.002058961028077969 -0.0099627761401946055
leaf_weight=3.6372744981199494 7.2102771401405326 2.3231756985187531 7.7351096067577592 10.286809135228394 24.615147262811661 2.5530762858688831 2.4482737900689235
leaf_count=75 63 44 139 62 162 23 40
internal_value=-1.97268e-05 -0.000860792 6.29519e-05 0.000897127 -0.000302021 -0.00782378 -0.00725653
internal_weight=60.8091 53.5989 47.4085 42.6371 32.3503 6.19035 4.77145
internal_count=608 545 447 363 301 98 84
is_linear=0
shrinkage=0.01


Tree=315
num_leaves=8
num_cat=0
split_feature=1 7 5 6 4 3 5
split_gain=3.11843 3.40519 2.85951 1.88097 1.84381 1.37989 0.368638
threshold=1.2125000000000001 -0.38235294117647051 -0.63888888888888873 0.96286644951140088 1.0000000180025095e-35 1.0000000180025095e-35 -0.88333333333333319
decision_type=2 2 2 2 2 2 2
left_child=1 5 6 4 -4 -1 -3
right_child=-2 2 3 -5 -6 -7 -8
leaf_value=-0.011687773064581866 0.0061185355866231828 -0.0040815203545441483 -0.0045336993488266303 0.0045932937308655322 0.0010403910075407379 -0.0020392277384957947 -0.0099020220749036977
leaf_weight=3.6070943595841518 7.1858443878591052 2.3173748068511486 7.7107021268457165 10.277020815759895 24.606754124164581 2.5529724024236202 2.4393208762630811
leaf_count=75 63 44 139 62 162 23 40
internal_value=-1.99344e-05 -0.000854124 6.21068e-05 0.000889061 -0.000299428 -0.00778549 -0.00720881
internal_weight=60.6971 53.5112 47.3512 42.5945 32.3175 6.16007 4.7567
internal_count=608 545 447 363 301 98 84
is_linear=0
shrinkage=0.01


Tree=316
num_leaves=13
num_cat=0
split_feature=1 2 6 4 0 3 6 6 6 6 7 1
split_gain=3.087 3.48419 3.32327 2.04736 2.72595 4.2015 1.84674 1.42511 1.70276 0.807167 0.635714 0.423221
threshold=0.26250000000000007 -0.71874999999999989 0.34527687296416948 1.485074626865672 1.0000000180025095e-35 0.50000000000000011 0.85211726384364817 -0.23192182410423451 -0.45863192182410417 0.15244299674267106 -1.0000000180025095e-35 -0.21249999999999999
decision_type=2 2 2 2 2 2 2 2 2 2 2 2
left_child=1 11 7 4 9 -6 -4 8 -3 -2 -9 -1
right_child=3 2 6 -5 5 -7 -8 10 -10 -11 -12 -13
leaf_value=-0.012213921424991865 0.0043667235842863921 -0.0063813032526225189 0.0077728987078976965 -0.0015178926131561245 -0.007501122535773919 0.0060804850364993028 2.0783931071268838e-05 -0.011832468848990986 0.0034414721287240012 0.0098916621439234555 -0.0046674614763334036 -0.0061416288738007224
leaf_weight=2.802204797975719 5.2066213153302723 3.3703265395015505 4.6492289137095204 9.5805381312966329 4.0332579016685468 4.9737329445779324 8.7083467412739974 2.5621563922613859 3.4990495592355728 5.9207269437611103 2.72229897417128 2.5575040457770255
leaf_count=54 41 53 45 51 40 51 61 45 58 41 39 29
internal_value=-2.01394e-05 -0.00223119 -0.000676795 0.00227672 0.0040809 -1.68351e-05 0.00275669 -0.00444204 -0.00140029 0.0073684 -0.00829663 -0.00948195
internal_weight=60.586 30.8711 25.5114 29.7149 20.1343 9.00699 13.3576 12.1538 6.86938 11.1273 5.28446 5.35971
internal_count=608 384 301 224 173 91 106 195 111 82 84 83
is_linear=0
shrinkage=0.01


Tree=317
num_leaves=8
num_cat=0
split_feature=1 7 5 6 4 3 5
split_gain=3.05918 3.34695 2.80476 1.83479 1.80837 1.37121 0.367415
threshold=1.2125000000000001 -0.38235294117647051 -0.63888888888888873 0.96286644951140088 1.0000000180025095e-35 1.0000000180025095e-35 -0.88333333333333319
decision_type=2 2 2 2 2 2 2
left_child=1 5 6 4 -4 -1 -3
right_child=-2 2 3 -5 -6 -7 -8
leaf_value=-0.011666893641836148 0.0060755119650876266 -0.0040325948307555334 -0.0045009745820745999 0.0045397276224753346 0.0010294119003682908 -0.0020151135574083667 -0.0098528619649524279
leaf_weight=3.5679262680932871 7.1497004814445964 2.3069538865238428 7.6756747290492049 10.261375229805706 24.580890189856291 2.5408050399273634 2.4272608775645486
leaf_count=75 63 44 139 62 162 23 40
internal_value=-2.02885e-05 -0.000846887 5.99653e-05 0.000878656 -0.000296426 -0.00774954 -0.00715877
internal_weight=60.5106 53.3609 47.2522 42.5179 32.2566 6.10873 4.73421
internal_count=608 545 447 363 301 98 84
is_linear=0
shrinkage=0.01


Tree=318
num_leaves=8
num_cat=0
split_feature=2 4 7 1 2 4 3
split_gain=3.02572 3.92703 2.70136 1.7164 2.71907 2.99098 1.30776
threshold=-0.71874999999999989 0.94776119402985082 -0.38235294117647051 -0.56249999999999989 -1.0000000180025095e-35 1.3507462686567167 0.35714285714285715
decision_type=2 2 2 2 2 2 2
left_child=1 -1 -2 -4 6 -6 -5
right_child=2 -3 3 4 5 -7 -8
leaf_value=-0.011756545593546169 -0.0065429971896100083 0.0013467405614076592 -0.0042889353692812625 0.0085993475485945572 0.0023821596180993647 -0.0049364300183053159 0.002497831326185329
leaf_weight=4.5555835766717774 4.3368152026087037 4.4596949480473995 4.3633835557848206 7.5832230281084723 20.915817355737097 7.5055405646562567 6.6806470118463039
leaf_count=78 67 26 69 60 222 40 46
internal_value=-2.049e-05 -0.00533092 0.00091974 0.00162005 0.0022327 0.000438928 0.00577892
internal_weight=60.4007 9.01528 51.3854 47.0486 42.6852 28.4214 14.2639
internal_count=608 104 504 437 368 262 106
is_linear=0
shrinkage=0.01


Tree=319
num_leaves=8
num_cat=0
split_feature=1 7 5 6 4 3 5
split_gain=2.99897 3.25392 2.75462 1.79423 1.77449 1.37618 0.361865
threshold=1.2125000000000001 -0.38235294117647051 -0.63888888888888873 0.96286644951140088 1.0000000180025095e-35 1.0000000180025095e-35 -0.88333333333333319
decision_type=2 2 2 2 2 2 2
left_child=1 5 6 4 -4 -1 -3
right_child=-2 2 3 -5 -6 -7 -8
leaf_value=-0.011640390796749172 0.0060263943190403584 -0.0040084505339120398 -0.0044727645910218614 0.0044864592469010083 0.0010136099091468667 -0.001944971142516512 -0.0097946905646587954
leaf_weight=3.5198820736259213 7.123392902314662 2.301783874630928 7.6479622181504956 10.248803101480005 24.55891091004014 2.5372132901102304 2.4164630351588121
leaf_count=75 63 44 139 62 162 23 40
internal_value=-2.05337e-05 -0.000839518 5.27517e-05 0.000864025 -0.000299017 -0.0076767 -0.00711367
internal_weight=60.3544 53.231 47.1739 42.4557 32.2069 6.0571 4.71825
internal_count=608 545 447 363 301 98 84
is_linear=0
shrinkage=0.01


Tree=320
num_leaves=9
num_cat=0
split_feature=4 4 2 9 3 3 3 1
split_gain=2.96217 9.23625 3.02494 2.25783 2.43014 2.70252 1.90821 0.294161
threshold=0.98880597014925387 1.0037313432835824 -0.71874999999999989 1.0000000180025095e-35 -1.0714285714285712 -1.0000000180025095e-35 1.0714285714285716 0.037500000000000012
decision_type=2 2 2 2 2 2 2 2
left_child=2 -2 7 4 -4 -6 -3 -1
right_child=1 6 3 -5 5 -7 -8 -9
leaf_value=-0.011497858510568946 0.010901121414327496 -0.0041745203050042182 0.0039320027288481888 0.0041547195014685484 -0.0092012427677818608 -0.00087636118116242543 0.0023072399087427603 -0.0061801918724789422
leaf_weight=2.5793078485876313 8.6314714662730712 11.109443843364717 4.6586969066411319 6.9901244360953561 6.3992275083437624 9.8084992729127354 7.5520701110362998 2.5169107280671597
leaf_count=59 109 66 56 58 125 76 37 22
internal_value=-2.07318e-05 0.00241098 -0.00203599 -0.000726689 -0.00237395 -0.00419951 -0.00155312 -0.00904106
internal_weight=60.2458 27.293 32.9528 27.8565 20.8664 16.2077 18.6615 5.09622
internal_count=608 212 396 315 257 201 103 81
is_linear=0
shrinkage=0.01


Tree=321
num_leaves=13
num_cat=0
split_feature=1 2 6 4 0 3 0 6 6 6 7 1
split_gain=2.956 3.33926 3.22269 2.00255 2.71092 4.11525 1.79281 1.41209 1.66788 0.797016 0.623017 0.417433
threshold=0.26250000000000007 -0.71874999999999989 0.34527687296416948 1.485074626865672 1.0000000180025095e-35 0.50000000000000011 -1.0000000180025095e-35 -0.23192182410423451 -0.45863192182410417 0.15244299674267106 -1.0000000180025095e-35 -0.21249999999999999
decision_type=2 2 2 2 2 2 2 2 2 2 2 2
left_child=1 11 7 4 9 -6 -4 8 -3 -2 -9 -1
right_child=3 2 6 -5 5 -7 -8 10 -10 -11 -12 -13
leaf_value=-0.012130667883222084 0.0043266586878527484 -0.0063206640748142973 -0.00072428620781625713 -0.0015219009925097338 -0.0074886826188945614 0.0060037863258457069 0.0065942115235011409 -0.011803182673356297 0.0034412992539684458 0.0098376938424771382 -0.0046675290340682622 -0.0060490946364448305
leaf_weight=2.725502997636795 5.1706699244678074 3.3402434177696732 7.1121804397553205 9.5541257858276349 4.014112286269663 4.9174421019852161 6.1936218924820405 2.5212506121024489 3.4707623384892941 5.8686837665736675 2.7062532752752295 2.5285808015614775
leaf_count=54 41 53 58 51 40 51 48 45 58 41 39 29
internal_value=-2.07177e-05 -0.00219529 -0.00067662 0.00223271 0.00402756 -7.5915e-05 0.00270613 -0.00440696 -0.00136833 0.00731842 -0.00826604 -0.0093715
internal_weight=60.1234 30.5984 25.3443 29.525 19.9709 8.93155 13.3058 12.0385 6.81101 11.0394 5.2275 5.25408
internal_count=608 384 301 224 173 91 106 195 111 82 84 83
is_linear=0
shrinkage=0.01


Tree=322
num_leaves=8
num_cat=0
split_feature=1 7 5 6 4 3 5
split_gain=2.93968 3.1855 2.68299 1.74027 1.74628 1.35278 0.360983
threshold=1.2125000000000001 -0.38235294117647051 -0.63888888888888873 0.96286644951140088 1.0895522388059702 1.0000000180025095e-35 -0.88333333333333319
decision_type=2 2 2 2 2 2 2
left_child=1 5 6 4 -4 -1 -3
right_child=-2 2 3 -5 -6 -7 -8
leaf_value=-0.011609686559565282 0.0059862956668012288 -0.003946445319121525 0.0012406593042781856 0.0044208940440572725 -0.0038132317043223702 -0.0019461805143595522 -0.0097439975258051242
leaf_weight=3.4659276455640784 7.0760018453001967 2.2843728139996529 22.354564825072885 10.220291867852209 9.7307105138897878 2.5194575916975737 2.3942398438230148
leaf_count=75 63 44 255 62 46 23 40
internal_value=-2.08931e-05 -0.000833139 4.84864e-05 0.000848865 -0.000299153 -0.0076408 -0.00705512
internal_weight=60.0456 52.9696 46.9842 42.3056 32.0853 5.98539 4.67861
internal_count=608 545 447 363 301 98 84
is_linear=0
shrinkage=0.01


Tree=323
num_leaves=9
num_cat=0
split_feature=4 4 2 9 3 3 3 1
split_gain=2.91459 9.09113 2.94124 2.2137 2.39335 2.64401 1.8566 0.290796
threshold=0.98880597014925387 1.0037313432835824 -0.71874999999999989 1.0000000180025095e-35 -1.0714285714285712 -1.0000000180025095e-35 1.0714285714285716 0.037500000000000012
decision_type=2 2 2 2 2 2 2 2
left_child=2 -2 7 4 -4 -6 -3 -1
right_child=1 6 3 -5 5 -7 -8 -9
leaf_value=-0.011447891676719201 0.010888660350235278 -0.004109051673352869 0.0038917496354227282 0.0040965682362735937 -0.0091632365800368258 -0.00090468756324346635 0.002288722802355449 -0.0061361466499267828
leaf_weight=2.5294822994619599 8.5225835330784339 11.099798798561098 4.6486342772841516 6.9894288461655369 6.3451753342524233 9.7901674006134218 7.5392127484083167 2.5125687643885612
leaf_count=59 109 66 56 58 125 76 37 22
internal_value=-2.10499e-05 0.00239721 -0.00202387 -0.000734871 -0.00237147 -0.00418877 -0.00152284 -0.00897174
internal_weight=59.9771 27.1616 32.8155 27.7734 20.784 16.1353 18.639 5.04205
internal_count=608 212 396 315 257 201 103 81
is_linear=0
shrinkage=0.01


Tree=324
num_leaves=9
num_cat=0
split_feature=1 4 4 2 4 4 4 6
split_gain=2.89456 3.07833 8.08102 2.95081 2.40867 3.44113 0.842497 0.15777
threshold=0.93750000000000011 0.85074626865671654 1.0037313432835824 -0.71874999999999989 0.42537313432835827 0.12686567164179108 1.4104477611940303 0.13680781758957655
decision_type=2 2 2 2 2 2 2 2
left_child=1 3 7 -1 5 -5 -2 -3
right_child=6 2 -4 4 -6 -7 -8 -9
leaf_value=-0.011441180377995805 0.0068173439587397109 0.011005909562406111 -0.0031487227540929275 -0.0030526505765266767 -0.0097201722809943623 0.0064432604450631601 0.0013324711537102667 0.0076029824170089971
leaf_weight=3.753374062478545 6.5007713064551336 4.1348166242241877 13.085711829364298 14.928375658579176 3.3300680145621291 5.0158543437719336 4.9667542055249214 4.1403952203691006
leaf_count=73 64 44 69 244 20 22 29 43
internal_value=-2.1033e-05 -0.00109329 0.00173942 -0.00333024 -0.00197886 -0.000644255 0.00447382 0.00941441
internal_weight=59.8561 48.3886 21.3609 27.0277 23.2743 19.9442 11.4675 8.27521
internal_count=608 515 156 359 286 266 93 87
is_linear=0
shrinkage=0.01


Tree=325
num_leaves=9
num_cat=0
split_feature=5 7 3 4 4 5 5 0
split_gain=2.857 2.57673 2.22833 2.04787 4.18368 3.47293 3.50165 1.1347
threshold=-0.63888888888888873 -0.32352941176470584 0.50000000000000011 0.98880597014925387 1.0895522388059702 0.66111111111111109 0.23888888888888918 -1.0000000180025095e-35
decision_type=2 2 2 2 2 2 2 2
left_child=7 2 -2 5 -5 6 -3 -1
right_child=1 3 -4 4 -6 -7 -8 -9
leaf_value=-0.010174451670451497 -0.0095998277528421237 -0.001728995971042631 0.00065704987043782971 0.010633812371130509 0.00097804928607821812 -0.0073264597592712236 0.0071659639115402044 -0.0021300811933994959
leaf_weight=3.272303119301796 3.9756334545090777 11.100051138550048 4.3851288165897131 6.472082786262038 14.219902418553827 5.2908116094768038 7.2282117176800957 3.7945649400353423
leaf_count=69 61 120 31 97 73 43 57 57
internal_value=-2.07281e-05 0.000783879 -0.00427602 0.00174608 0.00403482 -0.000267578 0.00179881 -0.00594501
internal_weight=59.7387 52.6718 8.36076 44.3111 20.692 23.6191 18.3283 7.06687
internal_count=608 482 92 390 170 220 177 126
is_linear=0
shrinkage=0.01


Tree=326
num_leaves=13
num_cat=0
split_feature=1 2 6 4 0 3 0 6 6 7 6 1
split_gain=2.85952 3.23085 3.17335 1.92275 2.72739 4.01149 1.74954 1.38813 1.61914 0.605096 0.507454 0.407501
threshold=0.26250000000000007 -0.71874999999999989 0.34527687296416948 1.485074626865672 1.0000000180025095e-35 0.50000000000000011 -1.0000000180025095e-35 -0.23192182410423451 -0.45863192182410417 -1.0000000180025095e-35 0.1628664495114007 -0.21249999999999999
decision_type=2 2 2 2 2 2 2 2 2 2 2 2
left_child=1 11 7 4 10 -6 -4 8 -3 -9 -2 -1
right_child=3 2 6 -5 5 -7 -8 9 -10 -11 -12 -13
leaf_value=-0.012070592722882698 0.0049758564721822472 -0.0062822399000152041 -0.00071543996070087433 -0.0014754193698787194 -0.0074868879347168528 0.0058997407264408672 0.00653179477082114 -0.011773031088433193 0.0033841138118265979 -0.0046925965096076116 0.0094583814055710317 -0.0060028306992206326
leaf_weight=2.6592743415385485 5.4679718390107208 3.3048872556537416 7.0778769217431545 9.5399750545620901 3.9927039518952352 4.8411703258752823 6.1628912817686778 2.4832173231989145 3.4370081275701523 2.6857208888977757 5.481200747191906 2.4956772383302477
leaf_count=54 42 53 58 51 40 51 48 45 58 39 40 29
internal_value=-2.07367e-05 -0.00217125 -0.000678478 0.00220173 0.00397346 -0.00016678 0.00268145 -0.00440479 -0.00137691 -0.008253 0.00728512 -0.00930313
internal_weight=59.6296 30.3066 25.1516 29.323 19.783 8.83387 13.2408 11.9108 6.7419 5.16894 10.9492 5.15495
internal_count=608 384 301 224 173 91 106 195 111 84 82 83
is_linear=0
shrinkage=0.01


Tree=327
num_leaves=8
num_cat=0
split_feature=1 7 5 6 1 3 5
split_gain=2.84377 3.0831 2.56935 1.71076 1.70407 1.3143 0.361151
threshold=1.2125000000000001 -0.38235294117647051 -0.63888888888888873 0.96286644951140088 0.81250000000000011 1.0000000180025095e-35 -0.88333333333333319
decision_type=2 2 2 2 2 2 2
left_child=1 5 6 4 -4 -1 -3
right_child=-2 2 3 -5 -6 -7 -8
leaf_value=-0.011565375441247696 0.0059165900410923424 -0.0038364772940826875 0.00064361538069581618 0.0043740450976715159 -0.0058492472368544806 -0.0019544025204442802 -0.0096660956606533215
leaf_weight=3.3792474530637255 7.0071791298687449 2.2521457858383656 27.249076528474692 10.174565710127352 4.6435410380363455 2.4883557520806789 2.3595027439296237
leaf_count=75 63 44 270 62 31 23 40
internal_value=-2.09109e-05 -0.000822424 4.27504e-05 0.000825228 -0.000317069 -0.00759057 -0.00696099
internal_weight=59.5536 52.5464 46.6788 42.0672 31.8926 5.8676 4.61165
internal_count=608 545 447 363 301 98 84
is_linear=0
shrinkage=0.01


Tree=328
num_leaves=9
num_cat=0
split_feature=1 4 4 2 4 4 4 6
split_gain=2.80704 2.97619 7.92141 2.88918 2.35797 3.37315 0.821245 0.156162
threshold=0.93750000000000011 0.85074626865671654 1.0037313432835824 -0.71874999999999989 0.42537313432835827 0.12686567164179108 1.4104477611940303 0.13680781758957655
decision_type=2 2 2 2 2 2 2 2
left_child=1 3 7 -1 5 -5 -2 -3
right_child=6 2 -4 4 -6 -7 -8 -9
leaf_value=-0.01137920105950431 0.0067452487306703807 0.010983368308099199 -0.0031116820713334783 -0.003020125653719315 -0.0096120168533742906 0.006396790962506128 0.0013168830985319034 0.0075710291099464876
leaf_weight=3.6951509295031455 6.4457055926322919 4.0716333873569983 13.057107418775557 14.84479473996908 3.3275050148367873 5.0032986029982558 4.9561154469847679 4.0837009623646736
leaf_count=73 64 44 69 244 20 22 29 43
internal_value=-2.11118e-05 -0.00108064 0.00171509 -0.00328584 -0.00195207 -0.000626146 0.00441762 0.00938708
internal_weight=59.485 48.0832 21.2124 26.8707 23.1756 19.8481 11.4018 8.15533
internal_count=608 515 156 359 286 266 93 87
is_linear=0
shrinkage=0.01


Tree=329
num_leaves=13
num_cat=0
split_feature=1 2 6 4 0 3 0 6 6 7 6 1
split_gain=2.77312 3.16334 3.11801 1.87132 2.69404 3.9306 1.71568 1.36841 1.5835 0.602159 0.50755 0.403199
threshold=0.26250000000000007 -0.71874999999999989 0.34527687296416948 1.485074626865672 1.0000000180025095e-35 0.50000000000000011 -1.0000000180025095e-35 -0.23192182410423451 -0.45863192182410417 -1.0000000180025095e-35 0.1628664495114007 -0.21249999999999999
decision_type=2 2 2 2 2 2 2 2 2 2 2 2
left_child=1 11 7 4 10 -6 -4 8 -3 -9 -2 -1
right_child=3 2 6 -5 5 -7 -8 9 -10 -11 -12 -13
leaf_value=-0.012022776028666764 0.0049151876590516688 -0.0062314523773454337 -0.00070516095987759628 -0.0014563789485654375 -0.00743374539345507 0.0058432267691087584 0.0064787303830203796 -0.011749046110633418 0.003353116857289601 -0.0046630216086405805 0.0094054404542225252 -0.0059565924316134283
leaf_weight=2.6192610431462526 5.4493654854595714 3.2845876328647163 7.0659803710877895 9.5299123525619489 3.9906893260776979 4.8016200736165047 6.1488878782838565 2.4555374560877681 3.421086547896266 2.6778743993490925 5.4461032636463642 2.4786930400878218
leaf_count=54 42 53 58 51 40 51 48 45 58 39 40 29
internal_value=-2.08047e-05 -0.0021448 -0.00066912 0.00217094 0.00392524 -0.000198808 0.00266106 -0.00437745 -0.0013642 -0.00821231 0.00722477 -0.00924465
internal_weight=59.3696 30.1519 25.054 29.2177 19.6878 8.79231 13.2149 11.8391 6.70567 5.13341 10.8955 5.09795
internal_count=608 384 301 224 173 91 106 195 111 84 82 83
is_linear=0
shrinkage=0.01


Tree=330
num_leaves=8
num_cat=0
split_feature=1 7 5 6 1 3 5
split_gain=2.75422 3.03008 2.51034 1.66713 1.68907 1.29751 0.361176
threshold=1.2125000000000001 -0.38235294117647051 -0.63888888888888873 0.96286644951140088 0.81250000000000011 1.0000000180025095e-35 -0.88333333333333319
decision_type=2 2 2 2 2 2 2
left_child=1 5 6 4 -4 -1 -3
right_child=-2 2 3 -5 -6 -7 -8
leaf_value=-0.011547060255795915 0.0058436705108500719 -0.0037724655668929779 0.00064837271658816937 0.0043252462956367482 -0.0058150438306760564 -0.0019452358443279791 -0.0096179095971446384
leaf_weight=3.3303150925785294 6.957935892045497 2.2351996153593063 27.164024670608345 10.150747098028658 4.6474935896694651 2.4673134554177523 2.3417079523205748
leaf_count=75 63 44 270 62 31 23 40
internal_value=-2.09791e-05 -0.000810314 4.53221e-05 0.00081801 -0.000311161 -0.00756305 -0.0069049
internal_weight=59.2947 52.3368 46.5392 41.9623 31.8115 5.79763 4.57691
internal_count=608 545 447 363 301 98 84
is_linear=0
shrinkage=0.01


Tree=331
num_leaves=9
num_cat=0
split_feature=4 4 2 9 3 3 3 1
split_gain=2.72502 8.7363 2.77177 2.13384 2.38882 2.56499 1.78583 0.284883
threshold=0.98880597014925387 1.0037313432835824 -0.71874999999999989 1.0000000180025095e-35 -1.0714285714285712 -1.0000000180025095e-35 1.0714285714285716 0.037500000000000012
decision_type=2 2 2 2 2 2 2 2
left_child=2 -2 7 4 -4 -6 -3 -1
right_child=1 6 3 -5 5 -7 -8 -9
leaf_value=-0.011350241398608817 0.010852121934482147 -0.0040169047798158056 0.0039473657493612306 0.0040237353344863246 -0.0091166353180073007 -0.00093192024729639358 0.0022692573537897156 -0.0060262835711526195
leaf_weight=2.4089278765022746 8.2185596153140086 11.049141485244037 4.6015499979257628 6.9707783013582221 6.2393287429586097 9.7348298057913727 7.5153115093708029 2.4887817297130823
leaf_count=59 109 66 56 58 125 76 37 22
internal_value=-2.11797e-05 0.00233493 -0.00196737 -0.000721573 -0.00234091 -0.00416561 -0.0014736 -0.00881957
internal_weight=59.2272 26.783 32.4442 27.5465 20.5757 15.9742 18.5645 4.89771
internal_count=608 212 396 315 257 201 103 81
is_linear=0
shrinkage=0.01


Tree=332
num_leaves=9
num_cat=0
split_feature=1 4 4 2 4 1 4 6
split_gain=2.71871 2.87551 7.73952 2.80331 2.31941 3.34252 0.898425 0.154228
threshold=0.93750000000000011 0.85074626865671654 1.0037313432835824 -0.71874999999999989 0.42537313432835827 -0.56249999999999989 1.5447761194029852 0.13680781758957655
decision_type=2 2 2 2 2 2 2 2
left_child=1 3 7 -1 5 -5 -2 -3
right_child=6 2 -4 4 -6 -7 -8 -9
leaf_value=-0.011293520346303905 0.0067551193655935463 0.010955899422452342 -0.0030626368222179145 -0.008723396415849103 -0.0095305066818921601 0.0014547462157085301 0.0010528172046922592 0.0075350729959353371
leaf_weight=3.6269657677039531 6.5126224271953088 4.003190543502571 13.038706127554176 3.9477255009114804 3.3245792202651492 15.81274537462741 4.8197432011365891 4.0237664058804512
leaf_count=73 65 44 69 84 20 182 28 43
internal_value=-2.11597e-05 -0.00106733 0.00169085 -0.00324069 -0.00193223 -0.000612317 0.00436031 0.00935492
internal_weight=59.11 47.7777 21.0657 26.712 23.0851 19.7605 11.3324 8.02696
internal_count=608 515 156 359 286 266 93 87
is_linear=0
shrinkage=0.01


Tree=333
num_leaves=9
num_cat=0
split_feature=5 7 3 5 6 5 1 0
split_gain=2.69237 2.42845 2.11576 1.99104 3.81608 2.06054 1.92357 1.13674
threshold=-0.63888888888888873 -0.32352941176470584 0.50000000000000011 0.51666666666666705 1.1986970684039091 0.96111111111111147 0.93750000000000011 -1.0000000180025095e-35
decision_type=2 2 2 2 2 2 2 2
left_child=7 2 -2 4 6 -5 -3 -1
right_child=1 3 -4 5 -6 -7 -8 -9
leaf_value=-0.01015003241729525 -0.0094870279284505598 -4.1632774456222218e-06 0.00061817781125830817 -0.0051842464514180201 0.010669716585131444 0.0022637289103377535 0.0069879102132662961 -0.0020059438915785146
leaf_weight=3.1749375490471721 3.863028825260697 18.913444948382683 4.3180046230554581 7.0182526577264053 5.4473965726792803 7.681613115593791 4.8680171333253375 3.7263996936380854
leaf_count=69 61 193 31 65 32 60 40 57
internal_value=-2.10414e-05 0.000759867 -0.00421037 0.00169296 0.0031991 -0.00130321 0.00145037 -0.00584406
internal_weight=59.0111 52.1098 8.18103 43.9287 29.2289 14.6999 23.7815 6.90134
internal_count=608 482 92 390 265 125 233 126
is_linear=0
shrinkage=0.01


Tree=334
num_leaves=13
num_cat=0
split_feature=1 2 6 4 0 3 0 6 6 7 6 1
split_gain=2.67436 3.06649 3.03284 1.8017 2.67645 3.83129 1.67709 1.35059 1.54304 0.589638 0.502551 0.391573
threshold=0.26250000000000007 -0.71874999999999989 0.34527687296416948 1.485074626865672 1.0000000180025095e-35 0.50000000000000011 -1.0000000180025095e-35 -0.23192182410423451 -0.45863192182410417 -1.0000000180025095e-35 0.1628664495114007 -0.21249999999999999
decision_type=2 2 2 2 2 2 2 2 2 2 2 2
left_child=1 11 7 4 10 -6 -4 8 -3 -9 -2 -1
right_child=3 2 6 -5 5 -7 -8 9 -10 -11 -12 -13
leaf_value=-0.01195885764080133 0.0048655917833837639 -0.0061693129773504407 -0.00071425746220770434 -0.001423231153526359 -0.0073912742987597493 0.0057598774150553686 0.0064033043713705171 -0.011714996262812987 0.00333077670200187 -0.0046608549844821467 0.0093490490812122313 -0.0059201121149807115
leaf_weight=2.5562702100723982 5.4174358136951977 3.254373379051688 7.0367356427013874 9.512611120939253 3.9827841445803625 4.7430034428834915 6.1217774879187328 2.4152615144848824 3.3952259179204702 2.6634688172489396 5.396093238145113 2.4475676296278861
leaf_count=54 42 53 58 51 40 51 48 45 58 39 40 29
internal_value=-2.09704e-05 -0.00211746 -0.000666603 0.00213591 0.00386709 -0.000258546 0.00262039 -0.0043454 -0.00134117 -0.00817699 0.00716806 -0.00917894
internal_weight=58.9426 29.8907 24.8868 29.0519 19.5393 8.72579 13.1585 11.7283 6.6496 5.07873 10.8135 5.00384
internal_count=608 384 301 224 173 91 106 195 111 84 82 83
is_linear=0
shrinkage=0.01


Tree=335
num_leaves=8
num_cat=0
split_feature=1 7 5 6 6 3 5
split_gain=2.65264 2.93659 2.41058 1.58261 1.69667 1.26117 0.359901
threshold=1.2125000000000001 -0.38235294117647051 -0.63888888888888873 0.96286644951140088 0.48990228013029341 1.0000000180025095e-35 -0.88333333333333319
decision_type=2 2 2 2 2 2 2
left_child=1 5 6 4 -4 -1 -3
right_child=-2 2 3 -5 -6 -7 -8
leaf_value=-0.011504683340000949 0.005763260714140234 -0.0036766476718235108 0.00088750659548473762 0.0042227146593912298 -0.0047720287967152782 -0.0019530155552791668 -0.0095422337205503856
leaf_weight=3.2480439236387602 6.889890741556882 2.2068487955257297 25.065447594970468 10.104150570929049 6.6097948588430873 2.436596293002367 2.3084739595651618
leaf_count=75 63 44 245 62 56 23 40
internal_value=-2.11457e-05 -0.000797466 4.183e-05 0.000797633 -0.000304792 -0.00751511 -0.00681722
internal_weight=58.8692 51.9794 46.2947 41.7794 31.6752 5.68464 4.51532
internal_count=608 545 447 363 301 98 84
is_linear=0
shrinkage=0.01


Tree=336
num_leaves=9
num_cat=0
split_feature=4 4 2 9 3 3 3 1
split_gain=2.62899 8.54566 2.66602 2.11238 2.35339 2.50335 1.74406 0.281303
threshold=0.98880597014925387 1.0037313432835824 -0.71874999999999989 1.0000000180025095e-35 -1.0714285714285712 -1.0000000180025095e-35 1.0714285714285716 0.037500000000000012
decision_type=2 2 2 2 2 2 2 2
left_child=2 -2 7 4 -4 -6 -3 -1
right_child=1 6 3 -5 5 -7 -8 -9
leaf_value=-0.011289506032244582 0.01083207833391563 -0.0039652592117835348 0.0039156632894240479 0.004001491474692114 -0.0090807879858000578 -0.00096360407527550844 0.0022544218832991109 -0.0059571763495210274
leaf_weight=2.3370944978669277 8.056415084749462 11.013851661235096 4.5804837178438946 6.9610337950289241 6.1729638725519225 9.7044143164530343 7.5008356645703307 2.4734565354883671
leaf_count=59 109 66 56 58 125 76 37 22
internal_value=-2.13271e-05 0.00230276 -0.00193858 -0.000720565 -0.00233895 -0.00415657 -0.00144691 -0.00872491
internal_weight=58.8005 26.5711 32.2294 27.4189 20.4579 15.8774 18.5147 4.81055
internal_count=608 212 396 315 257 201 103 81
is_linear=0
shrinkage=0.01


Tree=337
num_leaves=8
num_cat=0
split_feature=1 7 5 6 1 3 5
split_gain=2.60679 2.88853 2.3547 1.55644 1.6917 1.4366 0.355471
threshold=1.2125000000000001 -0.38235294117647051 -0.63888888888888873 0.96286644951140088 0.81250000000000011 0.2142857142857143 -0.88333333333333319
decision_type=2 2 2 2 2 2 2
left_child=1 5 6 4 -4 -1 -3
right_child=-2 2 3 -5 -6 -7 -8
leaf_value=-0.011500737819681377 0.00572714641414406 -0.0036358259808808848 0.00065804020947966575 0.0041854094682730906 -0.0058146490836799326 -0.0011918204892955176 -0.0094822918018300315
leaf_weight=3.3901138585060826 6.8567982651293269 2.1951617635786533 26.972534910775725 10.086607862263916 4.6460370086133471 2.2477560425177217 2.2904180819168678
leaf_count=77 63 44 270 62 31 21 40
internal_value=-2.13052e-05 -0.000791375 3.97909e-05 0.000785869 -0.000308391 -0.00748309 -0.00676282
internal_weight=58.6854 51.8286 46.1908 41.7052 31.6186 5.63787 4.48558
internal_count=608 545 447 363 301 98 84
is_linear=0
shrinkage=0.01


Tree=338
num_leaves=13
num_cat=0
split_feature=1 2 6 4 0 3 0 6 6 7 6 1
split_gain=2.60183 2.97502 2.95705 1.76919 2.64971 3.73912 1.64878 1.33948 1.51363 0.581375 0.49425 0.38429
threshold=0.26250000000000007 -0.71874999999999989 0.34527687296416948 1.485074626865672 1.0000000180025095e-35 0.50000000000000011 -1.0000000180025095e-35 -0.23192182410423451 -0.45863192182410417 -1.0000000180025095e-35 0.1628664495114007 -0.21249999999999999
decision_type=2 2 2 2 2 2 2 2 2 2 2 2
left_child=1 11 7 4 10 -6 -4 8 -3 -9 -2 -1
right_child=3 2 6 -5 5 -7 -8 9 -10 -11 -12 -13
leaf_value=-0.011890190965071153 0.004840067027407139 -0.0061174331603781077 -0.00073112834609002355 -0.0014185951361676875 -0.0073256278203470571 0.0056972652990520739 0.0063374758227442542 -0.011691008175369456 0.003316856682569196 -0.0046567794423934116 0.0093016511665593212 -0.0058686319324229219
leaf_weight=2.5079886298626661 5.3893426172435337 3.2329352051019695 7.0157251041382551 9.4902895018458349 3.9744248613715154 4.7047341279685497 6.0996099691838008 2.3845140086486936 3.3803440257906914 2.6557390298694363 5.3544900603592396 2.428929282352331
leaf_count=54 42 53 58 51 40 51 48 45 58 39 40 29
internal_value=-2.14935e-05 -0.00209651 -0.000668996 0.00211027 0.00383295 -0.00028179 0.00257938 -0.00431569 -0.00131757 -0.00814733 0.0071289 -0.00910296
internal_weight=58.6191 29.7058 24.7689 28.9133 19.423 8.67916 13.1153 11.6535 6.61328 5.04025 10.7438 4.93692
internal_count=608 384 301 224 173 91 106 195 111 84 82 83
is_linear=0
shrinkage=0.01


Tree=339
num_leaves=9
num_cat=0
split_feature=4 4 2 9 3 3 3 1
split_gain=2.57107 8.43607 2.59533 2.07309 2.32071 2.44947 1.69703 0.27869
threshold=0.98880597014925387 1.0037313432835824 -0.71874999999999989 1.0000000180025095e-35 -1.0714285714285712 -1.0000000180025095e-35 1.0714285714285716 0.037500000000000012
decision_type=2 2 2 2 2 2 2 2
left_child=2 -2 7 4 -4 -6 -3 -1
right_child=1 6 3 -5 5 -7 -8 -9
leaf_value=-0.011242194704276854 0.010820602504280848 -0.0039171818393431406 0.0038867890834866892 0.0039545689526263991 -0.0090371662593389072 -0.00098461173995594009 0.0022231640363648765 -0.005910175023272804
leaf_weight=2.2914260812103739 7.9603433199226883 11.002412334084513 4.5698512438684746 6.9602920580655327 6.1220521498471543 9.6867869785055465 7.4850714951753607 2.4686890263110399
leaf_count=59 109 66 56 58 125 76 37 22
internal_value=-2.1665e-05 0.00228231 -0.0019212 -0.00072141 -0.00232999 -0.00414021 -0.00143254 -0.00865541
internal_weight=58.5469 26.4478 32.0991 27.339 20.3787 15.8088 18.4875 4.76012
internal_count=608 212 396 315 257 201 103 81
is_linear=0
shrinkage=0.01


Tree=340
num_leaves=9
num_cat=0
split_feature=1 7 5 5 6 5 3 5
split_gain=2.55557 2.83122 2.29423 1.54292 4.47465 2.93236 1.41031 0.354546
threshold=1.2125000000000001 -0.38235294117647051 -0.63888888888888873 0.60555555555555562 1.2234527687296419 0.96111111111111147 0.2142857142857143 -0.88333333333333319
decision_type=2 2 2 2 2 2 2 2
left_child=1 6 7 4 -4 -5 -1 -3
right_child=-2 2 3 5 -6 -7 -8 -9
leaf_value=-0.011472152322863749 0.0056885884712387733 -0.0035776617046251063 9.5369935585635319e-05 -0.0074455259485392304 0.0099481970203207579 0.0022068189358880525 -0.0012051201706303678 -0.0094346867551958757
leaf_weight=3.3387030055746427 6.8135059513151637 2.1794352782890201 23.421318464912478 5.6265573706477863 5.6393171064555636 6.9125426542013884 2.2321591721847653 2.2696710862219325
leaf_count=77 63 44 235 48 30 50 21 40
internal_value=-2.16399e-05 -0.000784899 3.60813e-05 0.000771642 0.0020349 -0.00214903 -0.0074521 -0.00670728
internal_weight=58.4332 51.6197 46.0488 41.5997 29.0606 12.5391 5.57086 4.44911
internal_count=608 545 447 363 265 98 98 84
is_linear=0
shrinkage=0.01


Tree=341
num_leaves=13
num_cat=0
split_feature=1 2 6 4 0 3 4 6 6 7 6 1
split_gain=2.53761 2.89873 2.88065 1.73669 2.62133 3.65544 1.6293 1.32401 1.48567 0.577613 0.484553 0.378708
threshold=0.26250000000000007 -0.71874999999999989 0.34527687296416948 1.485074626865672 1.0000000180025095e-35 0.50000000000000011 0.2761194029850747 -0.23192182410423451 -0.45863192182410417 -1.0000000180025095e-35 0.1628664495114007 -0.21249999999999999
decision_type=2 2 2 2 2 2 2 2 2 2 2 2
left_child=1 11 7 4 10 -6 -4 8 -3 -9 -2 -1
right_child=3 2 6 -5 5 -7 -8 9 -10 -11 -12 -13
leaf_value=-0.01182968830798683 0.0048156273563257626 -0.0060661400373270358 -0.00084634893442761571 -0.0014086034460726034 -0.0072679253542356093 0.0056390315418876581 0.0061784634326632754 -0.011661988067157405 0.0033016767023632404 -0.0046282230170106358 0.0092456607555125702 -0.0058208204613137858
leaf_weight=2.4680471383035183 5.3682212717831188 3.2141968365758684 6.8175407592207176 9.4821768850088102 3.9645057059824449 4.6690298933535814 6.2640049792826176 2.3577680168673396 3.3686550110578537 2.6493688970804206 5.3222297392785549 2.4144612587988403
leaf_count=54 42 53 68 51 40 51 38 45 58 39 40 29
internal_value=-2.172e-05 -0.00207693 -0.000669076 0.00208674 0.00380031 -0.000303178 0.00253879 -0.00428051 -0.00129466 -0.00810379 0.00708636 -0.00903469
internal_weight=58.3602 29.554 24.6715 28.8062 19.324 8.63354 13.0815 11.59 6.58285 5.00714 10.6905 4.88251
internal_count=608 384 301 224 173 91 106 195 111 84 82 83
is_linear=0
shrinkage=0.01


Tree=342
num_leaves=10
num_cat=0
split_feature=1 4 4 4 1 5 4 1 6
split_gain=2.50875 2.70784 7.48659 2.66245 2.81076 2.76161 0.846398 0.548022 0.144878
threshold=0.93750000000000011 0.85074626865671654 1.0037313432835824 0.5223880597014926 -0.56249999999999989 0.28333333333333349 1.5447761194029852 -0.88749999999999984 0.13680781758957655
decision_type=2 2 2 2 2 2 2 2 2
left_child=1 3 8 4 7 -6 -2 -1 -3
right_child=6 2 -4 -5 5 -7 -8 -9 -10
leaf_value=-0.0039884153166649941 0.0065784924557186798 0.010915383474091093 -0.0029965754498583446 -0.011181656376766025 -0.0036348285214981499 0.0041091615659188067 0.0010117588302619245 -0.011578187066504708 0.007519360281500501
leaf_weight=1.6351194400340316 6.3715042322874051 3.9036734811961677 12.962248232215641 3.4803652204573146 10.140413374640053 8.2682572659105045 4.7988621145486832 2.8098519202321794 3.9049218967556953
leaf_count=37 65 44 69 21 160 70 28 71 43
internal_value=-2.1892e-05 -0.00103394 0.00166136 -0.0031581 -0.00189281 -0.000153205 0.00421718 -0.00893541 0.00933365
internal_weight=58.2752 47.1049 20.7708 26.334 22.8536 18.4087 11.1704 4.44497 7.8086
internal_count=608 515 156 359 338 230 93 108 87
is_linear=0
shrinkage=0.01


Tree=343
num_leaves=8
num_cat=0
split_feature=5 1 7 6 6 0 1
split_gain=2.47983 2.25383 3.207 2.23472 1.55463 1.15315 0.5831
threshold=-0.63888888888888873 1.2375000000000003 -0.32352941176470584 0.96286644951140088 0.48990228013029341 -1.0000000180025095e-35 0.037500000000000012
decision_type=2 2 2 2 2 2 2
left_child=5 2 6 4 -4 -1 -2
right_child=1 -3 3 -5 -6 -7 -8
leaf_value=-0.010126410894112663 -0.0032836277246019031 0.0065876668058802495 0.00089145969440359934 0.0053069264527470031 -0.0048721402769675085 -0.0018048908302495449 -0.0091170422206082718
leaf_weight=3.0591117665171623 3.7308117244392625 5.7200750969350329 23.421335303224627 9.493229463696478 5.7426445204764596 3.635024848394095 3.3780233077704906
leaf_count=69 61 54 231 59 51 57 26
internal_value=-2.1733e-05 0.000726265 -1.90891e-05 0.00112012 -0.000256215 -0.00570076 -0.00614361
internal_weight=58.1803 51.4861 45.766 38.6572 29.164 6.69414 7.10884
internal_count=608 482 428 341 282 126 87
is_linear=0
shrinkage=0.01


Tree=344
num_leaves=9
num_cat=0
split_feature=4 4 2 9 3 3 3 3
split_gain=2.46913 8.26677 2.52329 2.03257 2.29977 2.38925 1.65251 0.93505
threshold=0.98880597014925387 1.0037313432835824 -0.71874999999999989 1.0000000180025095e-35 -1.0714285714285712 -1.0000000180025095e-35 1.0714285714285716 1.0000000180025095e-35
decision_type=2 2 2 2 2 2 2 2
left_child=2 -2 7 4 -4 -6 -3 -1
right_child=1 6 3 -5 5 -7 -8 -9
leaf_value=-0.012954614542842366 0.010801356788458004 -0.0038727033161534137 0.0038975375377907286 0.0039227550290977572 -0.0089914823131125431 -0.0010036931714215245 0.0021966378979859807 -0.0038792019175944966
leaf_weight=2.3393890317529467 7.8055723477154997 10.965541277080776 4.5432885773480018 6.9515780843794337 6.046571996063002 9.6572481347247834 7.4600213542580596 2.3520144019275904
leaf_count=59 109 66 56 58 125 76 37 22
internal_value=-2.18184e-05 0.00224616 -0.00188853 -0.000707033 -0.00230808 -0.00411673 -0.0014168 -0.00858062
internal_weight=58.1212 26.2311 31.8901 27.1987 20.2471 15.7038 18.4256 4.6914
internal_count=608 212 396 315 257 201 103 81
is_linear=0
shrinkage=0.01


Tree=345
num_leaves=12
num_cat=0
split_feature=1 2 6 5 1 1 0 6 6 7 1
split_gain=2.45862 2.83313 2.84119 1.68606 2.77342 4.01858 1.61135 1.30699 1.44663 0.563764 0.373869
threshold=0.26250000000000007 -0.71874999999999989 0.34527687296416948 -0.26111111111111102 0.63750000000000007 0.96250000000000002 -1.0000000180025095e-35 -0.23192182410423451 -0.45863192182410417 -1.0000000180025095e-35 -0.21249999999999999
decision_type=2 2 2 2 2 2 2 2 2 2 2
left_child=1 10 7 -2 -5 -6 -4 8 -3 -9 -1
right_child=3 2 6 4 5 -7 -8 9 -10 -11 -12
leaf_value=-0.011782564626812387 -0.0023407868069629709 -0.0060187287087402151 -0.00075129538245776687 0.0080072594302958017 -0.0061400820032416091 0.0048360505611398643 0.0062611316302376412 -0.011629472724033141 0.0032557559674101454 -0.0046409614643503211 -0.0057761854663606503
leaf_weight=2.4271925734356046 6.6237486600875881 3.1886074729263809 6.9730800036340952 8.08180193975568 5.2810043692588797 8.6777674742043001 6.050237709656356 2.3255115272477269 3.3501258064061403 2.6349875982850781 2.3941952595487264
leaf_count=54 53 53 58 55 41 75 48 45 58 39 29
internal_value=-2.17914e-05 -0.00205309 -0.00066067 0.00205758 0.003384 0.000669327 0.00252935 -0.00426415 -0.00128947 -0.00808228 -0.0089779
internal_weight=58.0083 29.3439 24.5226 28.6643 22.0406 13.9588 13.0233 11.4992 6.53873 4.9605 4.82139
internal_count=608 384 301 224 171 116 106 195 111 84 83
is_linear=0
shrinkage=0.01


Tree=346
num_leaves=9
num_cat=0
split_feature=4 4 2 5 5 3 3 3
split_gain=2.41697 8.18409 2.45597 2.0055 4.88348 3.74671 1.60477 0.935114
threshold=0.98880597014925387 1.0037313432835824 -0.71874999999999989 0.72777777777777797 0.23888888888888918 -1.0714285714285712 1.0714285714285716 1.0000000180025095e-35
decision_type=2 2 2 2 2 2 2 2
left_child=2 -2 7 4 5 -4 -3 -1
right_child=1 6 3 -5 -6 -7 -8 -9
leaf_value=-0.012917342509556404 0.010791569178205243 -0.0038280004151793165 0.0045653644975070856 -0.0063207468698841061 0.006652278466630971 -0.006533744465517799 0.0021566207146452043 -0.0038111939800626938
leaf_weight=2.3070648163557079 7.7286893781274584 10.962682180106642 4.3730247598141494 5.0604213811457148 8.2398291174322349 9.4748761905357224 7.4463508874177924 2.3456616699695587
leaf_count=59 109 66 55 44 61 155 37 22
internal_value=-2.20702e-05 0.0022262 -0.00187115 -0.000707485 0.000601236 -0.00302116 -0.00140868 -0.00850328
internal_weight=57.9386 26.1377 31.8009 27.1482 22.0877 13.8479 18.409 4.65273
internal_count=608 212 396 315 271 210 103 81
is_linear=0
shrinkage=0.01


Tree=347
num_leaves=13
num_cat=0
split_feature=1 2 6 4 0 3 4 6 6 7 6 1
split_gain=2.4143 2.76052 2.78732 1.67192 2.61635 3.53499 1.58193 1.29039 1.4125 0.558717 0.476402 0.374355
threshold=0.26250000000000007 -0.71874999999999989 0.34527687296416948 1.485074626865672 1.0000000180025095e-35 0.50000000000000011 0.2761194029850747 -0.23192182410423451 -0.45863192182410417 -1.0000000180025095e-35 0.1628664495114007 -0.21249999999999999
decision_type=2 2 2 2 2 2 2 2 2 2 2 2
left_child=1 11 7 4 10 -6 -4 8 -3 -9 -2 -1
right_child=3 2 6 -5 5 -7 -8 9 -10 -11 -12 -13
leaf_value=-0.011731284995799885 0.0047719999827011764 -0.0059719040629721285 -0.00084191543396192232 -0.0013891535795280375 -0.0072375974738568532 0.0055171195093615885 0.0061013489921171405 -0.011601933774423936 0.0032075302812333301 -0.0046256983223165451 0.0091842221117216256 -0.005707276257482948
leaf_weight=2.396834553219378 5.330078195780521 3.1734898509457734 6.7946722172200662 9.4588828235864622 3.9440700858831388 4.5967676807194948 6.2082035876810551 2.3044264726340771 3.3438311573117971 2.6304795742034903 5.2648977544158697 2.3860492873936918
leaf_count=54 42 53 68 51 40 51 38 45 58 39 40 29
internal_value=-2.20205e-05 -0.00203916 -0.000665659 0.00204042 0.00373408 -0.000388472 0.0024944 -0.00424413 -0.00128493 -0.00804908 0.00702991 -0.0089045
internal_weight=57.8327 29.238 24.4551 28.5947 19.1358 8.54084 13.0029 11.4522 6.51732 4.93491 10.595 4.78288
internal_count=608 384 301 224 173 91 106 195 111 84 82 83
is_linear=0
shrinkage=0.01


Tree=348
num_leaves=9
num_cat=0
split_feature=1 7 5 5 6 5 3 5
split_gain=2.40566 2.71881 2.16346 1.5449 4.30283 2.91779 1.35301 0.364118
threshold=1.2125000000000001 -0.38235294117647051 -0.63888888888888873 0.60555555555555562 1.2234527687296419 0.96111111111111147 0.2142857142857143 -0.88333333333333319
decision_type=2 2 2 2 2 2 2 2
left_child=1 6 7 4 -4 -5 -1 -3
right_child=-2 2 3 5 -6 -7 -8 -9
leaf_value=-0.011414708651972973 0.0055661476053923357 -0.00339279160312898 0.00011023203664808012 -0.0074782920450869993 0.0098146009985596409 0.0021834611619937733 -0.0012228306176819922 -0.009370508903356731
leaf_weight=3.2281464515253893 6.699420202523469 2.1301667960360646 23.250684618949894 5.5950400624424201 5.5871396958827964 6.8530004192143679 2.1835433533415198 2.2227253643795839
leaf_count=77 63 44 235 48 30 50 21 40
internal_value=-2.21921e-05 -0.000765006 3.61143e-05 0.000748648 0.00201781 -0.00218421 -0.00739922 -0.00658709
internal_weight=57.7499 51.0504 45.6388 41.2859 28.8378 12.448 5.41169 4.35289
internal_count=608 545 447 363 265 98 98 84
is_linear=0
shrinkage=0.01


Tree=349
num_leaves=9
num_cat=0
split_feature=1 7 5 5 6 5 3 5
split_gain=2.36532 2.68076 2.12753 1.51508 4.23099 2.85808 1.34736 0.359199
threshold=1.2125000000000001 -0.38235294117647051 -0.63888888888888873 0.60555555555555562 1.2234527687296419 0.96111111111111147 0.2142857142857143 -0.88333333333333319
decision_type=2 2 2 2 2 2 2 2
left_child=1 6 7 4 -4 -5 -1 -3
right_child=-2 2 3 5 -6 -7 -8 -9
leaf_value=-0.01139748537076638 0.0055280347677917176 -0.0033672059585526338 0.00010913514369765133 -0.0073980582255929375 0.0097413001227750293 0.0021627504070114278 -0.0012110824154501763 -0.0093123417030290551
leaf_weight=3.2009816979989401 6.6789455376565448 2.125671817921102 23.250539252534512 5.6002207789570075 5.57370975986123 6.8504102900624275 2.1836473606526852 2.2149069318547836
leaf_count=77 63 44 235 48 30 50 21 40
internal_value=-2.22696e-05 -0.00075853 3.56031e-05 0.000741491 0.00199893 -0.00216233 -0.00736396 -0.00654228
internal_weight=57.679 51.0001 45.6155 41.2749 28.8242 12.4506 5.38463 4.34058
internal_count=608 545 447 363 265 98 98 84
is_linear=0
shrinkage=0.01


Tree=350
num_leaves=13
num_cat=0
split_feature=1 2 6 4 0 3 4 6 6 7 6 1
split_gain=2.34391 2.71914 2.69533 1.65699 2.57298 3.49324 1.55884 1.27514 1.38748 0.563565 0.467792 0.363925
threshold=0.26250000000000007 -0.71874999999999989 0.34527687296416948 1.485074626865672 1.0000000180025095e-35 0.50000000000000011 0.2761194029850747 -0.23192182410423451 -0.45863192182410417 -1.0000000180025095e-35 0.1628664495114007 -0.21249999999999999
decision_type=2 2 2 2 2 2 2 2 2 2 2 2
left_child=1 11 7 4 10 -6 -4 8 -3 -9 -2 -1
right_child=3 2 6 -5 5 -7 -8 9 -10 -11 -12 -13
leaf_value=-0.011672623154268756 0.0047408353693415752 -0.005896553590924755 -0.00085497573477249763 -0.0014054310325066605 -0.0071930774868749327 0.0054948272128120179 0.0060483845931307081 -0.011574257725850981 0.0032186853650876934 -0.004554109501992437 0.0091239406383459686 -0.0056980828540004322
leaf_weight=2.367736391723156 5.3148947302252108 3.1566827483475235 6.7795607410371286 9.4374887272715551 3.9429428428411466 4.5843400359153748 6.1818987466394901 2.2750101732090116 3.3348916387185454 2.6301150377839795 5.2305306680500507 2.3726206058636334
leaf_count=54 42 53 68 51 40 51 38 45 58 39 40 29
internal_value=-2.23456e-05 -0.00201552 -0.000652384 0.0020119 0.00370136 -0.000387325 0.00245864 -0.00418116 -0.00123603 -0.00797627 0.00698014 -0.00886177
internal_weight=57.6087 29.0985 24.3582 28.5102 19.0727 8.52728 12.9615 11.3967 6.49157 4.90513 10.5454 4.74036
internal_count=608 384 301 224 173 91 106 195 111 84 82 83
is_linear=0
shrinkage=0.01


Tree=351
num_leaves=9
num_cat=0
split_feature=4 4 2 5 5 3 3 3
split_gain=2.32563 8.08534 2.37196 1.96974 4.79115 3.67833 1.55496 0.913326
threshold=0.98880597014925387 1.0037313432835824 -0.71874999999999989 0.72777777777777797 0.23888888888888918 -1.0714285714285712 1.0714285714285716 1.0000000180025095e-35
decision_type=2 2 2 2 2 2 2 2
left_child=2 -2 7 4 5 -4 -3 -1
right_child=1 6 3 -5 -6 -7 -8 -9
leaf_value=-0.01285602860908599 0.010779661890350322 -0.0037999541618027161 0.0045290096161821301 -0.0062802554643742936 0.0065924473318643585 -0.0065063384664545377 0.0021019249992843135 -0.0037782950144420748
leaf_weight=2.2486475678160813 7.6158991809934404 10.926730554550888 4.3452574713155689 5.0321512361988416 8.2219871655106527 9.3962398441508395 7.4169807210564604 2.3230104856193066
leaf_count=59 109 66 55 44 61 155 37 22
internal_value=-2.25135e-05 0.00219013 -0.00184327 -0.000702035 0.000598687 -0.00300929 -0.00141517 -0.00842295
internal_weight=57.5269 25.9596 31.5673 26.9956 21.9635 13.7415 18.3437 4.57166
internal_count=608 212 396 315 271 210 103 81
is_linear=0
shrinkage=0.01


Tree=352
num_leaves=9
num_cat=0
split_feature=1 7 5 5 6 5 3 5
split_gain=2.31745 2.63296 2.0735 1.49089 4.14223 2.8316 1.322 0.360148
threshold=1.2125000000000001 -0.38235294117647051 -0.63888888888888873 0.60555555555555562 1.2234527687296419 0.96111111111111147 0.2142857142857143 -0.88333333333333319
decision_type=2 2 2 2 2 2 2 2
left_child=1 6 7 4 -4 -5 -1 -3
right_child=-2 2 3 5 -6 -7 -8 -9
leaf_value=-0.011371316495502756 0.0054875382726372636 -0.0033017611150696555 0.00010782715826736839 -0.0073709964783614645 0.0096578365685133505 0.0021584814787900409 -0.0012267378351549197 -0.009272146778142842
leaf_weight=3.1545435143634668 6.640406807884573 2.1091540670022368 23.193323636427525 5.587737135589121 5.5484486930072299 6.8267718050628901 2.1663065692409873 2.1959050241857758
leaf_count=77 63 44 235 48 30 50 21 40
internal_value=-2.24602e-05 -0.00075233 3.3107e-05 0.000729355 0.0019785 -0.00215534 -0.00733992 -0.00648846
internal_weight=57.4226 50.7822 45.4613 41.1563 28.7418 12.4145 5.32085 4.30506
internal_count=608 545 447 363 265 98 98 84
is_linear=0
shrinkage=0.01


Tree=353
num_leaves=13
num_cat=0
split_feature=1 2 6 4 0 3 0 6 6 7 6 1
split_gain=2.28975 2.64991 2.6242 1.62679 2.54954 3.42578 1.53779 1.26001 1.35459 0.559625 0.458687 0.358597
threshold=0.26250000000000007 -0.71874999999999989 0.34527687296416948 1.485074626865672 1.0000000180025095e-35 0.50000000000000011 -1.0000000180025095e-35 -0.23192182410423451 -0.45863192182410417 -1.0000000180025095e-35 0.1628664495114007 -0.21249999999999999
decision_type=2 2 2 2 2 2 2 2 2 2 2 2
left_child=1 11 7 4 10 -6 -4 8 -3 -9 -2 -1
right_child=3 2 6 -5 5 -7 -8 9 -10 -11 -12 -13
leaf_value=-0.011613885360416007 0.0047212291008592588 -0.005835333193528607 -0.00079282889620527403 -0.0013948188050992808 -0.0071484679140841213 0.0054423373552398074 0.0060859153192559332 -0.011544906451402142 0.0031924254749487891 -0.0045269401341322289 0.0090734775272690877 -0.0056525263988614306
leaf_weight=2.3313152110204101 5.2969259936362558 3.1371279964223531 6.9250229597091675 9.4297738000750524 3.9342013634741289 4.5544431395828724 5.9905127920210344 2.2488374877721071 3.3234381079673767 2.6249798741191617 5.1982882935553789 2.3582331407815245
leaf_count=54 42 53 58 51 40 51 48 45 58 39 40 29
internal_value=-2.25351e-05 -0.00199897 -0.000653673 0.00199043 0.00367047 -0.000408366 0.00241993 -0.00414658 -0.00121341 -0.00793212 0.00694219 -0.0087967
internal_weight=57.3531 28.9395 24.2499 28.4136 18.9839 8.48864 12.9155 11.3344 6.46057 4.87382 10.4952 4.68955
internal_count=608 384 301 224 173 91 106 195 111 84 82 83
is_linear=0
shrinkage=0.01


Tree=354
num_leaves=8
num_cat=0
split_feature=1 7 2 2 7 3 3
split_gain=2.27357 2.58702 1.88544 2.30688 2.1652 1.65523 1.31305
threshold=1.2125000000000001 -0.38235294117647051 -0.71874999999999989 -1.0000000180025095e-35 0.73529411764705899 0.35714285714285715 0.2142857142857143
decision_type=2 2 2 2 2 2 2
left_child=1 6 -3 5 -5 -4 -1
right_child=-2 2 3 4 -6 -7 -8
leaf_value=-0.011353890507261863 0.0054476880820682706 -0.0052949199963639934 0.0070091483256368757 -0.0029116849001223672 0.003367347634630904 0.00011455871151683651 -0.0012100196387497871
leaf_weight=3.1184064345434299 6.6107178144156924 5.7013325188308945 7.985790645703668 17.753004588186748 7.8367336187511674 6.1218123864382505 2.1579506630077958
leaf_count=77 63 66 83 167 89 42 21
internal_value=-2.26991e-05 -0.000745652 3.10579e-05 0.000807358 -0.000983139 0.00403919 -0.00730487
internal_weight=57.2857 50.675 45.3987 39.6973 25.5897 14.1076 5.27636
internal_count=608 545 447 381 256 125 98
is_linear=0
shrinkage=0.01


Tree=355
num_leaves=9
num_cat=0
split_feature=4 4 2 9 3 3 3 3
split_gain=2.27368 7.98844 2.27935 1.94306 2.15715 2.29967 1.52231 0.906698
threshold=0.98880597014925387 1.0037313432835824 -0.71874999999999989 1.0000000180025095e-35 -1.0714285714285712 -1.0000000180025095e-35 1.0714285714285716 1.0000000180025095e-35
decision_type=2 2 2 2 2 2 2 2
left_child=2 -2 7 4 -4 -6 -3 -1
right_child=1 6 3 -5 5 -7 -8 -9
leaf_value=-0.012801889778824769 0.010771213669361559 -0.0037687986480460151 0.0037436288226955802 0.003823431707876356 -0.0089108557275667574 -0.001005902221117538 0.0020784274975703841 -0.0037033672292300372
leaf_weight=2.2008913094177869 7.5255826208740499 10.895585309714081 4.5024256128817877 6.9150408562272778 5.9045464051887473 9.5836241086944813 7.3986449614167205 2.3103888826444745
leaf_count=59 109 66 56 58 125 76 37 22
internal_value=-2.25931e-05 0.00217139 -0.00182687 -0.000710782 -0.00229046 -0.00405733 -0.00140559 -0.00832357
internal_weight=57.2367 25.8198 31.4169 26.9056 19.9906 15.4882 18.2942 4.51128
internal_count=608 212 396 315 257 201 103 81
is_linear=0
shrinkage=0.01


Tree=356
num_leaves=11
num_cat=0
split_feature=5 0 1 0 2 6 6 0 4 4
split_gain=2.24389 2.17649 2.36706 3.60581 4.24496 1.68034 2.06813 1.15978 1.15857 0.980468
threshold=-0.63888888888888873 0.70000000000000007 0.26250000000000007 1.0000000180025095e-35 1.0000000180025095e-35 0.34527687296416948 -0.29055374592833866 -1.0000000180025095e-35 0.89552238805970164 0.2761194029850747
decision_type=2 2 2 2 2 2 2 2 2 2
left_child=7 2 5 4 -4 6 -2 -1 -3 -7
right_child=1 8 3 -5 -6 9 -8 -9 -10 -11
leaf_value=-0.010078903407397246 -0.00062568945675110766 0.0012057173949086126 0.010295093792241462 -0.0041396114991807701 -0.00080389686173476472 -0.0029878342172270913 -0.0096632641661785323 -0.0015856092215331874 0.0082827775304787857 0.0028262803963109541
leaf_weight=2.9243234694004059 4.6877462780103061 4.330933175981043 7.1618685126304644 6.1285260524600735 6.532079229131341 5.4516634037718159 5.444124636240308 3.5286145871505132 4.9643860291689634 5.9736284464597702
leaf_count=69 66 46 37 51 54 51 84 57 61 32
internal_value=-2.25592e-05 0.000688221 -0.000297621 0.00219081 0.00503337 -0.00258536 -0.0055288 -0.00552965 0.00503332 5.0179e-05
internal_weight=57.1279 50.675 41.3796 19.8225 13.6939 21.5572 10.1319 6.45294 9.29532 11.4253
internal_count=608 482 375 142 91 233 150 126 107 83
is_linear=0
shrinkage=0.01


Tree=357
num_leaves=8
num_cat=0
split_feature=1 7 2 2 7 3 3
split_gain=2.21597 2.5389 1.82322 2.25206 2.11107 1.65022 1.28735
threshold=1.2125000000000001 -0.38235294117647051 -0.71874999999999989 -1.0000000180025095e-35 0.73529411764705899 0.35714285714285715 0.2142857142857143
decision_type=2 2 2 2 2 2 2
left_child=1 6 -3 5 -5 -4 -1
right_child=-2 2 3 4 -6 -7 -8
leaf_value=-0.011329767439857362 0.0053980633091589613 -0.0052189902646769086 0.0069590022323607606 -0.0028823651968773391 0.0033291467634252768 6.6060811594852617e-05 -0.0012353602095306955
leaf_weight=3.0675600972026578 6.5638763494789591 5.6747155385091892 7.9702336182817763 17.710344720631845 7.8029503095895043 6.1007452281191945 2.1465821452438831
leaf_count=77 63 66 83 167 89 42 21
internal_value=-2.24837e-05 -0.000736689 3.10055e-05 0.000794888 -0.000977064 0.00399199 -0.0072755
internal_weight=57.037 50.4731 45.259 39.5843 25.5133 14.071 5.21414
internal_count=608 545 447 381 256 125 98
is_linear=0
shrinkage=0.01


Tree=358
num_leaves=11
num_cat=0
split_feature=5 0 1 0 2 6 6 4 0 4
split_gain=2.20357 2.12301 2.30618 3.53554 4.16287 1.64374 2.0425 1.15225 1.14582 0.968889
threshold=-0.63888888888888873 0.70000000000000007 0.26250000000000007 1.0000000180025095e-35 1.0000000180025095e-35 0.34527687296416948 -0.29055374592833866 0.89552238805970164 -1.0000000180025095e-35 0.2761194029850747
decision_type=2 2 2 2 2 2 2 2 2 2
left_child=8 2 5 4 -4 6 -2 -3 -1 -7
right_child=1 7 3 -5 -6 9 -8 -9 -10 -11
leaf_value=-0.010042163589225139 -0.00059690628769942767 0.0011740903427649783 0.010212555770328501 -0.0040962736235325018 -0.00079029801079628286 -0.0029682547286899036 -0.0095904106012131979 0.0082437871955237212 -0.0015786861152486812 0.0028148288672541506
leaf_weight=2.898298722691834 4.6807609079405639 4.3309299862012249 7.1334838867187518 6.1346400491893283 6.5288851875811815 5.4435036387294513 5.4197334516793534 4.9245469979941845 3.5255372039973727 5.9684385992586613
leaf_count=69 66 46 37 51 54 51 84 61 57 32
internal_value=-2.2381e-05 0.000682036 -0.000291439 0.00216589 0.00498705 -0.00255238 -0.00546936 0.00498356 -0.00549263 5.44726e-05
internal_weight=56.9888 50.5649 41.3094 19.797 13.6624 21.5124 10.1005 9.25548 6.42384 11.4119
internal_count=608 482 375 142 91 233 150 107 126 83
is_linear=0
shrinkage=0.01


Tree=359
num_leaves=9
num_cat=0
split_feature=4 4 2 5 5 3 3 3
split_gain=2.16758 7.94629 2.23354 1.92884 4.66289 3.58137 1.48511 0.886066
threshold=0.98880597014925387 1.0037313432835824 -0.71874999999999989 0.72777777777777797 0.23888888888888918 -1.0714285714285712 1.0714285714285716 1.0000000180025095e-35
decision_type=2 2 2 2 2 2 2 2
left_child=2 -2 7 4 5 -4 -3 -1
right_child=1 6 3 -5 -6 -7 -8 -9
leaf_value=-0.012749565785733616 0.010763383150581904 -0.0037783973214949615 0.0044745412150531266 -0.0062228768951442179 0.0065191228313651994 -0.0064591562151985818 0.0020093459096956179 -0.0036921009783559273
leaf_weight=2.157386437989774 7.4378652740269926 10.845579441636803 4.3176990346983137 4.9991199765354386 8.1997350901365262 9.279396082274614 7.3690411746501914 2.2928856182843447
leaf_count=59 109 66 55 44 61 155 37 22
internal_value=-2.2306e-05 0.00212733 -0.00178827 -0.000685606 0.000606991 -0.00297989 -0.00143868 -0.00826664
internal_weight=56.8987 25.6525 31.2462 26.796 21.7968 13.5971 18.2146 4.45027
internal_count=608 212 396 315 271 210 103 81
is_linear=0
shrinkage=0.01


Tree=360
num_leaves=11
num_cat=0
split_feature=5 0 1 0 2 6 6 4 0 4
split_gain=2.16037 2.08322 2.27305 3.47434 4.11298 1.61057 2.00665 1.13923 1.13041 0.944922
threshold=-0.63888888888888873 0.70000000000000007 0.26250000000000007 1.0000000180025095e-35 1.0000000180025095e-35 0.34527687296416948 -0.29055374592833866 0.89552238805970164 -1.0000000180025095e-35 0.2761194029850747
decision_type=2 2 2 2 2 2 2 2 2 2
left_child=8 2 5 4 -4 6 -2 -3 -1 -7
right_child=1 7 3 -5 -6 9 -8 -9 -10 -11
leaf_value=-0.0099985033898314854 -0.00060122355906971838 0.001166306469976127 0.010156384783568943 -0.0040559318855641815 -0.00079231587426547981 -0.0029439444072312366 -0.0095351043008592151 0.0082106242650406246 -0.0015652199604305212 0.0027736497586195591
leaf_weight=2.8731017271056771 4.6672311555594179 4.3295895261690003 7.112506069242956 6.1320756543427697 6.5185857284814119 5.4333298783749324 5.3863547584041997 4.8811126202344894 3.5114003764465442 5.951798353344202
leaf_count=69 66 46 37 51 54 51 84 61 57 32
internal_value=-2.22539e-05 0.000675337 -0.000289364 0.00215132 0.00495292 -0.00253884 -0.00543445 0.00494746 -0.00545596 4.31648e-05
internal_weight=56.7971 50.4126 41.2019 19.7632 13.6311 21.4387 10.0536 9.2107 6.3845 11.3851
internal_count=608 482 375 142 91 233 150 107 126 83
is_linear=0
shrinkage=0.01


Tree=361
num_leaves=8
num_cat=0
split_feature=1 7 2 2 4 3 3
split_gain=2.14049 2.48612 1.76451 2.17506 2.06252 1.6476 1.26071
threshold=1.2125000000000001 -0.38235294117647051 -0.71874999999999989 -1.0000000180025095e-35 1.3507462686567167 0.35714285714285715 0.2142857142857143
decision_type=2 2 2 2 2 2 2
left_child=1 6 -3 5 -5 -4 -1
right_child=-2 2 3 4 -6 -7 -8
leaf_value=-0.01130856081290448 0.0053307150339719543 -0.0051497804120519079 0.0069028602174217284 0.00072797427337506428 -0.0057396884878368939 7.7101070344556789e-07 -0.0012540685627712574
leaf_weight=3.0087451050057998 6.5035279579460612 5.6367528103291979 7.9409585269167966 18.851974835619338 6.568508952856063 6.0688573895022273 2.1285936972126365
leaf_count=77 63 66 83 224 32 42 21
internal_value=-2.21796e-05 -0.000724818 3.29607e-05 0.000785012 -0.000959175 0.00393417 -0.00724609
internal_weight=56.7079 50.2044 45.0671 39.4303 25.4205 14.0098 5.13734
internal_count=608 545 447 381 256 125 98
is_linear=0
shrinkage=0.01


Tree=362
num_leaves=11
num_cat=0
split_feature=5 0 1 0 2 6 6 4 0 4
split_gain=2.12245 2.0397 2.21993 3.4006 4.03218 1.57858 1.98842 1.13506 1.11835 0.937622
threshold=-0.63888888888888873 0.70000000000000007 0.26250000000000007 1.0000000180025095e-35 1.0000000180025095e-35 0.34527687296416948 -1.0000000180025095e-35 0.89552238805970164 -1.0000000180025095e-35 0.2761194029850747
decision_type=2 2 2 2 2 2 2 2 2 2
left_child=8 2 5 4 -4 6 -2 -3 -1 -7
right_child=1 7 3 -5 -6 9 -8 -9 -10 -11
leaf_value=-0.0099643787111139259 -0.0026575268041343636 0.0011381356989613291 0.010073165829775013 -0.0040058175326632842 -0.00077951959185590153 -0.0029316873268582216 -0.012711142307181747 0.0081800898597684385 -0.0015565818305297721 0.0027665128961182656
leaf_weight=2.8487624023109674 7.4096280978992555 4.3299964461475593 7.0842661932110804 6.1395938303321591 6.514280904084444 5.4267921485006791 2.6179118501022502 4.8461735378950834 3.5095901377499095 5.9474622868001461
leaf_count=69 112 46 37 51 54 51 38 61 57 32
internal_value=-2.21703e-05 0.00066928 -0.00028515 0.00212811 0.00490653 -0.00251036 -0.00538184 0.00490527 -0.00541953 4.59774e-05
internal_weight=56.6745 50.3161 41.1399 19.7381 13.5985 21.4018 10.0275 9.17617 6.35835 11.3743
internal_count=608 482 375 142 91 233 150 107 126 83
is_linear=0
shrinkage=0.01


Tree=363
num_leaves=8
num_cat=0
split_feature=1 7 2 2 7 3 3
split_gain=2.08727 2.44363 1.73184 2.11888 2.02659 1.62061 1.25117
threshold=1.2125000000000001 -0.38235294117647051 -0.71874999999999989 -1.0000000180025095e-35 0.73529411764705899 0.35714285714285715 0.2142857142857143
decision_type=2 2 2 2 2 2 2
left_child=1 6 -3 5 -5 -4 -1
right_child=-2 2 3 4 -6 -7 -8
leaf_value=-0.011292667874439393 0.0052790006349442134 -0.0051059513986854632 0.0068357270787348249 -0.0028117879860998884 0.0032890282057112703 -1.4080945405818102e-05 -0.0012447814092411552
leaf_weight=2.9715186711400738 6.4682966955006114 5.6260510114952913 7.9302085004746861 17.646270737051971 7.7599221654236308 6.0602289773523808 2.123444096185267
leaf_count=77 63 66 83 167 89 42 21
internal_value=-2.21909e-05 -0.000715524 3.37167e-05 0.000778758 -0.0009428 0.00388956 -0.00720955
internal_weight=56.5859 50.1176 45.0227 39.3966 25.4062 13.9904 5.09496
internal_count=608 545 447 381 256 125 98
is_linear=0
shrinkage=0.01


Tree=364
num_leaves=11
num_cat=0
split_feature=5 0 1 0 2 6 6 4 0 4
split_gain=2.08446 1.98935 2.16312 3.33445 3.95448 1.54438 1.97215 1.12859 1.10482 0.926643
threshold=-0.63888888888888873 0.70000000000000007 0.26250000000000007 1.0000000180025095e-35 1.0000000180025095e-35 0.34527687296416948 -1.0000000180025095e-35 0.89552238805970164 -1.0000000180025095e-35 0.2761194029850747
decision_type=2 2 2 2 2 2 2 2 2 2
left_child=8 2 5 4 -4 6 -2 -3 -1 -7
right_child=1 7 3 -5 -6 9 -8 -9 -10 -11
leaf_value=-0.0099277535992415653 -0.0026129505010081067 0.0011074228058543943 0.0099928177868830511 -0.0039640323805084452 -0.00076628183682285358 -0.0029125408532943414 -0.012649006439256188 0.0081412368856246062 -0.0015499178383874131 0.0027554806359041555
leaf_weight=2.8237408958375454 7.3955065570771668 4.3300125366076809 7.0561398193240183 6.1453724708408108 6.5111144464462996 5.4188223853707296 2.6016531269997403 4.8076788987964392 3.506651807576417 5.9423623494803905
leaf_count=69 112 46 37 51 54 51 38 61 57 32
internal_value=-2.20935e-05 0.000663203 -0.000279217 0.00210407 0.00486155 -0.00247842 -0.00532413 0.00485624 -0.00538322 5.02406e-05
internal_weight=56.5391 50.2087 41.071 19.7126 13.5673 21.3583 9.99716 9.13769 6.33039 11.3612
internal_count=608 482 375 142 91 233 150 107 126 83
is_linear=0
shrinkage=0.01


Tree=365
num_leaves=9
num_cat=0
split_feature=4 4 2 5 5 3 3 3
split_gain=2.05259 7.90164 2.16447 1.899 4.5824 3.54758 1.44609 0.857366
threshold=0.98880597014925387 1.0037313432835824 -0.71874999999999989 0.72777777777777797 0.23888888888888918 -1.0714285714285712 1.0714285714285716 1.0000000180025095e-35
decision_type=2 2 2 2 2 2 2 2
left_child=2 -2 7 4 5 -4 -3 -1
right_child=1 6 3 -5 -6 -7 -8 -9
leaf_value=-0.012678668068190551 0.010757186997303735 -0.0037994884498056916 0.0044821125537068685 -0.0061703044814852151 0.006483091539950029 -0.0064334242898448106 0.001929821699166718 -0.0036800509698371475
leaf_weight=2.0971664758399156 7.3381509631872204 10.760363556444647 4.294846576638526 4.9761599190533152 8.1830760631710273 9.2020368035882694 7.330966427922248 2.2685446543619037
leaf_count=59 109 66 55 44 61 155 37 22
internal_value=-2.21141e-05 0.00207956 -0.00174607 -0.000664045 0.000622324 -0.00295257 -0.00148001 -0.00818985
internal_weight=56.4513 25.4295 31.0218 26.6561 21.68 13.4969 18.0913 4.36571
internal_count=608 212 396 315 271 210 103 81
is_linear=0
shrinkage=0.01


Tree=366
num_leaves=11
num_cat=0
split_feature=5 0 1 0 2 6 6 4 0 4
split_gain=2.04361 1.95215 2.13289 3.27682 3.90736 1.51362 1.95033 1.11563 1.08982 0.903834
threshold=-0.63888888888888873 0.70000000000000007 0.26250000000000007 1.0000000180025095e-35 1.0000000180025095e-35 0.34527687296416948 -0.29055374592833866 0.89552238805970164 -1.0000000180025095e-35 0.2761194029850747
decision_type=2 2 2 2 2 2 2 2 2 2
left_child=8 2 5 4 -4 6 -2 -3 -1 -7
right_child=1 7 3 -5 -6 9 -8 -9 -10 -11
leaf_value=-0.0098840882866879573 -0.00052051366091698315 0.0011001862819344536 0.0099382297545843549 -0.0039249317049782836 -0.00076821052740406765 -0.0028889632730763897 -0.0093687215485734662 0.0081080779527166608 -0.001536855182314466 0.0027151574186810123
leaf_weight=2.7994322320446372 4.637964055873451 4.3287171246483904 7.0356126949191111 6.1425112057477227 6.500898502767086 5.4088166812434775 5.3131203446537301 4.7658006511628628 3.4926733020693055 5.9259284809231758
leaf_count=69 66 46 37 51 54 51 84 61 57 32
internal_value=-2.20637e-05 0.00065659 -0.00027738 0.00209025 0.00482854 -0.00246582 -0.00529099 0.00482078 -0.00534717 3.90542e-05
internal_weight=56.3515 50.0594 40.9649 19.679 13.5365 21.2858 9.95108 9.09452 6.29211 11.3347
internal_count=608 482 375 142 91 233 150 107 126 83
is_linear=0
shrinkage=0.01


Tree=367
num_leaves=8
num_cat=0
split_feature=1 7 2 2 4 3 3
split_gain=2.01691 2.39326 1.67683 2.04904 2.02815 1.61723 1.22502
threshold=1.2125000000000001 -0.38235294117647051 -0.71874999999999989 -1.0000000180025095e-35 1.3507462686567167 0.35714285714285715 0.2142857142857143
decision_type=2 2 2 2 2 2 2
left_child=1 6 -3 5 -5 -4 -1
right_child=-2 2 3 4 -6 -7 -8
leaf_value=-0.011271859803541369 0.0052134181408584022 -0.0050386554353421108 0.0067821350109311144 0.00075421644137411092 -0.0056646940075786578 -7.4977191689402724e-05 -0.0012644780813617271
leaf_weight=2.9145992631092659 6.4101448934525243 5.5902453614398828 7.9015361974015779 18.747499769553549 6.5662489160895339 6.0287250857800245 2.1056462302803993
leaf_count=77 63 66 83 224 32 42 21
internal_value=-2.19888e-05 -0.000704231 3.53768e-05 0.000769134 -0.000926552 0.00383514 -0.00718113
internal_weight=56.2646 49.8545 44.8343 39.244 25.3137 13.9303 5.02025
internal_count=608 545 447 381 256 125 98
is_linear=0
shrinkage=0.01


Tree=368
num_leaves=11
num_cat=0
split_feature=5 0 1 0 2 6 6 4 0 4
split_gain=2.00799 1.91108 2.08322 3.20729 3.83079 1.48354 1.93523 1.11135 1.0781 0.897007
threshold=-0.63888888888888873 0.70000000000000007 0.26250000000000007 1.0000000180025095e-35 1.0000000180025095e-35 0.34527687296416948 -1.0000000180025095e-35 0.89552238805970164 -1.0000000180025095e-35 0.2761194029850747
decision_type=2 2 2 2 2 2 2 2 2 2
left_child=8 2 5 4 -4 6 -2 -3 -1 -7
right_child=1 7 3 -5 -6 9 -8 -9 -10 -11
leaf_value=-0.0098500389212424176 -0.0025543492234616806 0.0010727325623852465 0.0098571549050255336 -0.0038764223536518496 -0.00075569655299147264 -0.0028770739413367338 -0.012546947832646345 0.0080776481975592899 -0.0015285597904969703 0.0027084667689791946
leaf_weight=2.7760560372844338 7.35730483010411 4.3291258104145509 7.0076365135610121 6.149657664820551 6.4966207165271044 5.4024654719978553 2.5686127534136221 4.7320870067924261 3.4909749208018175 5.9216836243867874
leaf_count=69 112 46 37 51 54 51 38 61 57 32
internal_value=-2.19834e-05 0.00065075 -0.000273224 0.00206793 0.0047835 -0.00243807 -0.00523957 0.00477919 -0.00531147 4.18876e-05
internal_weight=56.2322 49.9652 40.904 19.6539 13.5043 21.2501 9.92592 9.06121 6.26703 11.3241
internal_count=608 482 375 142 91 233 150 107 126 83
is_linear=0
shrinkage=0.01


Tree=369
num_leaves=10
num_cat=0
split_feature=5 0 5 7 0 7 4 4 0
split_gain=1.97457 1.8804 2.05892 4.66345 4.66572 3.64793 1.12127 1.10195 1.06843
threshold=-0.63888888888888873 0.70000000000000007 0.51666666666666705 -0.26470588235294112 1.0000000180025095e-35 -0.26470588235294112 0.94776119402985082 0.89552238805970164 -1.0000000180025095e-35
decision_type=2 2 2 2 2 2 2 2 2
left_child=8 2 3 6 -5 -4 -2 -3 -1
right_child=1 7 5 4 -6 -7 -8 -9 -10
leaf_value=-0.0098118270224826897 -0.010632266628597193 0.0010622835954990251 0.0032327415187191851 0.0073308864889921957 -0.0022915317447445337 -0.0072295289769031493 -0.0018296913194790038 0.0080473607980311602 -0.0015142571163629529
leaf_weight=2.7594714313745499 3.0141745181754223 4.3289758171886188 5.2310384083539239 12.72067222744227 8.2391257863491756 8.863531116396187 2.7964096218347549 4.7029208429157734 3.4896599827334276
leaf_count=69 66 46 36 97 81 77 18 61 57
internal_value=-2.20039e-05 0.000645134 -0.000270987 0.00135715 0.00355547 -0.00335116 -0.00649856 0.00474772 -0.0052751
internal_weight=56.146 49.8968 40.865 26.7704 20.9598 14.0946 5.81058 9.0319 6.24913
internal_count=608 482 375 262 178 113 84 107 126
is_linear=0
shrinkage=0.01


Tree=370
num_leaves=9
num_cat=0
split_feature=4 4 2 5 5 3 3 3
split_gain=1.96357 7.8353 2.11341 1.8621 4.49494 3.51166 1.41847 0.835057
threshold=0.98880597014925387 1.0037313432835824 -0.71874999999999989 0.72777777777777797 0.23888888888888918 -1.0714285714285712 1.0714285714285716 1.0000000180025095e-35
decision_type=2 2 2 2 2 2 2 2
left_child=2 -2 7 4 5 -4 -3 -1
right_child=1 6 3 -5 -6 -7 -8 -9
leaf_value=-0.012627953174661489 0.010748783170598193 -0.0038062022313563159 0.0044825183047031347 -0.0061090023293968064 0.0064373244206962343 -0.0064042571799059166 0.0018804164305180615 -0.0036753656676758164
leaf_weight=2.0493071731179979 7.2427984457463053 10.699949339032175 4.2778071723878446 4.9560731500387183 8.1655143927782756 9.1361137414351088 7.3061569556593886 2.2499327324330807
leaf_count=59 109 66 55 44 61 155 37 22
internal_value=-2.20493e-05 0.00204135 -0.00171279 -0.000646003 0.000631057 -0.0029249 -0.00150116 -0.00813282
internal_weight=56.0837 25.2489 30.8347 26.5355 21.5794 13.4139 18.0061 4.29924
internal_count=608 212 396 315 271 210 103 81
is_linear=0
shrinkage=0.01


Tree=371
num_leaves=8
num_cat=0
split_feature=1 7 2 2 4 3 3
split_gain=1.9605 2.3295 1.62577 1.98591 1.96702 1.60197 1.2552
threshold=1.2125000000000001 -0.38235294117647051 -0.71874999999999989 -1.0000000180025095e-35 1.3507462686567167 0.35714285714285715 0.35714285714285715
decision_type=2 2 2 2 2 2 2
left_child=1 6 -3 5 -5 -4 -1
right_child=-2 2 3 4 -6 -7 -8
leaf_value=-0.011230143499373169 0.0051602013953148361 -0.0049784471948926736 0.00671678708632013 0.00074557134846083332 -0.0055767498526173584 -0.00012151103691164599 -0.0010033698932805642
leaf_weight=2.9156265053898087 6.3608910031616679 5.5596924573183051 7.8746173512190527 18.673005865886815 6.5730941742658606 5.9995812671259046 2.0288396757096052
leaf_count=79 63 66 83 224 32 42 19
internal_value=-2.19992e-05 -0.000695298 3.19026e-05 0.000754841 -0.000916021 0.00378001 -0.00713692
internal_weight=55.9853 49.6245 44.68 39.1203 25.2461 13.8742 4.94447
internal_count=608 545 447 381 256 125 98
is_linear=0
shrinkage=0.01


Tree=372
num_leaves=9
num_cat=0
split_feature=4 4 2 5 5 3 3 3
split_gain=1.94662 7.73113 2.05017 1.82474 4.41117 3.44651 1.39728 0.921369
threshold=0.98880597014925387 1.0037313432835824 -0.71874999999999989 0.72777777777777797 0.23888888888888918 -1.0714285714285712 1.0714285714285716 0.35714285714285715
decision_type=2 2 2 2 2 2 2 2
left_child=2 -2 7 4 5 -4 -3 -1
right_child=1 6 3 -5 -6 -7 -8 -9
leaf_value=-0.012547956290905887 0.010739278379525723 -0.0037605375658087904 0.0044148889305575222 -0.0060693293055123819 0.0063571793898873534 -0.0063726078105647999 0.0018847899308318703 -0.0031630821286964153
leaf_weight=2.1435995390638736 7.172017494216564 10.693718269467356 4.2797663826495471 4.9487748285755506 8.1667131371796113 9.1168820103630406 7.3027157336473456 2.128690361045301
leaf_count=61 109 66 55 44 61 155 37 20
internal_value=-2.19901e-05 0.00203648 -0.00170608 -0.000657185 0.000607181 -0.0029192 -0.00147198 -0.00805119
internal_weight=55.9529 25.1685 30.7844 26.5121 21.5634 13.3966 17.9964 4.27229
internal_count=608 212 396 315 271 210 103 81
is_linear=0
shrinkage=0.01


Tree=373
num_leaves=11
num_cat=0
split_feature=5 0 1 0 2 6 6 4 0 4
split_gain=1.92898 1.83112 2.03832 3.10506 3.78167 1.44221 1.89706 1.0906 1.04687 0.879578
threshold=-0.63888888888888873 0.70000000000000007 0.26250000000000007 1.0000000180025095e-35 1.0000000180025095e-35 0.34527687296416948 -1.0000000180025095e-35 0.89552238805970164 -1.0000000180025095e-35 0.2761194029850747
decision_type=2 2 2 2 2 2 2 2 2 2
left_child=8 2 5 4 -4 6 -2 -3 -1 -7
right_child=1 7 3 -5 -6 9 -8 -9 -10 -11
leaf_value=-0.0097672052250570383 -0.0025324440521092046 0.0010425459383077852 0.0097831637243608813 -0.0037979622108833921 -0.00078470307982975217 -0.0028671179050990905 -0.012485617343634582 0.0080112334493494496 -0.0015096520560405403 0.0026753658384284815
leaf_weight=2.7226296160370111 7.2973600244149539 4.3272130554541928 6.9764992035925406 6.144622564315795 6.4668236747384071 5.3806155631318671 2.5332093802280768 4.6468673832714558 3.463041014969348 5.8956774957478046
leaf_count=69 112 46 37 51 54 51 38 61 57 32
internal_value=-2.19321e-05 0.000637365 -0.000267752 0.00205002 0.0047313 -0.00241825 -0.00519715 0.00469952 -0.00524179 2.87492e-05
internal_weight=55.8546 49.6689 40.6948 19.5879 13.4433 21.1069 9.83057 8.97408 6.18567 11.2763
internal_count=608 482 375 142 91 233 150 107 126 83
is_linear=0
shrinkage=0.01


Tree=374
num_leaves=8
num_cat=0
split_feature=1 7 2 2 4 3 3
split_gain=1.90987 2.28833 1.57355 1.9348 1.92427 1.59131 1.23118
threshold=1.2125000000000001 -0.38235294117647051 -0.71874999999999989 -1.0000000180025095e-35 1.3507462686567167 0.35714285714285715 0.35714285714285715
decision_type=2 2 2 2 2 2 2
left_child=1 6 -3 5 -5 -4 -1
right_child=-2 2 3 4 -6 -7 -8
leaf_value=-0.011208007171079568 0.0051098837835004728 -0.004908217411428383 0.0066614337862955118 0.00074089064321615451 -0.0055139788982858451 -0.00016328494500850041 -0.0010287234835086071
leaf_weight=2.8696095105260602 6.3202307149767867 5.5358957927674046 7.8607397330924815 18.612924164161093 6.5759974941611281 5.9769978299736977 2.0173342432826757
leaf_count=79 63 66 83 224 32 42 19
internal_value=-2.19537e-05 -0.000686852 3.19815e-05 0.000743498 -0.000907396 0.00373358 -0.00711088
internal_weight=55.7697 49.4495 44.5626 39.0267 25.1889 13.8377 4.88694
internal_count=608 545 447 381 256 125 98
is_linear=0
shrinkage=0.01


Tree=375
num_leaves=9
num_cat=0
split_feature=4 4 2 5 5 3 3 3
split_gain=1.90072 7.64879 1.99859 1.79185 4.3302 3.39295 1.36945 0.911393
threshold=0.98880597014925387 1.0037313432835824 -0.71874999999999989 0.72777777777777797 0.23888888888888918 -1.0714285714285712 1.0714285714285716 0.35714285714285715
decision_type=2 2 2 2 2 2 2 2
left_child=2 -2 7 4 5 -4 -3 -1
right_child=1 6 3 -5 -6 -7 -8 -9
leaf_value=-0.012506194258277535 0.010730675266698773 -0.0037345737356934104 0.0043753391586006741 -0.0060239642135601328 0.0062948302870254559 -0.0063389529877948192 0.0018602070524864371 -0.0031307946823833561
leaf_weight=2.1094398554414537 7.0948793776333359 10.666503034532072 4.2748245634138646 4.9371354263275853 8.1634379383176547 9.0806297147646529 7.2891395241022101 2.1217487826943398
leaf_count=61 109 66 55 44 61 155 37 20
internal_value=-2.19458e-05 0.00201757 -0.00168798 -0.000654496 0.000599601 -0.00290248 -0.00146563 -0.00798569
internal_weight=55.7377 25.0505 30.6872 26.456 21.5189 13.3555 17.9556 4.23119
internal_count=608 212 396 315 271 210 103 81
is_linear=0
shrinkage=0.01


Tree=376
num_leaves=10
num_cat=0
split_feature=5 0 5 7 0 7 4 4 0
split_gain=1.89042 1.78785 2.01516 4.50474 4.53891 3.58177 1.08267 1.07775 1.03066
threshold=-0.63888888888888873 0.70000000000000007 0.51666666666666705 -0.26470588235294112 1.0000000180025095e-35 -0.26470588235294112 0.89552238805970164 0.94776119402985082 -1.0000000180025095e-35
decision_type=2 2 2 2 2 2 2 2 2
left_child=8 2 3 7 -5 -4 -3 -2 -1
right_child=1 6 5 4 -6 -7 -8 -9 -10
leaf_value=-0.0097282042972646338 -0.010559004926185585 0.0010197037574454382 0.0032348141921371876 0.0072506954863443985 -0.0022669663457374808 -0.0071608904321724129 0.007978017412609421 -0.0018510056941917689 -0.001503655535673024
leaf_weight=2.6934654451906681 2.9415035312995306 4.3266023099422437 5.1941197803243986 12.635461047291761 8.1975787365809065 8.835070535540579 4.6032127626240253 2.7643615454435349 3.4490928715094915
leaf_count=69 66 46 36 97 81 77 61 18 57
internal_value=-2.18877e-05 0.000630913 -0.000264191 0.00135566 0.00351266 -0.00331637 0.00465526 -0.00644472 -0.00520812
internal_weight=55.6405 49.4979 40.5681 26.5389 20.833 14.0292 8.92982 5.70587 6.14256
internal_count=608 482 375 262 178 113 107 84 126
is_linear=0
shrinkage=0.01


Tree=377
num_leaves=8
num_cat=0
split_feature=1 7 2 2 7 3 3
split_gain=1.87136 2.23432 1.52458 1.88643 1.90755 1.57006 1.20753
threshold=1.2125000000000001 -0.38235294117647051 -0.71874999999999989 -1.0000000180025095e-35 0.73529411764705899 0.35714285714285715 0.35714285714285715
decision_type=2 2 2 2 2 2 2
left_child=1 6 -3 5 -5 -4 -1
right_child=-2 2 3 4 -6 -7 -8
leaf_value=-0.01117796672508933 0.0050713913247373609 -0.0048444379648474572 0.006593494833981345 -0.0027217313709492737 0.0032330272141051788 -0.00019394223434768292 -0.0010481235032254695
leaf_weight=2.8189379516988984 6.287662260234355 5.5157746961340299 7.8477803263813204 17.4886953663081 7.6546534830704323 5.9567311210557818 2.0093911495059729
leaf_count=79 63 66 83 167 89 42 19
internal_value=-2.19351e-05 -0.00068059 2.74444e-05 0.000728037 -0.000903236 0.00368434 -0.00706907
internal_weight=55.5796 49.292 44.4636 38.9479 25.1433 13.8045 4.82833
internal_count=608 545 447 381 256 125 98
is_linear=0
shrinkage=0.01


Tree=378
num_leaves=10
num_cat=0
split_feature=4 4 2 1 4 4 3 7 2
split_gain=1.86584 5.80806 2.49836 2.64195 2.64861 3.81921 1.35067 0.689749 0.356931
threshold=0.85074626865671654 1.0037313432835824 -0.71874999999999989 -0.56249999999999989 -0.074626865671641771 1.0000000180025095e-35 1.0714285714285716 -0.088235294117647037 1.0000000180025095e-35
decision_type=2 2 2 2 2 2 2 2 2
left_child=2 8 -1 7 -5 -6 -3 -4 -2
right_child=1 6 3 4 5 -7 -8 -9 -10
leaf_value=-0.0099954074340883377 0.0062665911680404394 -0.0037120826409062081 -0.0034591213337715082 0.005964773230894429 -0.0089302818237418612 0.0017489788464899296 0.001848690397811982 -0.012362432369924733 0.010554136651437509
leaf_weight=3.1956916782073703 4.994620108976962 10.644048407673838 1.6788482144474985 6.3813960272818884 4.8149863509461186 10.432971030473707 7.2796354517340651 1.9780240245163501 4.1347175315022469
leaf_count=75 50 66 47 48 116 60 37 37 72
internal_value=-2.1841e-05 0.00185539 -0.00180515 -0.000734764 0.000607003 -0.00165952 -0.00145587 -0.00847585 0.00830175
internal_weight=55.5349 27.053 28.4819 25.2862 21.6294 15.248 17.9237 3.65687 9.12934
internal_count=608 225 383 308 224 176 103 84 122
is_linear=0
shrinkage=0.01


Tree=379
num_leaves=10
num_cat=0
split_feature=5 0 5 7 0 7 4 4 0
split_gain=1.84978 1.74875 1.97881 4.39997 4.43646 3.50882 1.06644 1.06642 1.0151
threshold=-0.63888888888888873 0.70000000000000007 0.51666666666666705 -0.26470588235294112 1.0000000180025095e-35 -0.26470588235294112 0.94776119402985082 0.89552238805970164 -1.0000000180025095e-35
decision_type=2 2 2 2 2 2 2 2 2
left_child=8 2 3 6 -5 -4 -2 -3 -1
right_child=1 7 5 4 -6 -7 -8 -9 -10
leaf_value=-0.0096867839897007407 -0.010525930871339313 0.0010102796712896801 0.0032064446117295847 0.0071785699623323198 -0.0022413575927227375 -0.0070926889095732741 -0.0018312990367882922 0.007937472212518646 -0.0014934253951760788
leaf_weight=2.6642950586974621 2.903374755755066 4.3135502161458117 5.1814824007451525 12.602204604074364 8.1818914599716646 8.8254596143960935 2.7559513598680496 4.5583353638648987 3.4353523654863229
leaf_count=69 66 46 36 97 81 77 18 61 57
internal_value=-2.18967e-05 0.000624034 -0.000261235 0.00134789 0.00347733 -0.00328709 -0.00639717 0.00461824 -0.00517076
internal_weight=55.4219 49.3222 40.4504 26.4434 20.7841 14.0069 5.65933 8.87189 6.09965
internal_count=608 482 375 262 178 113 84 107 126
is_linear=0
shrinkage=0.01


Tree=380
num_leaves=8
num_cat=0
split_feature=1 7 2 2 7 3 3
split_gain=1.83654 2.18803 1.4757 1.84824 1.86861 1.53607 1.30214
threshold=1.2125000000000001 -0.38235294117647051 -0.71874999999999989 -1.0000000180025095e-35 0.73529411764705899 0.35714285714285715 0.50000000000000011
decision_type=2 2 2 2 2 2 2
left_child=1 6 -3 5 -5 -4 -1
right_child=-2 2 3 4 -6 -7 -8
leaf_value=-0.011174782261061356 0.0050380756381727867 -0.0047782869203231151 0.0065243156107828906 -0.0027030990064318946 0.0032023436541684623 -0.00019784873866367776 -0.00055131124137327485
leaf_weight=2.8694501784630111 6.2528631445020428 5.4951362591236821 7.8288643201813048 17.453259877860553 7.6171411518007508 5.9403951177373528 1.9046716103330252
leaf_count=80 63 66 83 167 89 42 18
internal_value=-2.1944e-05 -0.000675147 2.39655e-05 0.000713927 -0.000903254 0.00364369 -0.00703474
internal_weight=55.3618 49.1089 44.3348 38.8397 25.0704 13.7693 4.77412
internal_count=608 545 447 381 256 125 98
is_linear=0
shrinkage=0.01


Tree=381
num_leaves=10
num_cat=0
split_feature=4 4 2 1 4 4 7 7 2
split_gain=1.83326 5.73991 2.44185 2.5859 2.59096 3.74722 1.37038 0.686027 0.355782
threshold=0.85074626865671654 1.0037313432835824 -0.71874999999999989 -0.56249999999999989 -0.074626865671641771 1.0000000180025095e-35 -1.0000000180025095e-35 -0.088235294117647037 1.0000000180025095e-35
decision_type=2 2 2 2 2 2 2 2 2
left_child=2 8 -1 7 -5 -6 -3 -4 -2
right_child=1 6 3 4 5 -7 -8 -9 -10
leaf_value=-0.009933355579423259 0.0062475375634255918 -0.0046297224928809671 -0.0034069551115920148 0.0058853023768381252 -0.0088956779420489296 0.0017133676820762728 0.00093894413159260101 -0.012315586326882478 0.010545339011059253
leaf_weight=3.1633373126387623 4.9658974707126635 7.6210498698055771 1.6663552587851884 6.3835028111934742 4.7769570266827843 10.41571696475148 10.270228479057549 1.9627126399427712 4.0910350047051907
leaf_count=75 50 44 47 48 116 60 59 37 72
internal_value=-2.18428e-05 0.00184249 -0.00179308 -0.000736234 0.000590087 -0.00165874 -0.00144566 -0.00842608 0.00828283
internal_weight=55.3168 26.9482 28.3686 25.2052 21.5762 15.1927 17.8913 3.62907 9.05693
internal_count=608 225 383 308 224 176 103 84 122
is_linear=0
shrinkage=0.01


Tree=382
num_leaves=11
num_cat=0
split_feature=5 0 1 0 2 6 6 4 0 4
split_gain=1.8127 1.70329 1.94296 2.97457 3.72006 1.3894 1.86815 1.04707 0.997441 0.862273
threshold=-0.63888888888888873 0.70000000000000007 0.26250000000000007 1.0000000180025095e-35 1.0000000180025095e-35 0.34527687296416948 -0.29055374592833866 0.89552238805970164 -1.0000000180025095e-35 0.2761194029850747
decision_type=2 2 2 2 2 2 2 2 2 2
left_child=8 2 5 4 -4 6 -2 -3 -1 -7
right_child=1 7 3 -5 -6 9 -8 -9 -10 -11
leaf_value=-0.0096444290942459942 -0.0003995740132861128 0.0010011420665946822 0.0096814687743310996 -0.0037168518505319675 -0.00084308805342205614 -0.0028453776846266311 -0.0091770866272029763 0.0078883156971039821 -0.0014910126679788176 0.0026609621503491249
leaf_weight=2.6352763650938869 4.5182311087846729 4.3006173595786077 6.920821715146305 6.1230008434504262 6.4099676702171564 5.3374137654900533 5.1570575120858893 4.5085570514202118 3.4213901078328481 5.8625029437243938
leaf_count=69 66 46 37 51 54 51 84 61 57 32
internal_value=-2.19388e-05 0.000617763 -0.000255804 0.00201257 0.00465225 -0.00236924 -0.00512412 0.00457499 -0.00513762 3.49117e-05
internal_weight=55.1948 49.1382 40.329 19.4538 13.3308 20.8752 9.67529 8.80917 6.05667 11.1999
internal_count=608 482 375 142 91 233 150 107 126 83
is_linear=0
shrinkage=0.01


Tree=383
num_leaves=8
num_cat=0
split_feature=1 7 2 2 7 3 3
split_gain=1.79067 2.15365 1.43117 1.8049 1.82109 1.51055 1.28059
threshold=1.2125000000000001 -0.38235294117647051 -0.71874999999999989 -1.0000000180025095e-35 0.73529411764705899 0.35714285714285715 0.50000000000000011
decision_type=2 2 2 2 2 2 2
left_child=1 6 -3 5 -5 -4 -1
right_child=-2 2 3 4 -6 -7 -8
leaf_value=-0.011159708949248065 0.0049926833179099626 -0.0047159005651322876 0.0064652105776789939 -0.0026735523072368068 0.003168813258962623 -0.00021059668503401252 -0.00057514236944659067
leaf_weight=2.8273166068829587 6.2090181056410065 5.4686401914805165 7.805583534762258 17.406823692843325 7.5786877060309044 5.9225233150646091 1.893954664468765
leaf_count=80 63 66 83 167 89 42 18
internal_value=-2.18642e-05 -0.000667423 2.50372e-05 0.000705161 -0.000895859 0.00360447 -0.00701367
internal_weight=55.1125 48.9035 44.1823 38.7136 24.9855 13.7281 4.72127
internal_count=608 545 447 381 256 125 98
is_linear=0
shrinkage=0.01


Tree=384
num_leaves=9
num_cat=0
split_feature=4 4 2 5 5 3 7 3
split_gain=1.78703 7.44409 1.85032 1.72728 4.2669 3.3325 1.33507 0.902784
threshold=0.98880597014925387 1.0037313432835824 -0.71874999999999989 0.72777777777777797 0.23888888888888918 -1.0714285714285712 -1.0000000180025095e-35 0.35714285714285715
decision_type=2 2 2 2 2 2 2 2
left_child=2 -2 7 4 5 -4 -3 -1
right_child=1 6 3 -5 -6 -7 -8 -9
leaf_value=-0.012416849995151618 0.010710159655477959 -0.0046008910432698098 0.0043103088376014263 -0.0059484833381891061 0.0062516213966301842 -0.0063511258294643947 0.00090441446709070453 -0.0029762026735381552
leaf_weight=2.0211442746222046 6.8987252265214947 7.5967334024608162 4.2497014906257453 4.8939128974452606 8.1077179908752424 8.964456760324536 10.237560648471115 2.0981919672340155
leaf_count=61 109 44 55 44 61 155 59 20
internal_value=-2.1765e-05 0.00196895 -0.00164599 -0.000654193 0.000583077 -0.00291576 -0.00145322 -0.00779274
internal_weight=55.0681 24.733 30.3351 26.2158 21.3219 13.2142 17.8343 4.11934
internal_count=608 212 396 315 271 210 103 81
is_linear=0
shrinkage=0.01


Tree=385
num_leaves=9
num_cat=0
split_feature=5 7 5 6 5 6 3 0
split_gain=1.77888 1.65658 1.78643 3.27612 2.01835 1.74289 1.62869 0.978328
threshold=-0.63888888888888873 -0.32352941176470584 0.51666666666666705 1.1986970684039091 0.96111111111111147 0.56677524429967441 0.50000000000000011 -1.0000000180025095e-35
decision_type=2 2 2 2 2 2 2 2
left_child=7 6 3 5 -4 -3 -2 -1
right_child=1 2 4 -5 -6 -7 -8 -9
leaf_value=-0.0096022899723136289 -0.0089649077023380257 0.0026451896993309847 -0.0054227054843803179 0.0099557782149446283 0.0021188675977711095 -0.0040496243009370218 0.00050462776525505443 -0.0014946822300593657
leaf_weight=2.6062728497199714 3.2142711975611737 17.66683118138463 6.7494611684232932 5.1593159716576329 7.2815450709313154 4.8832511100918046 3.9962490359321237 3.4063360197469583
leaf_count=69 61 187 65 32 60 46 31 57
internal_value=-2.17475e-05 0.000612216 0.00137845 0.00284713 -0.00152163 0.00118394 -0.00378154 -0.00510867
internal_weight=54.9635 48.9509 41.7404 27.7094 14.031 22.5501 7.21052 6.01261
internal_count=608 482 390 265 125 233 92 126
is_linear=0
shrinkage=0.01


Tree=386
num_leaves=8
num_cat=0
split_feature=1 7 2 2 4 3 3
split_gain=1.76118 2.09344 1.3905 1.76592 1.79287 1.48689 1.25599
threshold=1.2125000000000001 -0.38235294117647051 -0.71874999999999989 -1.0000000180025095e-35 1.3507462686567167 0.35714285714285715 0.50000000000000011
decision_type=2 2 2 2 2 2 2
left_child=1 6 -3 5 -5 -4 -1
right_child=-2 2 3 4 -6 -7 -8
leaf_value=-0.011123566071211417 0.0049617105782114399 -0.0046643038790221874 0.0063998570888250022 0.00071363174987268136 -0.0053353182457233951 -0.00023058565223947448 -0.00058997495502921961
leaf_weight=2.7747417385689905 6.183068459853529 5.4486532006412736 7.7900129156187123 18.347632949240513 6.5761540010571471 5.9078947911038995 1.8865621201694009
leaf_count=80 63 66 83 224 32 42 18
internal_value=-2.18161e-05 -0.000662992 1.75327e-05 0.000688375 -0.00089733 0.00355921 -0.00696225
internal_weight=54.9147 48.7317 44.0703 38.6217 24.9238 13.6979 4.6613
internal_count=608 545 447 381 256 125 98
is_linear=0
shrinkage=0.01


Tree=387
num_leaves=11
num_cat=0
split_feature=4 4 4 1 7 5 4 3 2 1
split_gain=1.77835 5.06749 2.54095 3.0874 3.05902 2.29065 1.3864 1.34009 0.763229 0.00258855
threshold=0.79104477611940316 1.0037313432835824 0.5223880597014926 0.18750000000000003 0.20588235294117649 0.09444444444444422 0.067164179104477625 1.0714285714285716 -0.18749999999999997 0.58750000000000002
decision_type=2 2 2 2 2 2 2 2 2 2
left_child=2 8 3 4 5 -1 -5 -3 -2 -10
right_child=1 7 -4 6 -6 -7 -8 -9 9 -11
leaf_value=-0.007251539740852209 0.0040554259874197108 -0.0036853137394486936 -0.010396634895152735 -0.00033309701276379591 -0.012324484394573844 0.0021611095403687147 0.0070303230804897943 0.0018686723714180149 0.010740580902986798 0.0081219556970614816
leaf_weight=3.938987699337309 4.1133220009505767 10.542733088135721 2.9745994396507731 4.9571687038987857 3.120455195195972 7.0973731707781553 5.1620709039270878 7.2595572881400576 3.4150419924408197 2.3022422064095736
leaf_count=141 34 66 19 58 66 69 24 37 49 45
internal_value=-2.18042e-05 0.0017626 -0.00183107 -0.000743167 -0.00374733 -0.00123331 0.0034552 -0.00142268 0.00748709 0.00984385
internal_weight=54.8836 27.6329 27.2507 24.2761 14.1568 11.0364 10.1192 17.8023 9.83061 5.71728
internal_count=608 231 377 358 276 210 82 103 128 94
is_linear=0
shrinkage=0.01


Tree=388
num_leaves=9
num_cat=0
split_feature=4 4 2 5 5 3 3 3
split_gain=1.75704 7.27556 1.79838 1.69057 4.16815 3.2903 1.31306 0.8887
threshold=0.98880597014925387 1.0037313432835824 -0.71874999999999989 0.72777777777777797 0.23888888888888918 -1.0714285714285712 1.0714285714285716 0.35714285714285715
decision_type=2 2 2 2 2 2 2 2
left_child=2 -2 7 4 5 -4 -3 -1
right_child=1 6 3 -5 -6 -7 -8 -9
leaf_value=-0.012373159989450204 0.010694030461706416 -0.0036466117922827265 0.0042896658544855741 -0.0059022337985125432 0.006171514185338553 -0.0063279827064244912 0.0018515376345311964 -0.0029593539719041289
leaf_weight=1.9846483888104582 6.7796002775430706 10.549107655882837 4.2328796964138808 4.8807147946208707 8.0956999864429218 8.911888166330753 7.254423525184392 2.0926434695720673
leaf_count=61 109 66 55 44 61 155 37 20
internal_value=-2.16091e-05 0.00195901 -0.00163508 -0.000658168 0.000568845 -0.00290231 -0.00140845 -0.00772809
internal_weight=54.7816 24.5831 30.1985 26.1212 21.2405 13.1448 17.8035 4.07729
internal_count=608 212 396 315 271 210 103 81
is_linear=0
shrinkage=0.01


Tree=389
num_leaves=10
num_cat=0
split_feature=5 0 5 7 0 7 4 4 0
split_gain=1.72865 1.64553 1.90926 4.17063 4.3189 3.45528 1.03365 1.02892 0.96172
threshold=-0.63888888888888873 0.70000000000000007 0.51666666666666705 -0.26470588235294112 1.0000000180025095e-35 -0.26470588235294112 0.94776119402985082 0.89552238805970164 -1.0000000180025095e-35
decision_type=2 2 2 2 2 2 2 2 2
left_child=8 2 3 6 -5 -4 -2 -3 -1
right_child=1 7 5 4 -6 -7 -8 -9 -10
leaf_value=-0.0095496872265301239 -0.010464510691340223 0.00097714375917601045 0.0032414260168590414 0.0070754170043442468 -0.0022624855029257612 -0.007020095268260286 -0.0017989098822608816 0.0078342873810963425 -0.0014694192020276934
leaf_weight=2.5731414030306041 2.8051186189986757 4.2914071511477214 5.1309199873358002 12.481075821444398 8.1052983691915852 8.7761750631034356 2.7110460810363293 4.4350755549967289 3.3787582321092477
leaf_count=69 66 46 36 97 81 77 18 61 57
internal_value=-2.15508e-05 0.000603215 -0.000258328 0.00133554 0.00340572 -0.00323807 -0.00631347 0.00451144 -0.00506278
internal_weight=54.688 48.7361 40.0096 26.1025 20.5864 13.9071 5.51616 8.72648 5.9519
internal_count=608 482 375 262 178 113 84 107 126
is_linear=0
shrinkage=0.01


Tree=390
num_leaves=7
num_cat=0
split_feature=1 7 2 1 4 3
split_gain=1.72368 2.04713 1.34328 1.74665 2.17929 1.22023
threshold=1.2125000000000001 -0.38235294117647051 -0.71874999999999989 0.71250000000000002 0.12686567164179108 0.50000000000000011
decision_type=2 2 2 2 2 2
left_child=1 5 -3 4 -4 -1
right_child=-2 2 3 -5 -6 -7
leaf_value=-0.011092683457431435 0.0049232740169734696 -0.0045986622168523936 -0.0015593120987833131 -0.0035902276005459204 0.0038644183368582862 -0.00064490512262454342
leaf_weight=2.7192177455872288 6.1463152505457392 5.4229157781228414 12.143596375361087 7.599811563268303 18.724250541999936 1.8739250013604758
leaf_count=80 63 66 191 56 134 18
internal_value=-2.16019e-05 -0.000657311 1.38914e-05 0.000674376 0.00173255 -0.00693473
internal_weight=54.63 48.4837 43.8906 38.4677 30.8678 4.59314
internal_count=608 545 447 381 325 98
is_linear=0
shrinkage=0.01


Tree=391
num_leaves=10
num_cat=0
split_feature=1 6 6 4 0 2 1 1 4
split_gain=1.70671 2.10282 2.17785 2.31786 1.9172 1.8279 1.58507 2.6853 0.781194
threshold=0.26250000000000007 0.34527687296416948 0.11856677524429966 0.89552238805970164 -1.0000000180025095e-35 0.43750000000000006 0.5375000000000002 0.93750000000000011 1.5447761194029852
decision_type=2 2 2 2 2 2 2 2 2
left_child=1 2 3 5 -3 -1 -2 -8 -9
right_child=6 4 -4 -5 -6 -7 7 8 -10
leaf_value=-0.0094652299097775783 0.005364259799880017 -0.0024645622029050933 -0.013660822048715904 0.0033227259486527613 0.0048166030990061124 0.0017825476766147406 -0.0039859558203676421 0.0059310415693279083 0.00041605405210041449
leaf_weight=4.9134988607838768 8.2941579706966895 7.8700845763087273 2.1489523681811979 3.8885858692228794 6.5245862156152707 1.9902819301933048 8.5413733851164597 5.839636277407406 4.5536532178521156
leaf_count=145 62 76 37 38 55 33 69 65 28
internal_value=-2.16502e-05 -0.0017835 -0.00469258 -0.00279782 0.000846189 -0.00624347 0.00174719 0.000142911 0.00354173
internal_weight=54.5648 27.336 12.9413 10.7924 14.3947 6.90378 27.2288 18.9347 10.3933
internal_count=608 384 253 216 131 178 224 162 93
is_linear=0
shrinkage=0.01


Tree=392
num_leaves=8
num_cat=0
split_feature=5 0 4 4 4 4 0
split_gain=1.69302 1.61402 1.48984 2.45777 3.29014 1.78836 0.949002
threshold=-0.63888888888888873 0.90000000000000013 1.8507462686567167 0.98880597014925387 1.0037313432835824 0.5223880597014926 -1.0000000180025095e-35
decision_type=2 2 2 2 2 2 2
left_child=6 2 3 5 -5 -2 -1
right_child=1 -3 -4 4 -6 -7 -8
leaf_value=-0.0095192859535507632 0.00040457846141209544 0.0055541230330226178 -0.0038532989726612799 0.010626997298956595 -0.00014143589978091257 -0.0063798228776650503 -0.0014616758612445385
leaf_weight=2.5428551798686385 18.39021114399657 5.6866956092417231 8.2902888730168325 4.9891705233603698 6.4065132141113281 4.8226683139801017 3.3687217384576789
leaf_count=69 221 79 43 74 35 30 57
internal_value=-2.16344e-05 0.000596626 -7.19311e-05 0.000842367 0.00462455 -0.00102626 -0.00502834
internal_weight=54.4971 48.5855 42.8989 34.6086 11.3957 23.2129 5.91158
internal_count=608 482 403 360 109 251 126
is_linear=0
shrinkage=0.01


Tree=393
num_leaves=10
num_cat=0
split_feature=1 6 6 4 0 2 1 1 4
split_gain=1.68554 2.0833 2.14621 2.2587 1.8717 1.8062 1.55427 2.63175 0.761963
threshold=0.26250000000000007 0.34527687296416948 0.11856677524429966 0.89552238805970164 -1.0000000180025095e-35 0.43750000000000006 0.5375000000000002 0.93750000000000011 1.5447761194029852
decision_type=2 2 2 2 2 2 2 2 2
left_child=1 2 3 5 -3 -1 -2 -8 -9
right_child=6 4 -4 -5 -6 -7 7 8 -10
leaf_value=-0.0094302745103792152 0.0053213288735466917 -0.002432333536003532 -0.013618416068283639 0.0032641324812504157 0.0047659449163562637 0.0017578489303690537 -0.0039391368942022203 0.0058836697444251494 0.00043242852573283015
leaf_weight=4.8768715430051106 8.2812824212014693 7.8639064389280975 2.1333215073682359 3.8646700866520405 6.5153153296560031 1.9928042497485874 8.5394139960408229 5.8177262619137746 4.554673358798027
leaf_count=145 62 76 37 38 55 33 69 65 28
internal_value=-2.14831e-05 -0.00177608 -0.004683 -0.00279788 0.000839641 -0.00620609 0.00173665 0.00014722 0.00351694
internal_weight=54.44 27.2469 12.8677 10.7343 14.3792 6.86968 27.1931 18.9118 10.3724
internal_count=608 384 253 216 131 178 224 162 93
is_linear=0
shrinkage=0.01


Tree=394
num_leaves=10
num_cat=0
split_feature=4 4 4 1 4 5 3 7 7
split_gain=1.66823 4.90529 2.48207 3.02985 2.29644 2.00645 2.69303 1.28591 0.527813
threshold=0.79104477611940316 1.0037313432835824 0.5223880597014926 -0.56249999999999989 0.98880597014925387 0.28333333333333349 -1.0714285714285712 -1.0000000180025095e-35 -0.088235294117647037
decision_type=2 2 2 2 2 2 2 2 2
left_child=2 4 3 8 -2 6 -5 -3 -1
right_child=1 7 -4 5 -6 -7 -8 -9 -10
leaf_value=-0.004588310265615762 0.00012632691072469451 -0.0045038156434964397 -0.010258008987303883 0.0053708309856035901 0.010674057146163847 0.0044148810299210464 -0.0051571270506719866 0.00091224643435619491 -0.012171799147733911
leaf_weight=1.9949321299791338 2.9822949916124362 7.5451254136860397 2.964333862066268 3.42199879745022 6.6222100686281919 8.8862847425043565 7.7686744290403986 10.212607100605963 1.9745556730777085
leaf_count=67 19 44 19 48 109 75 127 59 41
internal_value=-2.14697e-05 0.00171574 -0.00178112 -0.000697974 0.00743393 0.000892587 -0.00191872 -0.00140133 -0.00856699
internal_weight=54.373 27.3622 27.0108 24.0464 9.60451 20.077 11.1907 17.7577 3.96949
internal_count=608 231 377 358 128 250 175 103 108
is_linear=0
shrinkage=0.01


Tree=395
num_leaves=8
num_cat=0
split_feature=5 0 4 4 4 5 0
split_gain=1.66627 1.58461 1.44546 2.37165 3.23337 1.78023 0.925346
threshold=-0.63888888888888873 0.90000000000000013 1.8507462686567167 0.98880597014925387 1.0037313432835824 0.72777777777777797 -1.0000000180025095e-35
decision_type=2 2 2 2 2 2 2
left_child=6 2 3 5 -5 -2 -1
right_child=1 -3 -4 4 -6 -7 -8
leaf_value=-0.0094648370529946142 0.00041676871821600363 0.0055174233950642717 -0.0037923572080075848 0.01060512507494729 -0.00013230212960762538 -0.0063935693432158767 -0.0014783411513720689
leaf_weight=2.5191919994540513 18.429020902141932 5.6568778464570633 8.296505603939293 4.889493662863968 6.3985761851072311 4.7445479901507488 3.3527906965464345
leaf_count=69 209 79 43 74 35 42 57
internal_value=-2.15355e-05 0.000592051 -7.0926e-05 0.000833375 0.00457096 -0.000999058 -0.00500581
internal_weight=54.287 48.415 42.7581 34.4616 11.2881 23.1736 5.87198
internal_count=608 482 403 360 109 251 126
is_linear=0
shrinkage=0.01


Tree=396
num_leaves=10
num_cat=0
split_feature=1 6 6 4 0 5 1 1 4
split_gain=1.66583 2.06921 2.1119 2.16847 1.82698 1.79375 1.53374 2.57751 0.735191
threshold=0.26250000000000007 0.34527687296416948 0.11856677524429966 0.89552238805970164 -1.0000000180025095e-35 0.58888888888888913 0.5375000000000002 0.93750000000000011 1.5447761194029852
decision_type=2 2 2 2 2 2 2 2 2
left_child=1 2 3 5 -3 -1 -2 -8 -9
right_child=6 4 -4 -5 -6 -7 7 8 -10
leaf_value=-0.0093326337113694164 0.0052930309617297625 -0.0024015623541491747 -0.013586344523880294 0.0031721548433114718 0.0047211727103643056 0.001912879619850468 -0.0038996859993423363 0.005825369126983255 0.0004629758456983627
leaf_weight=4.882016980089249 8.2593784239143151 7.8415074162185192 2.1146098445169619 3.820890448987484 6.4935445860028249 1.941123987548053 8.524175379425289 5.7796654142439348 4.5568022280931473
leaf_count=153 62 76 37 38 55 25 69 65 28
internal_value=-2.14012e-05 -0.0017719 -0.00468492 -0.00280651 0.000835275 -0.00615196 0.00172748 0.000146389 0.00348846
internal_weight=54.2137 27.0937 12.7586 10.644 14.3351 6.82314 27.12 18.8606 10.3365
internal_count=608 384 253 216 131 178 224 162 93
is_linear=0
shrinkage=0.01


Tree=397
num_leaves=8
num_cat=0
split_feature=5 0 4 4 4 5 0
split_gain=1.63878 1.55297 1.41647 2.32085 3.20768 1.75184 0.913774
threshold=-0.63888888888888873 0.90000000000000013 1.8507462686567167 0.98880597014925387 1.0037313432835824 0.72777777777777797 -1.0000000180025095e-35
decision_type=2 2 2 2 2 2 2
left_child=6 2 3 5 -5 -2 -1
right_child=1 -3 -4 4 -6 -7 -8
leaf_value=-0.0094322562007882922 0.00042182867346273573 0.0054724964103555762 -0.0037502882283301465 0.010593430120168064 -0.00013550380815194676 -0.0063398002488809762 -0.0014736144891920879
leaf_weight=2.4977087597362697 18.397427829448137 5.6358176479116073 8.3043148480355722 4.8357683662325126 6.3940959945321083 4.7361739408224812 3.3457131283357731
leaf_count=69 209 79 43 74 35 42 57
internal_value=-2.13866e-05 0.000587141 -6.94329e-05 0.000828388 0.00453728 -0.000983818 -0.00497692
internal_weight=54.147 48.3036 42.6678 34.3635 11.2299 23.1336 5.84342
internal_count=608 482 403 360 109 251 126
is_linear=0
shrinkage=0.01


Tree=398
num_leaves=10
num_cat=0
split_feature=1 6 6 4 5 0 1 1 4
split_gain=1.6429 2.05096 2.08092 2.11095 1.78467 1.7827 1.50253 2.52618 0.716981
threshold=0.26250000000000007 0.34527687296416948 0.11856677524429966 0.89552238805970164 0.58888888888888913 -1.0000000180025095e-35 0.5375000000000002 0.93750000000000011 1.5447761194029852
decision_type=2 2 2 2 2 2 2 2 2
left_child=1 2 3 4 -1 -3 -2 -8 -9
right_child=6 5 -4 -5 -6 -7 7 8 -10
leaf_value=-0.0093055520773547926 0.0052489339407448335 -0.002368894771159669 -0.013541453212746022 0.003112566852916031 0.0019252304516319131 0.0046721999060386453 -0.0038547550244454548 0.0057787841852663824 0.00047847643505191412
leaf_weight=4.8466887655667978 8.2428970802575368 7.8296151952818036 2.099993286188691 3.7970604952424765 1.9395999992266295 6.4839440509676916 8.5201128441840428 5.7570013981312496 4.5576126873493195
leaf_count=153 62 76 37 38 25 55 69 65 28
internal_value=-2.12524e-05 -0.00176364 -0.00467532 -0.00280578 -0.00611432 0.000830959 0.00171604 0.000150331 0.00346387
internal_weight=54.0745 26.9969 12.6833 10.5833 6.78629 14.3136 27.0776 18.8347 10.3146
internal_count=608 384 253 216 178 131 224 162 93
is_linear=0
shrinkage=0.01


Tree=399
num_leaves=8
num_cat=0
split_feature=1 7 2 2 1 3 3
split_gain=1.61587 1.97142 1.26721 1.77929 1.71487 1.5185 1.17817
threshold=1.2125000000000001 -0.38235294117647051 -0.71874999999999989 -1.0000000180025095e-35 0.71250000000000002 0.35714285714285715 0.50000000000000011
decision_type=2 2 2 2 2 2 2
left_child=1 6 -3 5 -5 -4 -1
right_child=-2 2 3 4 -6 -7 -8
leaf_value=-0.011060808298093409 0.0047970722247731717 -0.0044867328931078136 0.0064495084246279644 0.00039342467200102033 -0.0061381282540918913 -0.00029285418090002169 -0.00067360539230466214
leaf_weight=2.6278748963959506 6.0682477019727221 5.365494731348007 7.6911554867401666 19.62778803054244 4.9516872838139525 5.8326618894934654 1.8436807710677383
leaf_count=80 63 66 83 214 42 42 18
internal_value=-2.12397e-05 -0.000639853 1.70534e-05 0.000661336 -0.000941937 0.0035608 -0.00688645
internal_weight=54.0086 47.9403 43.4688 38.1033 24.5795 13.5238 4.47156
internal_count=608 545 447 381 256 125 98
is_linear=0
shrinkage=0.01


Tree=400
num_leaves=10
num_cat=0
split_feature=1 6 6 4 2 0 1 1 4
split_gain=1.61385 2.01391 2.05622 2.07719 1.78216 1.74667 1.47584 2.45191 0.706321
threshold=0.26250000000000007 0.34527687296416948 0.11856677524429966 0.89552238805970164 0.43750000000000006 -1.0000000180025095e-35 0.5375000000000002 0.93750000000000011 1.5447761194029852
decision_type=2 2 2 2 2 2 2 2 2
left_child=1 2 3 4 -1 -3 -2 -8 -9
right_child=6 5 -4 -5 -6 -7 7 8 -10
leaf_value=-0.0093357746394004629 0.0052050349440942159 -0.002350372216145937 -0.013492751268894203 0.0030862575399050029 0.001831721412517493 0.0046206696143730932 -0.0037926343187861151 0.005721915193913356 0.00045546932558997714
leaf_weight=4.7702164300717431 8.2314284183084983 7.8245794982649386 2.0841940999962381 3.7909650355577469 1.9814339503645895 6.4822977222502214 8.526718921959402 5.7395826764404756 4.5491660684347153
leaf_count=145 62 76 37 38 33 55 69 65 28
internal_value=-2.12545e-05 -0.0017507 -0.00464507 -0.0027856 -0.0060795 0.000818284 0.00170106 0.000148723 0.00342016
internal_weight=53.9806 26.9337 12.6268 10.5426 6.75165 14.3069 27.0469 18.8155 10.2887
internal_count=608 384 253 216 178 131 224 162 93
is_linear=0
shrinkage=0.01


Tree=401
num_leaves=8
num_cat=0
split_feature=5 0 4 4 4 4 0
split_gain=1.61098 1.51165 1.38589 2.26294 3.17692 1.72712 0.898055
threshold=-0.63888888888888873 0.90000000000000013 1.8507462686567167 0.98880597014925387 1.0037313432835824 0.5223880597014926 -1.0000000180025095e-35
decision_type=2 2 2 2 2 2 2
left_child=6 2 3 5 -5 -2 -1
right_child=1 -3 -4 4 -6 -7 -8
leaf_value=-0.0094079888636931473 0.00044787000153569611 0.0054153187247786994 -0.0037047212450821445 0.010580763170623677 -0.00013879223884723574 -0.0062361958769024516 -0.0014828869730141225
leaf_weight=2.4649886623956263 18.246094159781936 5.6057931976392856 8.307284049689768 4.7741356473416072 6.3825023286044598 4.8012150712311259 3.3340368419885626
leaf_count=69 221 79 43 74 35 30 57
internal_value=-2.12445e-05 0.000582287 -6.62399e-05 0.00082568 0.00450155 -0.00096548 -0.00495398
internal_weight=53.916 48.117 42.5112 34.2039 11.1566 23.0473 5.79903
internal_count=608 482 403 360 109 251 126
is_linear=0
shrinkage=0.01


Tree=402
num_leaves=10
num_cat=0
split_feature=1 6 6 4 5 0 1 1 4
split_gain=1.59397 1.99508 2.02663 2.02375 1.7677 1.70518 1.44705 2.40336 0.688698
threshold=0.26250000000000007 0.34527687296416948 0.11856677524429966 0.89552238805970164 0.58888888888888913 -1.0000000180025095e-35 0.5375000000000002 0.93750000000000011 1.5447761194029852
decision_type=2 2 2 2 2 2 2 2 2
left_child=1 2 3 4 -1 -3 -2 -8 -9
right_child=6 5 -4 -5 -6 -7 7 8 -10
leaf_value=-0.0092529952986682134 0.0051631834773776929 -0.002319629419246762 -0.013450843129697521 0.0030293050612490873 0.0019499592396290824 0.0045718098114032844 -0.0037483420498813521 0.0056755357243880814 0.0004709393271849332
leaf_weight=4.7825875259004551 8.2191962245851773 7.8187239789403975 2.0691651874221852 3.7683442551642656 1.9365773834288118 6.473506808280943 8.5242848787456769 5.7191525697708112 4.5499772131443024
leaf_count=153 62 76 37 38 25 55 69 65 28
internal_value=-2.10941e-05 -0.00174336 -0.00463518 -0.00278526 -0.00604287 0.000811849 0.00169085 0.000152958 0.0033963
internal_weight=53.8615 26.8489 12.5567 10.4875 6.71916 14.2922 27.0126 18.7934 10.2691
internal_count=608 384 253 216 178 131 224 162 93
is_linear=0
shrinkage=0.01


Tree=403
num_leaves=9
num_cat=0
split_feature=5 4 4 0 4 1 2 0
split_gain=1.58456 1.4892 4.21579 2.08177 2.29916 1.84 1.63003 0.886854
threshold=-0.63888888888888873 1.0000000180025095e-35 -1.0000000180025095e-35 0.70000000000000007 1.8507462686567167 0.26250000000000007 1.0000000180025095e-35 -1.0000000180025095e-35
decision_type=2 2 2 2 2 2 2 2
left_child=7 2 6 4 5 -3 -2 -1
right_child=1 3 -4 -5 -6 -7 -8 -9
leaf_value=-0.0093753302446182036 -0.0027620086420366459 -0.00060933505657833589 -0.0105582494005467 0.0065501086150961162 -0.0042299277532504391 0.0053462261169977396 0.0057761225074010047 -0.0014780693234000403
leaf_weight=2.4443269623443484 4.2915161810815317 11.111327225342398 4.1028854376636437 6.8407284431159487 7.6079975627362719 9.6009570565074664 4.4700870923697948 3.3271825537085524
leaf_count=69 47 82 126 75 39 79 34 57
internal_value=-2.10837e-05 0.000577307 -0.00232228 0.00164177 0.000437286 0.00216372 0.00161009 -0.0049254
internal_weight=53.797 48.0255 12.8645 35.161 28.3203 20.7123 8.7616 5.77151
internal_count=608 482 207 275 200 161 81 126
is_linear=0
shrinkage=0.01


Tree=404
num_leaves=10
num_cat=0
split_feature=4 4 4 1 4 5 3 3 1
split_gain=1.5598 4.67861 2.47305 2.94041 2.19728 1.94506 2.66705 1.28147 0.552743
threshold=0.79104477611940316 1.0037313432835824 0.5223880597014926 -0.56249999999999989 0.98880597014925387 0.28333333333333349 -1.0714285714285712 1.0714285714285716 -0.88749999999999984
decision_type=2 2 2 2 2 2 2 2 2
left_child=2 4 3 8 -2 6 -5 -3 -1
right_child=1 7 -4 5 -6 -7 -8 -9 -10
leaf_value=-0.0032885213744102428 0.00023094644472178936 -0.003581586437708127 -0.010218258798357367 0.0054335295662369673 0.01064114861087165 0.0043974483583372956 -0.0051103035330155424 0.0018646128190783291 -0.011338550070448492
leaf_weight=1.4506350737065079 2.9634481370449084 10.443130508065225 2.9441099911928168 3.3773496588692122 6.3509163297712803 8.8340571904554945 7.6686790543608332 7.2375999316573134 2.4300390742719236
leaf_count=37 19 66 19 48 109 75 127 37 71
internal_value=-2.11421e-05 0.0016709 -0.00173143 -0.00064144 0.00736668 0.000924972 -0.00186668 -0.00135424 -0.00848758
internal_weight=53.7 26.9951 26.7049 23.7608 9.31436 19.8801 11.046 17.6807 3.88067
internal_count=608 231 377 358 128 250 175 103 108
is_linear=0
shrinkage=0.01


Tree=405
num_leaves=10
num_cat=0
split_feature=5 0 1 0 2 6 6 0 7
split_gain=1.5549 1.475 1.33169 2.74919 3.68635 1.52695 1.58346 0.869141 0.725494
threshold=-0.63888888888888873 0.90000000000000013 0.26250000000000007 1.0000000180025095e-35 1.0000000180025095e-35 0.34527687296416948 -0.052117263843648252 -1.0000000180025095e-35 -0.088235294117647037
decision_type=2 2 2 2 2 2 2 2 2
left_child=7 2 5 4 -4 6 -2 -1 -7
right_child=1 -3 3 -5 -6 8 -8 -9 -10
leaf_value=-0.0093140970897999022 -0.002182913028561868 0.0053689728269912971 0.0095451885655579247 -0.0028697147967550398 -0.0010230218548051557 -0.0020273034615219832 -0.011198359568184366 -0.0014756004918726503 0.0029387990933124183
leaf_weight=2.4277060288004577 6.8964793053455633 5.5548047292977563 6.8274093046784419 8.0663714669644815 6.2708219364285469 5.4735297504812479 2.6537311184220052 3.3166268123313776 6.1363827567547542
leaf_count=69 110 79 37 68 54 49 47 57 38
internal_value=-2.11329e-05 0.000572109 -6.86146e-05 0.00170099 0.00451621 -0.00183826 -0.00477813 -0.00489104 0.000600196
internal_weight=53.6239 47.8795 42.3247 21.1646 13.0982 21.1601 9.55021 5.74433 11.6099
internal_count=608 482 403 159 91 244 157 126 87
is_linear=0
shrinkage=0.01


Tree=406
num_leaves=8
num_cat=0
split_feature=1 7 5 1 4 3 5
split_gain=1.54391 1.90924 1.5797 1.55494 2.24321 1.14624 0.362782
threshold=1.2125000000000001 -0.38235294117647051 -0.63888888888888873 0.81250000000000011 0.12686567164179108 0.50000000000000011 -0.88333333333333319
decision_type=2 2 2 2 2 2 2
left_child=1 5 6 4 -4 -1 -3
right_child=-2 2 3 -5 -6 -7 -8
leaf_value=-0.011040790913484871 0.00471535805577733 -0.002698508811873931 -0.0021866955502131704 -0.0042222029323717523 0.0032585205603164764 -0.00069905869157143837 -0.0089526994127680191
leaf_weight=2.5526729775592676 6.0010032448917618 1.9189890660345557 11.304026602767406 5.578806083649396 22.438175620511174 1.82228974904865 1.9498607963323582
leaf_count=80 63 44 166 39 158 18 40
internal_value=-2.11705e-05 -0.000627392 1.67904e-05 0.000622178 0.00143324 -0.00684506 -0.00599671
internal_weight=53.5658 47.5648 43.1899 39.321 33.7422 4.37496 3.86885
internal_count=608 545 447 363 324 98 84
is_linear=0
shrinkage=0.01


Tree=407
num_leaves=10
num_cat=0
split_feature=1 6 6 4 2 0 1 1 4
split_gain=1.52144 1.94871 1.98873 1.95394 1.75094 1.65629 1.41338 2.34895 0.673486
threshold=0.26250000000000007 0.34527687296416948 0.11856677524429966 0.89552238805970164 0.43750000000000006 -1.0000000180025095e-35 0.5375000000000002 0.93750000000000011 1.5447761194029852
decision_type=2 2 2 2 2 2 2 2 2
left_child=1 2 3 4 -1 -3 -2 -8 -9
right_child=6 5 -4 -5 -6 -7 7 8 -10
leaf_value=-0.0092589885684423983 0.0050967829788965769 -0.0022786176077659002 -0.013392379886774997 0.0029819979126509228 0.0018596633685656276 0.0045316260544987184 -0.0037329258498266238 0.0056158256408814899 0.00045516586515950512
leaf_weight=4.6650255266577023 8.1701654922217148 7.7767660771496594 2.036879103165119 3.7367878183722496 1.973494805395603 6.4379757512360793 8.4858520999550837 5.6697750557214004 4.5358895435929298
leaf_count=145 62 76 37 38 33 55 69 65 28
internal_value=-2.14104e-05 -0.00171215 -0.00459072 -0.00275142 -0.0059751 0.000815909 0.00165468 0.000131006 0.00334885
internal_weight=53.4886 26.6269 12.4122 10.3753 6.63852 14.2147 26.8617 18.6915 10.2057
internal_count=608 384 253 216 178 131 224 162 93
is_linear=0
shrinkage=0.01


Tree=408
num_leaves=8
num_cat=0
split_feature=5 0 4 4 4 5 0
split_gain=1.50625 1.44393 1.33953 2.13431 3.1409 1.73163 0.862297
threshold=-0.63888888888888873 0.90000000000000013 1.8507462686567167 0.98880597014925387 1.0037313432835824 0.72777777777777797 -1.0000000180025095e-35
decision_type=2 2 2 2 2 2 2
left_child=6 2 3 5 -5 -2 -1
right_child=1 -3 -4 4 -6 -7 -8
leaf_value=-0.0092748015397408779 0.00047752168540460309 0.0053202466047882245 -0.003646286893048592 0.010556808608675385 -0.00018710251591592383 -0.006273259067007245 -0.0014349683120602921
leaf_weight=2.3963953107595444 18.183096667286012 5.5278576035052529 8.3058035857975465 4.654071116819976 6.354730274528265 4.6995193623006335 3.30468142684549
leaf_count=69 209 79 43 74 35 42 57
internal_value=-2.14006e-05 0.000562334 -7.20592e-05 0.000812031 0.00440913 -0.000930184 -0.00483344
internal_weight=53.4262 47.7251 42.1972 33.8914 11.0088 22.8826 5.70108
internal_count=608 482 403 360 109 251 126
is_linear=0
shrinkage=0.01


Tree=409
num_leaves=8
num_cat=0
split_feature=1 5 0 4 2 5 6
split_gain=1.50509 1.43107 1.55574 1.69624 1.63587 0.890852 0.686045
threshold=-0.61249999999999993 -0.63888888888888873 0.90000000000000013 1.8507462686567167 0.68750000000000011 -0.90555555555555545 0.34527687296416948
decision_type=2 2 2 2 2 2 2
left_child=6 5 3 4 -3 -2 -1
right_child=1 2 -4 -5 -6 -7 -8
leaf_value=-0.010356393438229123 0.00061728975456939268 0.00031004691772381021 0.0062857792811868768 -0.003607702804407904 0.006066785250526052 -0.007674855634336719 -0.0019583372435515818
leaf_weight=1.7663612039759748 2.1196958087384701 24.835704508703206 4.927765365689992 8.3117265254259092 6.0645189527422181 3.1769835259765378 2.1540658408775926
leaf_count=69 46 240 68 43 57 53 32
internal_value=-2.1264e-05 0.000456357 0.00104853 0.000376044 0.0014558 -0.00440645 -0.00590559
internal_weight=53.3568 49.4364 44.1397 39.2119 30.9002 5.29668 3.92043
internal_count=608 507 408 340 297 99 101
is_linear=0
shrinkage=0.01


Tree=410
num_leaves=8
num_cat=0
split_feature=1 7 2 2 1 3 3
split_gain=1.49826 1.86269 1.19451 1.80098 1.65368 1.52613 1.13645
threshold=1.2125000000000001 -0.38235294117647051 -0.71874999999999989 -1.0000000180025095e-35 0.71250000000000002 0.35714285714285715 0.50000000000000011
decision_type=2 2 2 2 2 2 2
left_child=1 6 -3 5 -5 -4 -1
right_child=-2 2 3 4 -6 -7 -8
leaf_value=-0.011024148395566067 0.0046565499743436772 -0.0043853505540319224 0.0064898262747540058 0.0003451292865733762 -0.0060873193583581798 -0.00030091155574123152 -0.00068026642077460451
leaf_weight=2.5103275924921027 5.9705530013889065 5.2972547421231857 7.6045360378920979 19.409584471955903 4.9300029929727307 5.7865300951525569 1.8142796689644454
leaf_count=80 63 66 83 214 42 42 18
internal_value=-2.12644e-05 -0.000619648 1.56515e-05 0.000643496 -0.000977345 0.00357494 -0.00679809
internal_weight=53.3231 47.3525 43.0279 37.7307 24.3396 13.3911 4.32461
internal_count=608 545 447 381 256 125 98
is_linear=0
shrinkage=0.01


Tree=411
num_leaves=10
num_cat=0
split_feature=1 6 6 4 5 0 1 1 4
split_gain=1.49851 1.92319 1.95914 1.89902 1.74758 1.61782 1.37709 2.27473 0.651175
threshold=0.26250000000000007 0.34527687296416948 0.11856677524429966 0.89552238805970164 0.58888888888888913 -1.0000000180025095e-35 0.5375000000000002 0.93750000000000011 1.5447761194029852
decision_type=2 2 2 2 2 2 2 2 2
left_child=1 2 3 4 -1 -3 -2 -8 -9
right_child=6 5 -4 -5 -6 -7 7 8 -10
leaf_value=-0.0091905210618326936 0.0050463356428305361 -0.0022551396163798757 -0.013353881935444933 0.0029275905358974882 0.0020045611837500653 0.0044828050599524548 -0.0036639247898391271 0.0055489920097859993 0.00046661178772572853
leaf_weight=4.6632480132393557 8.1455173604190367 7.7601239020004869 2.0182354468852273 3.7083158418536186 1.9273528857156632 6.4236545879393798 8.4787482805550116 5.6410796605050546 4.5299626737833023
leaf_count=153 62 76 37 38 25 55 69 65 28
internal_value=-2.12805e-05 -0.00170414 -0.00457836 -0.00274679 -0.00593561 0.000806411 0.00164324 0.000137906 0.00331199
internal_weight=53.2962 26.5009 12.3172 10.2989 6.5906 14.1838 26.7953 18.6498 10.171
internal_count=608 384 253 216 178 131 224 162 93
is_linear=0
shrinkage=0.01


Tree=412
num_leaves=10
num_cat=0
split_feature=4 4 4 1 4 7 2 3 1
split_gain=1.48651 4.57361 2.46353 2.83931 2.15396 1.95318 2.16736 1.24268 0.556148
threshold=0.79104477611940316 1.0037313432835824 0.5223880597014926 -0.56249999999999989 0.98880597014925387 0.79411764705882359 0.68750000000000011 1.0714285714285716 -0.88749999999999984
decision_type=2 2 2 2 2 2 2 2 2
left_child=2 4 3 8 -2 6 -5 -3 -1
right_child=1 7 -4 5 -6 -7 -8 -9 -10
leaf_value=-0.0031667779797209757 0.00025300917293193689 -0.0035470411816411022 -0.010185050471026207 0.00044602499606892363 0.010627059668019983 -0.0056078409969004131 0.0091835777840709835 0.0018269244279691863 -0.011304122723152501
leaf_weight=1.4277886757627132 2.9385246112942713 10.385962005704643 2.9303401783108702 12.561950372066354 6.209519362077117 3.6225096276029936 3.5720950663089743 7.2155879549682131 2.3697776002809467
leaf_count=37 19 66 19 172 109 46 32 37 71
internal_value=-2.12703e-05 0.00163843 -0.00169745 -0.000602921 0.00733349 0.000931444 0.00242518 -0.00134616 -0.00840443
internal_weight=53.2341 26.7496 26.4845 23.5541 9.14804 19.7566 16.134 17.6015 3.79757
internal_count=608 231 377 358 128 250 204 103 108
is_linear=0
shrinkage=0.01


Tree=413
num_leaves=12
num_cat=0
split_feature=1 2 6 6 1 1 6 7 4 4 4
split_gain=1.46607 1.90659 2.07485 1.60224 1.34915 2.22751 1.15031 1.32404 1.03375 0.635467 0.634262
threshold=0.26250000000000007 -0.71874999999999989 0.34527687296416948 0.86644951140065152 0.5375000000000002 0.93750000000000011 -0.23192182410423451 -0.20588235294117643 0.89552238805970164 1.5447761194029852 0.5223880597014926
decision_type=2 2 2 2 2 2 2 2 2 2 2
left_child=1 8 6 -4 -2 -6 7 -3 -1 -7 -8
right_child=4 2 3 -5 5 9 10 -9 -10 -11 -12
leaf_value=-0.012629122318232898 0.0049965124099557766 0.0046727786224018946 0.0070485566910138825 -0.00045790588459064963 -0.0036258093321189623 0.0054979652089395328 -0.011242262767115331 -0.0048506841380556208 -0.0023799398529653045 0.00047265040124750443 -0.0034010297251796892
leaf_weight=2.1062149270437689 8.1325860694050807 2.388617915101352 4.3140815040096623 7.9604254458099604 8.4783252421766537 5.6175480522215349 2.2894533094950011 3.4370299000293016 1.8788335248827932 4.5307392776012421 2.0305214859545231
leaf_count=68 62 42 46 60 69 65 64 69 15 28 20
internal_value=-2.12658e-05 -0.00168975 -0.000542408 0.00221601 0.00162531 0.00013458 -0.00386868 -0.000932937 -0.00797348 0.0032809 -0.00771697
internal_weight=53.1644 26.4052 22.4201 12.2745 26.7592 18.6266 10.1456 5.82565 3.98505 10.1483 4.31997
internal_count=608 384 301 106 224 162 195 111 83 93 84
is_linear=0
shrinkage=0.01


Tree=414
num_leaves=10
num_cat=0
split_feature=4 4 4 1 4 7 2 3 1
split_gain=1.45393 4.50908 2.41557 2.78984 2.14107 1.92107 2.10361 1.21429 0.556817
threshold=0.79104477611940316 1.0037313432835824 0.5223880597014926 -0.56249999999999989 0.98880597014925387 0.79411764705882359 0.68750000000000011 1.0714285714285716 -0.88749999999999984
decision_type=2 2 2 2 2 2 2 2 2
left_child=2 4 3 8 -2 6 -5 -3 -1
right_child=1 7 -4 5 -6 -7 -8 -9 -10
leaf_value=-0.0031194051953925403 0.0002512974233440369 -0.0035085382958987012 -0.010079550061161182 0.00045153199362784398 0.010615850037784764 -0.0055686900596175074 0.0090569331793025429 0.0018049603983429313 -0.011283079382370094
leaf_weight=1.4212384554557504 2.9345713555812853 10.389475129544737 2.9330360256135455 12.547567773610359 6.1453166250139475 3.6157894786447278 3.5764463953673831 7.208002381026744 2.3450703746639254
leaf_count=37 19 66 19 172 109 46 32 37 71
internal_value=-2.14038e-05 0.00162263 -0.00168012 -0.000593798 0.00730531 0.000923196 0.00240434 -0.00133421 -0.00836283
internal_weight=53.1165 26.6774 26.4391 23.5061 9.07989 19.7398 16.124 17.5975 3.76631
internal_count=608 231 377 358 128 250 204 103 108
is_linear=0
shrinkage=0.01


Tree=415
num_leaves=9
num_cat=0
split_feature=5 7 5 6 5 6 0 5
split_gain=1.44793 1.40913 1.71884 3.09138 2.0622 1.82067 0.842712 0.385544
threshold=-0.63888888888888873 -0.32352941176470584 0.51666666666666705 1.1986970684039091 0.96111111111111147 0.56677524429967441 -1.0000000180025095e-35 0.63888888888888895
decision_type=2 2 2 2 2 2 2 2
left_child=6 7 3 5 -4 -3 -1 -2
right_child=1 2 4 -5 -6 -7 -8 -9
leaf_value=-0.0091985582169338328 -0.0056567297398758612 0.0026035770892742687 -0.0055996702125703296 0.0097027031591703488 0.0021129270076675403 -0.004314749743117823 -0.0013981077856332349 -0.00083326274675287371
leaf_weight=2.358958494849503 3.8815182149410239 17.100797927007086 6.6040968261659128 5.0387747511267653 7.0981576479971409 4.7879696469753972 3.2704719342291346 2.9066855423152447
leaf_count=69 70 187 65 32 60 46 57 22
internal_value=-2.1397e-05 0.000551243 0.0012576 0.00272142 -0.00161796 0.00107752 -0.00477031 -0.00363342
internal_weight=53.0474 47.418 40.6298 26.9275 13.7023 21.8888 5.62943 6.7882
internal_count=608 482 390 265 125 233 126 92
is_linear=0
shrinkage=0.01


Tree=416
num_leaves=12
num_cat=0
split_feature=1 2 6 6 1 1 6 7 4 4 4
split_gain=1.43437 1.88879 2.04091 1.58059 1.31961 2.18018 1.13571 1.29913 1.01478 0.644491 0.618296
threshold=0.26250000000000007 -0.71874999999999989 0.34527687296416948 0.86644951140065152 0.5375000000000002 0.93750000000000011 -0.23192182410423451 -0.20588235294117643 0.89552238805970164 0.98880597014925387 1.5447761194029852
decision_type=2 2 2 2 2 2 2 2 2 2 2
left_child=1 8 6 -4 -2 -6 7 -3 -1 -8 -7
right_child=4 2 3 -5 5 10 9 -9 -10 -11 -12
leaf_value=-0.012604734774848542 0.0049457689481072296 0.0046293763273907293 0.007008095064856305 -0.00045565056764438814 -0.0035866683994665183 0.0054452097177925965 -0.011211776579471438 -0.0048171889358228533 -0.0024085067884164497 -0.003281621322629887 0.00048336950330760516
leaf_weight=2.0820033052004905 8.1145092137157935 2.3841374469921019 4.3031524932011944 7.9470728598535061 8.475036524236204 5.5924547985196096 2.2950195441953829 3.4223261279985309 1.8708827644586561 1.9921038299798963 4.5319724678993225
leaf_count=68 62 42 46 60 69 65 65 69 15 19 28
internal_value=-2.14308e-05 -0.00167616 -0.000534426 0.00220166 0.00160763 0.000132611 -0.00384414 -0.000925715 -0.00795741 -0.00768565 0.0032506
internal_weight=53.0107 26.2967 22.3438 12.2502 26.714 18.5995 10.0936 5.80646 3.95289 4.28712 10.1244
internal_count=608 384 301 106 224 162 195 111 83 84 93
is_linear=0
shrinkage=0.01


Tree=417
num_leaves=10
num_cat=0
split_feature=4 4 4 1 4 7 2 3 1
split_gain=1.42772 4.4464 2.36747 2.73779 2.12376 1.89031 2.03958 1.19242 0.554521
threshold=0.79104477611940316 1.0037313432835824 0.5223880597014926 -0.56249999999999989 0.98880597014925387 0.79411764705882359 0.68750000000000011 1.0714285714285716 -0.88749999999999984
decision_type=2 2 2 2 2 2 2 2 2
left_child=2 4 3 8 -2 6 -5 -3 -1
right_child=1 7 -4 5 -6 -7 -8 -9 -10
leaf_value=-0.0030879148483229511 0.000259375283198414 -0.0034759317637140593 -0.0099819540597980965 0.00045450024885435969 0.010605459775609638 -0.0055353806174394983 0.0089310741850382562 0.0017915565657206853 -0.011263992119503945
leaf_weight=1.4135839790105822 2.9295366220176238 10.381536372005941 2.9325495250523081 12.522560318466281 6.0808719880878925 3.6090367799624792 3.5751669108867636 7.2021347396075717 2.3160978648811641
leaf_count=37 19 66 19 172 109 46 32 37 71
internal_value=-2.15672e-05 0.00161031 -0.00166724 -0.000588853 0.00728143 0.000910255 0.00238059 -0.00132048 -0.00832673
internal_weight=52.9631 26.5941 26.369 23.4364 9.01041 19.7068 16.0977 17.5837 3.72968
internal_count=608 231 377 358 128 250 204 103 108
is_linear=0
shrinkage=0.01


Tree=418
num_leaves=9
num_cat=0
split_feature=5 0 5 6 7 7 4 0
split_gain=1.42009 1.42199 1.85318 3.87164 3.39241 2.95074 0.985617 0.828745
threshold=-0.63888888888888873 0.70000000000000007 0.51666666666666705 1.1986970684039091 -0.26470588235294112 -0.26470588235294112 0.89552238805970164 -1.0000000180025095e-35
decision_type=2 2 2 2 2 2 2 2
left_child=7 2 3 5 -4 -2 -3 -1
right_child=1 6 4 -5 -6 -7 -8 -9
leaf_value=-0.0091487712217251712 -0.0077545122264423465 0.00081031493927553682 0.0032645835230485677 0.0089504333251942229 -0.0070094354826504999 0.0013903820111505205 0.0076401179480971174 -0.0013886117066089926
leaf_weight=2.3413866115733981 4.4489149223081759 4.2344968533143383 5.0224273912608615 5.1887318938970557 8.5965273603796941 15.637566154822713 4.170864749699831 3.2536326684057704
leaf_count=69 77 46 36 31 77 154 61 57
internal_value=-2.15581e-05 0.000545367 -0.000263939 0.00133765 -0.00322438 -0.000663483 0.00424935 -0.00473968
internal_weight=52.8945 47.2995 38.8942 25.2752 13.619 20.0865 8.40536 5.59502
internal_count=608 482 375 262 113 231 107 126
is_linear=0
shrinkage=0.01


Tree=419
num_leaves=8
num_cat=0
split_feature=1 7 5 1 4 3 5
split_gain=1.40669 1.80247 1.47441 1.50747 2.17444 1.09079 0.364933
threshold=1.2125000000000001 -0.38235294117647051 -0.63888888888888873 0.81250000000000011 0.12686567164179108 0.50000000000000011 -0.88333333333333319
decision_type=2 2 2 2 2 2 2
left_child=1 5 6 4 -4 -1 -3
right_child=-2 2 3 -5 -6 -7 -8
leaf_value=-0.0109849106949326 0.0045366976854751126 -0.0025379399523781784 -0.002173406715679318 -0.0041662586196445986 0.0032157423047768849 -0.00073233443773520275 -0.0088779745839832076
leaf_weight=2.4310279581695786 5.9043161217123261 1.8730784575454893 11.188487930223344 5.5744027420878401 22.192491184920073 1.7845291635021565 1.8930190699174989
leaf_count=80 63 44 166 39 158 18 40
internal_value=-2.1412e-05 -0.000603213 1.89128e-05 0.000602002 0.00140833 -0.00676233 -0.00587195
internal_weight=52.8414 46.937 42.7215 38.9554 33.381 4.21556 3.7661
internal_count=608 545 447 363 324 98 84
is_linear=0
shrinkage=0.01


Tree=420
num_leaves=12
num_cat=0
split_feature=1 2 6 6 1 1 6 7 4 4 4
split_gain=1.39388 1.86823 2.00382 1.55715 1.29275 2.13582 1.12505 1.27736 0.995958 0.632576 0.605041
threshold=0.26250000000000007 -0.71874999999999989 0.34527687296416948 0.86644951140065152 0.5375000000000002 0.93750000000000011 -0.23192182410423451 -0.20588235294117643 0.89552238805970164 0.98880597014925387 1.5447761194029852
decision_type=2 2 2 2 2 2 2 2 2 2 2
left_child=1 8 6 -4 -2 -6 7 -3 -1 -8 -7
right_child=4 2 3 -5 5 10 9 -9 -10 -11 -12
leaf_value=-0.012593045434216703 0.0048949015512484966 0.0046044822222734792 0.006975363869850662 -0.0004491440580716541 -0.0035596170467486667 0.0053954311688336901 -0.011191561354346546 -0.0047837173532365067 -0.0024355698302826103 -0.0032963051294020575 0.00047880847354024207
leaf_weight=2.0496441093273492 8.0879451893270033 2.3762779179960516 4.2801280030980688 7.9243999142199755 8.458831902593376 5.5632986705750209 2.2612255797721437 3.3997756950557232 1.8591121137142179 1.9836327545344827 4.5232136696577072
leaf_count=68 62 42 46 60 69 65 65 69 15 19 28
internal_value=-2.16523e-05 -0.00165918 -0.000523402 0.00219016 0.00158539 0.000123538 -0.00381725 -0.000908766 -0.00794314 -0.00766287 0.00321696
internal_weight=52.7675 26.1342 22.2254 12.2045 26.6333 18.5453 10.0209 5.77605 3.90876 4.24486 10.0865
internal_count=608 384 301 106 224 162 195 111 83 84 93
is_linear=0
shrinkage=0.01


Tree=421
num_leaves=10
num_cat=0
split_feature=4 4 4 1 4 7 2 3 1
split_gain=1.37514 4.39184 2.33354 2.67963 2.10571 1.86379 1.96823 1.1731 0.554296
threshold=0.79104477611940316 1.0037313432835824 0.5223880597014926 -0.56249999999999989 0.98880597014925387 0.79411764705882359 0.68750000000000011 1.0714285714285716 -0.88749999999999984
decision_type=2 2 2 2 2 2 2 2 2
left_child=2 4 3 8 -2 6 -5 -3 -1
right_child=1 7 -4 5 -6 -7 -8 -9 -10
leaf_value=-0.0030276284543095128 0.00025632245875680659 -0.0034660381977337667 -0.0098924067609613316 0.00047877050884699855 0.010595338901375713 -0.0054962593415958851 0.0088118257128927732 0.0017643670931816458 -0.011238103974296625
leaf_weight=1.4029368273913863 2.9159599617123622 10.35340951010585 2.9326701983809462 12.473709797486668 6.0040175206959248 3.5964241521432987 3.5728424526751033 7.1889190562069407 2.279730777256197
leaf_count=37 19 66 19 172 109 46 32 37 71
internal_value=-2.17895e-05 0.00158403 -0.00163996 -0.000564601 0.0072558 0.000915154 0.00237725 -0.00132475 -0.008273
internal_weight=52.7206 26.4623 26.2583 23.3256 8.91998 19.643 16.0466 17.5423 3.68267
internal_count=608 231 377 358 128 250 204 103 108
is_linear=0
shrinkage=0.01


Tree=422
num_leaves=9
num_cat=0
split_feature=5 0 5 6 7 7 4 0
split_gain=1.37024 1.40758 1.83126 3.80485 3.31478 2.88787 0.959759 0.819046
threshold=-0.63888888888888873 0.70000000000000007 0.51666666666666705 1.1986970684039091 -0.26470588235294112 -0.26470588235294112 0.89552238805970164 -1.0000000180025095e-35
decision_type=2 2 2 2 2 2 2 2
left_child=7 2 3 5 -4 -2 -3 -1
right_child=1 6 4 -5 -6 -7 -8 -9
leaf_value=-0.0090919222772493872 -0.0077173356693787248 0.00084096563102321767 0.0032079675419921985 0.0088858696746016343 -0.0069614730808839898 0.0013663421012051443 0.0076002382963162056 -0.0013413747370514516
leaf_weight=2.3127857195213437 4.4055324229411772 4.2289959881454688 5.0077942265197626 5.1689200568944207 8.5770545750856382 15.591080033220356 4.1298103295266628 3.2310959026217452
leaf_count=69 77 46 36 31 77 154 61 57
internal_value=-2.17776e-05 0.000534986 -0.000271087 0.00132543 -0.00321666 -0.000663362 0.00423087 -0.00467854
internal_weight=52.6531 47.1092 38.7504 25.1655 13.5848 19.9966 8.35881 5.54388
internal_count=608 482 375 262 113 231 107 126
is_linear=0
shrinkage=0.01


Tree=423
num_leaves=8
num_cat=0
split_feature=1 7 5 1 4 3 5
split_gain=1.35985 1.76589 1.43054 1.47688 2.1277 1.06958 0.364202
threshold=1.2125000000000001 -0.38235294117647051 -0.63888888888888873 0.81250000000000011 0.12686567164179108 0.50000000000000011 -0.88333333333333319
decision_type=2 2 2 2 2 2 2
left_child=1 5 6 4 -4 -1 -3
right_child=-2 2 3 -5 -6 -7 -8
leaf_value=-0.010959920403183322 0.0044731602671013223 -0.0024718108766169865 -0.0021557274501663938 -0.0041239826204438751 0.0031851668521489331 -0.0007530786879507849 -0.0088287977655491859
leaf_weight=2.3893659557215861 5.8699614685028783 1.8574474761262538 11.144845268689094 5.5762275569140902 22.115437058731914 1.7740204604342578 1.8732994152232993
leaf_count=80 63 44 166 39 158 18 40
internal_value=-2.16289e-05 -0.000594578 1.99236e-05 0.00059354 0.00139444 -0.00673046 -0.00581096
internal_weight=52.6006 46.7306 42.5673 38.8365 33.2603 4.16339 3.73075
internal_count=608 545 447 363 324 98 84
is_linear=0
shrinkage=0.01


Tree=424
num_leaves=12
num_cat=0
split_feature=1 2 6 1 1 2 6 7 4 4 4
split_gain=1.35494 1.848 1.96752 1.26645 2.0927 1.21113 1.11441 1.25589 0.977619 0.621057 0.59196
threshold=0.26250000000000007 -0.71874999999999989 0.34527687296416948 0.5375000000000002 0.93750000000000011 -1.0000000180025095e-35 -0.23192182410423451 -0.20588235294117643 0.89552238805970164 0.98880597014925387 1.5447761194029852
decision_type=2 2 2 2 2 2 2 2 2 2 2
left_child=1 8 6 -2 -5 -4 7 -3 -1 -8 -6
right_child=3 2 5 4 10 -7 9 -9 -10 -11 -12
leaf_value=-0.012581586502418226 0.0048448258214674666 0.0045792905125170407 0.0055095170692136645 -0.003532788603799479 0.0053462066924062357 -0.00077682008510161652 -0.011171535934044305 -0.0047505009725944871 -0.0024622501254563775 -0.0033101417146320427 0.00047494553656763776
leaf_weight=2.0179618168622286 8.0615120735019463 2.3685010671615627 5.6759159220382571 8.4427375961095112 5.5347611121833307 6.4835226349532586 2.2281239544972768 3.3775230459868908 1.847516596317291 1.9752940982580183 4.5146132856607437
leaf_count=68 62 42 44 69 65 62 65 69 15 19 28
internal_value=-2.18671e-05 -0.00164255 -0.000512675 0.00156368 0.00011492 0.00217859 -0.00379068 -0.000892229 -0.00792908 -0.00764003 0.00318407
internal_weight=52.528 25.9744 22.1089 26.5536 18.4921 12.1594 9.94944 5.74602 3.86548 4.20342 10.0494
internal_count=608 384 301 224 162 106 195 111 83 84 93
is_linear=0
shrinkage=0.01


Tree=425
num_leaves=12
num_cat=0
split_feature=1 2 6 1 1 2 6 7 4 4 4
split_gain=1.33025 1.82211 1.932 1.24285 2.05213 1.18712 1.10064 1.23193 0.975719 0.622342 0.582261
threshold=0.26250000000000007 -0.71874999999999989 0.34527687296416948 0.5375000000000002 0.93750000000000011 -1.0000000180025095e-35 -0.23192182410423451 -0.20588235294117643 0.89552238805970164 0.98880597014925387 1.5447761194029852
decision_type=2 2 2 2 2 2 2 2 2 2 2
left_child=1 8 6 -2 -5 -4 7 -3 -1 -8 -6
right_child=3 2 5 4 10 -7 9 -9 -10 -11 -12
leaf_value=-0.012562808016180817 0.0048012652954995119 0.0045285178924931732 0.0054541597061892886 -0.0034954130313321181 0.0053039798583251595 -0.00076915106212155999 -0.011154168677247807 -0.0047101524753478128 -0.002437735488431762 -0.0032758921912610832 0.0004704108385967098
leaf_weight=2.0010028849355908 8.0542496629059332 2.3722080560401109 5.6771972635760903 8.4487225972116011 5.523888008669017 6.4836808694526535 2.2095261709764591 3.3732694247737527 1.8484359830617902 1.9770232774317262 4.5135225504636765
leaf_count=68 62 42 44 69 65 62 65 69 15 19 28
internal_value=-2.20387e-05 -0.00162917 -0.000508416 0.0015491 0.000113952 0.00215693 -0.00376087 -0.000883451 -0.00788574 -0.00759701 0.00315655
internal_weight=52.4827 25.9423 22.0929 26.5404 18.4861 12.1609 9.93203 5.74548 3.84944 4.18655 10.0374
internal_count=608 384 301 224 162 106 195 111 83 84 93
is_linear=0
shrinkage=0.01


Tree=426
num_leaves=10
num_cat=0
split_feature=4 4 4 7 7 4 4 4 3
split_gain=1.33251 5.20887 2.55557 2.61102 2.09993 2.07143 3.31921 1.80586 1.54503
threshold=1.0000000180025095e-35 -1.0000000180025095e-35 -0.26119402985074619 -0.088235294117647037 0.67647058823529427 1.8507462686567167 0.85074626865671654 1.0037313432835824 0.2142857142857143
decision_type=2 2 2 2 2 2 2 2 2
left_child=1 2 3 -1 5 6 -2 -8 -6
right_child=4 -3 -4 -5 8 -7 7 -9 -10
leaf_value=0.0039634283417092084 -0.0035067694911926511 -0.010544993537722232 0.0082086926946633911 -0.0091487449684480148 0.0090886560695376799 -0.004937791662908763 0.0084548653917185419 0.00066491356223947345 0.001174490184440824
leaf_weight=3.1177280824631453 8.5691766096279078 5.173272900748997 3.7032262296415848 2.7867014883086085 4.5953574702143651 7.3789904415607444 5.961414745077489 5.8823742754757404 5.2696183323860168
leaf_count=58 63 186 25 32 29 41 75 36 63
internal_value=-2.2209e-05 -0.00255653 0.0018092 -0.0022744 0.000976688 -0.000433971 0.00121023 0.00462384 0.00491532
internal_weight=52.4379 14.7809 9.60766 5.90443 37.6569 27.792 20.413 11.8438 9.86498
internal_count=608 301 115 90 307 215 174 111 92
is_linear=0
shrinkage=0.01


Tree=427
num_leaves=7
num_cat=0
split_feature=5 0 4 2 1 0
split_gain=1.3177 1.38611 1.21238 1.94742 2.54255 0.814887
threshold=-0.63888888888888873 0.90000000000000013 1.8507462686567167 0.56250000000000011 0.16250000000000001 -1.0000000180025095e-35
decision_type=2 2 2 2 2 2
left_child=5 2 3 4 -2 -1
right_child=1 -3 -4 -5 -6 -7
leaf_value=-0.0090530096052965255 -0.0032826898721129965 0.005250352521619912 -0.0034993879081227182 0.0053293704321187964 0.0029905764817524179 -0.0012775655084473817
leaf_weight=2.2793792951852083 14.568772311788054 5.3807558566331855 8.2819967530667764 7.1760321268811813 11.448292095214127 3.1997762871906152
leaf_count=69 191 79 43 71 98 57
internal_value=-2.19794e-05 0.000523976 -0.000100353 0.000755703 -0.000521382 -0.00461651
internal_weight=52.335 46.8558 41.4751 33.1931 26.0171 5.47916
internal_count=608 482 403 360 289 126
is_linear=0
shrinkage=0.01


Tree=428
num_leaves=10
num_cat=0
split_feature=4 4 4 1 4 7 2 7 8
split_gain=1.31497 4.2776 2.31881 2.59752 2.09168 1.84428 1.87515 1.16853 0.617145
threshold=0.79104477611940316 1.0037313432835824 0.5223880597014926 -0.56249999999999989 0.98880597014925387 0.79411764705882359 0.68750000000000011 -1.0000000180025095e-35 1.0000000180025095e-35
decision_type=2 2 2 2 2 2 2 2 2
left_child=2 4 3 8 -2 6 -5 -3 -1
right_child=1 7 -4 5 -6 -7 -8 -9 -10
leaf_value=-0.011256909950717684 0.00021476475289662741 -0.0043046366280886936 -0.0098500092641347521 0.0005166077465727899 0.010580406346382852 -0.0054826515768705139 0.0086668773639356159 0.00090213808447882381 -0.0025108333065093601
leaf_weight=2.2860693959519329 2.8907627277076262 7.3860910311341312 2.9215730298310509 12.376286006998273 5.8877746183425188 3.5658830348402253 3.5625270549207917 10.095074035227297 1.3255858221091332
leaf_count=75 19 44 19 172 109 46 32 59 33
internal_value=-2.18441e-05 0.00155419 -0.00161116 -0.000531949 0.00720788 0.0009227 0.00238098 -0.00130978 -0.00820097
internal_weight=52.2976 26.2597 26.0379 23.1164 8.77854 19.5047 15.9388 17.4812 3.61166
internal_count=608 231 377 358 128 250 204 103 108
is_linear=0
shrinkage=0.01


Tree=429
num_leaves=10
num_cat=0
split_feature=4 4 4 7 7 1 4 4 3
split_gain=1.30025 5.16406 2.48434 2.57728 2.04796 2.03073 2.10467 5.89761 1.53754
threshold=1.0000000180025095e-35 -1.0000000180025095e-35 -0.26119402985074619 -0.088235294117647037 0.67647058823529427 0.96250000000000002 0.85074626865671654 1.4104477611940303 0.2142857142857143
decision_type=2 2 2 2 2 2 2 2 2
left_child=1 2 3 -1 5 6 -2 -8 -6
right_child=4 -3 -4 -5 8 -7 7 -9 -10
leaf_value=0.003959323829134706 -0.0060822789614925479 -0.010537140211473546 0.0081101627283301884 -0.0090932546415117832 0.0090438759176803604 0.00488550205563638 0.0062446848491683419 -0.0064095483771103657 0.001129030800019815
leaf_weight=3.1147070485167205 7.4563049236312571 5.1206417749635866 3.7058143587782961 2.767623302526772 4.5675669927149993 5.6214845068752757 7.8907574787735921 6.7323066852986813 5.2455757614225149
leaf_count=58 56 186 25 32 29 46 74 39 63
internal_value=-2.18657e-05 -0.0025318 0.00180817 -0.00223123 0.000966362 -0.000428025 -0.0017968 0.000414843 0.0048671
internal_weight=52.2228 14.7088 9.58814 5.88233 37.514 27.7009 22.0794 14.6231 9.81314
internal_count=608 301 115 90 307 215 169 113 92
is_linear=0
shrinkage=0.01


end of trees

feature_importances:
Insulin=1132
Glucose=625
BMI=450
DiabetesPedigreeFunction=415
Age=325
SkinThickness=275
BloodPressure=252
Pregnancies=218
NewBMI_Obesity_2=11
NewBMI_Obesity_1=6
NewInsulinScore_Normal=3
NewGlucose_Secret=2

parameters:
[boosting: gbdt]
[objective: binary]
[metric: binary_logloss]
[tree_learner: serial]
[device_type: cpu]
[data_sample_strategy: bagging]
[data: ]
[valid: ]
[num_iterations: 2000]
[learning_rate: 0.01]
[num_leaves: 63]
[num_threads: 10]
[seed: 12345]
[deterministic: 0]
[force_col_wise: 0]
[force_row_wise: 0]
[histogram_pool_size: -1]
[max_depth: 5]
[min_data_in_leaf: 40]
[min_sum_hessian_in_leaf: 0.001]
[bagging_fraction: 0.8]
[pos_bagging_fraction: 1]
[neg_bagging_fraction: 1]
[bagging_freq: 0]
[bagging_seed: 19164]
[bagging_by_query: 0]
[feature_fraction: 1]
[feature_fraction_bynode: 1]
[feature_fraction_seed: 22125]
[extra_trees: 0]
[extra_seed: 23405]
[early_stopping_round: 20]
[early_stopping_min_delta: 0]
[first_metric_only: 0]
[max_delta_step: 0]
[lambda_l1: 0]
[lambda_l2: 0.1]
[linear_lambda: 0]
[min_gain_to_split: 0]
[drop_rate: 0.1]
[max_drop: 50]
[skip_drop: 0.5]
[xgboost_dart_mode: 0]
[uniform_drop: 0]
[drop_seed: 25795]
[top_rate: 0.2]
[other_rate: 0.1]
[min_data_per_group: 100]
[max_cat_threshold: 32]
[cat_l2: 10]
[cat_smooth: 10]
[max_cat_to_onehot: 4]
[top_k: 20]
[monotone_constraints: ]
[monotone_constraints_method: basic]
[monotone_penalty: 0]
[feature_contri: ]
[forcedsplits_filename: ]
[refit_decay_rate: 0.9]
[cegb_tradeoff: 1]
[cegb_penalty_split: 0]
[cegb_penalty_feature_lazy: ]
[cegb_penalty_feature_coupled: ]
[path_smooth: 0]
[interaction_constraints: ]
[verbosity: 10]
[saved_feature_importance_type: 0]
[use_quantized_grad: 0]
[num_grad_quant_bins: 4]
[quant_train_renew_leaf: 0]
[stochastic_rounding: 1]
[linear_tree: 0]
[max_bin: 255]
[max_bin_by_feature: ]
[min_data_in_bin: 3]
[bin_construct_sample_cnt: 200000]
[data_random_seed: 7584]
[is_enable_sparse: 1]
[enable_bundle: 1]
[use_missing: 1]
[zero_as_missing: 0]
[feature_pre_filter: 1]
[pre_partition: 0]
[two_round: 0]
[header: 0]
[label_column: ]
[weight_column: ]
[group_column: ]
[ignore_column: ]
[categorical_feature: ]
[forcedbins_filename: ]
[precise_float_parser: 0]
[parser_config_file: ]
[objective_seed: 5828]
[num_class: 1]
[is_unbalance: 0]
[scale_pos_weight: 1]
[sigmoid: 1]
[boost_from_average: 1]
[reg_sqrt: 0]
[alpha: 0.9]
[fair_c: 1]
[poisson_max_delta_step: 0.7]
[tweedie_variance_power: 1.5]
[lambdarank_truncation_level: 30]
[lambdarank_norm: 1]
[label_gain: ]
[lambdarank_position_bias_regularization: 0]
[eval_at: ]
[multi_error_top_k: 1]
[auc_mu_weights: ]
[num_machines: 1]
[local_listen_port: 12400]
[time_out: 120]
[machine_list_filename: ]
[machines: ]
[gpu_platform_id: -1]
[gpu_device_id: -1]
[gpu_use_dp: 0]
[num_gpu: 1]

end of parameters

pandas_categorical:[]
